{
  "archetype": "shape_niceness",
  "per_catchment_npi": {
    "0": {
      "A": 6.550339637887933,
      "P": 13.668341708542714,
      "NPI": 1.506534168989998,
      "n_cells": 2594
    },
    "2": {
      "A": 4.153935506679125,
      "P": 12.964824120603016,
      "NPI": 1.7944519048713254,
      "n_cells": 1645
    },
    "4": {
      "A": 2.2347920507057903,
      "P": 7.7386934673366845,
      "NPI": 1.4603069544919345,
      "n_cells": 885
    },
    "5": {
      "A": 4.636246559430318,
      "P": 11.457286432160805,
      "NPI": 1.5010445311701621,
      "n_cells": 1836
    },
    "6": {
      "A": 6.901340875230424,
      "P": 13.5678391959799,
      "NPI": 1.4569311078742497,
      "n_cells": 2733
    },
    "9": {
      "A": 4.878664680184844,
      "P": 11.457286432160805,
      "NPI": 1.46327635175197,
      "n_cells": 1932
    },
    "12": {
      "A": 4.8988661902477215,
      "P": 11.859296482412061,
      "NPI": 1.5114932289106808,
      "n_cells": 1940
    },
    "13": {
      "A": 2.3938789424509483,
      "P": 9.34673366834171,
      "NPI": 1.7041344009625203,
      "n_cells": 948
    },
    "14": {
      "A": 5.656422817605617,
      "P": 13.5678391959799,
      "NPI": 1.6092918911550242,
      "n_cells": 2240
    },
    "16": {
      "A": 5.610969419964143,
      "P": 11.658291457286433,
      "NPI": 1.3883885569604062,
      "n_cells": 2222
    },
    "19": {
      "A": 10.383576172318882,
      "P": 16.180904522613066,
      "NPI": 1.4165254663546416,
      "n_cells": 4112
    },
    "20": {
      "A": 4.527663442842353,
      "P": 13.065326633165832,
      "NPI": 1.7321211759772637,
      "n_cells": 1793
    },
    "21": {
      "A": 8.406353374914776,
      "P": 13.266331658291458,
      "NPI": 1.2907498917016094,
      "n_cells": 3329
    },
    "22": {
      "A": 7.593242594883969,
      "P": 14.57286432160804,
      "NPI": 1.4918540988145312,
      "n_cells": 3007
    },
    "31": {
      "A": 2.808009898739931,
      "P": 10.35175879396985,
      "NPI": 1.742648892961557,
      "n_cells": 1112
    },
    "34": {
      "A": 7.211939092447161,
      "P": 16.28140703517588,
      "NPI": 1.7102554247830328,
      "n_cells": 2856
    },
    "36": {
      "A": 5.949344713517336,
      "P": 12.663316582914575,
      "NPI": 1.4645626883201233,
      "n_cells": 2356
    },
    "38": {
      "A": 6.211964344334739,
      "P": 12.663316582914574,
      "NPI": 1.433270146988884,
      "n_cells": 2460
    }
  },
  "mean_npi_baseline": 1.5376578268355507,
  "max_npi_baseline": 1.7944519048713254,
  "p90_npi_baseline": 1.7352794910725517,
  "n_catchments_baseline": 18,
  "worst_catchment_site": 2,
  "worst_catchment_npi": 1.7944519048713254,
  "min_mean_npi_threshold": 1.2,
  "min_max_npi_threshold": 1.45,
  "base_seed": 7940,
  "attempt": 0,
  "uncapacitated": true,
  "pair_id": "shape_niceness_med_20",
  "difficulty": "med",
  "tier_kwargs": {
    "min_mean_npi": 1.2,
    "min_max_npi": 1.45
  },
  "per_catchment_solidity": {
    "0": {
      "A": 6.550339637887933,
      "A_hull": 7.317997020277267,
      "solidity": 0.8951000690131125
    },
    "2": {
      "A": 4.153935506679125,
      "A_hull": 4.845837226332668,
      "solidity": 0.8572173006774364
    },
    "4": {
      "A": 2.2347920507057903,
      "A_hull": 2.185550869927527,
      "solidity": 1.0
    },
    "5": {
      "A": 4.636246559430318,
      "A_hull": 5.206939218706602,
      "solidity": 0.890397672162948
    },
    "6": {
      "A": 6.901340875230424,
      "A_hull": 7.4089038155602145,
      "solidity": 0.9314928425357872
    },
    "9": {
      "A": 4.878664680184844,
      "A_hull": 4.9834600136360185,
      "solidity": 0.9789713706612619
    },
    "12": {
      "A": 4.8988661902477215,
      "A_hull": 5.646322062574179,
      "solidity": 0.8676207513416814
    },
    "13": {
      "A": 2.3938789424509483,
      "A_hull": 2.492361304007476,
      "solidity": 0.9604863221884494
    },
    "14": {
      "A": 5.656422817605617,
      "A_hull": 6.598318224287263,
      "solidity": 0.8572522005357831
    },
    "16": {
      "A": 5.610969419964143,
      "A_hull": 5.5364763516072815,
      "solidity": 1.0
    },
    "19": {
      "A": 10.383576172318882,
      "A_hull": 11.425216534935988,
      "solidity": 0.9088297049397723
    },
    "20": {
      "A": 4.527663442842353,
      "A_hull": 5.551627484154442,
      "solidity": 0.815556060950648
    },
    "21": {
      "A": 8.406353374914776,
      "A_hull": 8.897502588318476,
      "solidity": 0.944799205335604
    },
    "22": {
      "A": 7.593242594883969,
      "A_hull": 8.411403752430493,
      "solidity": 0.9027319123386374
    },
    "31": {
      "A": 2.808009898739931,
      "A_hull": 3.722128229085125,
      "solidity": 0.7544097693351424
    },
    "34": {
      "A": 7.211939092447161,
      "A_hull": 8.047776571298705,
      "solidity": 0.8961405710699718
    },
    "36": {
      "A": 5.949344713517336,
      "A_hull": 5.98090957299058,
      "solidity": 0.9947223981422844
    },
    "38": {
      "A": 6.211964344334739,
      "A_hull": 6.342011565364511,
      "solidity": 0.9794943260999404
    }
  },
  "globally_clustered_sites": [],
  "clustered_sites_radius": 1.35,
  "clustered_sites_min_sites": 4,
  "vague_text": "The catchments on the map have odd, elongated shapes. Real-world service areas should look reasonably compact. Address the worst offenders.",
  "precise_text": "Polling place 2's catchment is unusually elongated \u2014 it has a long thin tail or protrusion that makes the service area look bad. Make it more compact, but be mindful about causing this issue elsewhere.",
  "vague_template_idx": 4,
  "precise_template_idx": 0
}