{
  "archetype": "shape_niceness",
  "per_catchment_npi": {
    "1": {
      "A": 1.9166182672154746,
      "P": 10.653266331658292,
      "NPI": 2.170751155991834,
      "n_cells": 759
    },
    "4": {
      "A": 3.8887906871038616,
      "P": 11.35678391959799,
      "NPI": 1.6245876473181482,
      "n_cells": 1540
    },
    "5": {
      "A": 4.093330976490493,
      "P": 11.758793969849247,
      "NPI": 1.639530189543448,
      "n_cells": 1621
    },
    "6": {
      "A": 4.825635716269792,
      "P": 12.06030150753769,
      "NPI": 1.5487309098782258,
      "n_cells": 1911
    },
    "7": {
      "A": 2.497411681523194,
      "P": 8.643216080402011,
      "NPI": 1.5428559123404881,
      "n_cells": 989
    },
    "8": {
      "A": 2.8130602762556505,
      "P": 9.748743718592966,
      "NPI": 1.6396615118742652,
      "n_cells": 1114
    },
    "10": {
      "A": 6.429130577510669,
      "P": 15.678391959798997,
      "NPI": 1.7442971144491246,
      "n_cells": 2546
    },
    "18": {
      "A": 4.830686093785511,
      "P": 11.859296482412061,
      "NPI": 1.522122430618339,
      "n_cells": 1913
    },
    "19": {
      "A": 11.34062271154769,
      "P": 20.100502512562816,
      "NPI": 1.6837729637065688,
      "n_cells": 4491
    },
    "25": {
      "A": 8.51998686901846,
      "P": 15.577889447236181,
      "NPI": 1.5055120041550256,
      "n_cells": 3374
    },
    "26": {
      "A": 11.648695740006566,
      "P": 21.608040201005025,
      "NPI": 1.7859602815336166,
      "n_cells": 4613
    },
    "27": {
      "A": 4.9872477967728095,
      "P": 11.457286432160805,
      "NPI": 1.4472593533540057,
      "n_cells": 1975
    },
    "31": {
      "A": 3.2398171763339314,
      "P": 9.447236180904524,
      "NPI": 1.4806062866566774,
      "n_cells": 1283
    },
    "33": {
      "A": 2.345900356051615,
      "P": 7.7386934673366845,
      "NPI": 1.4253054042393216,
      "n_cells": 929
    },
    "36": {
      "A": 7.737178354081968,
      "P": 13.869346733668344,
      "NPI": 1.406564880323723,
      "n_cells": 3064
    },
    "37": {
      "A": 5.088255347087196,
      "P": 13.869346733668344,
      "NPI": 1.7344693301734146,
      "n_cells": 2015
    },
    "38": {
      "A": 6.691750208328073,
      "P": 13.768844221105528,
      "NPI": 1.501490863358321,
      "n_cells": 2650
    },
    "39": {
      "A": 8.113431479003056,
      "P": 15.477386934673369,
      "NPI": 1.5328173999792174,
      "n_cells": 3213
    }
  },
  "mean_npi_baseline": 1.6075719799718757,
  "max_npi_baseline": 2.170751155991834,
  "p90_npi_baseline": 1.7567960645744722,
  "n_catchments_baseline": 18,
  "worst_catchment_site": 1,
  "worst_catchment_npi": 2.170751155991834,
  "min_mean_npi_threshold": 1.3,
  "min_max_npi_threshold": 1.65,
  "base_seed": 3,
  "attempt": 0,
  "uncapacitated": true,
  "pair_id": "shape_niceness_easy_02",
  "difficulty": "easy",
  "tier_kwargs": {
    "min_mean_npi": 1.3,
    "min_max_npi": 1.65
  },
  "per_catchment_solidity": {
    "1": {
      "A": 1.9166182672154746,
      "A_hull": 2.852200702002476,
      "solidity": 0.6719787516600263
    },
    "4": {
      "A": 3.8887906871038616,
      "A_hull": 4.285245322087827,
      "solidity": 0.9074837949322332
    },
    "5": {
      "A": 4.093330976490493,
      "A_hull": 4.556703113557739,
      "solidity": 0.8983097811027985
    },
    "6": {
      "A": 4.825635716269792,
      "A_hull": 5.360975732936038,
      "solidity": 0.9001413094677343
    },
    "7": {
      "A": 2.497411681523194,
      "A_hull": 2.6413474407211934,
      "solidity": 0.945506692160612
    },
    "8": {
      "A": 2.8130602762556505,
      "A_hull": 3.042852453220878,
      "solidity": 0.92448132780083
    },
    "10": {
      "A": 6.429130577510669,
      "A_hull": 7.350824474129441,
      "solidity": 0.8746135348677432
    },
    "18": {
      "A": 4.830686093785511,
      "A_hull": 5.345824600388879,
      "solidity": 0.9036372224846482
    },
    "19": {
      "A": 11.34062271154769,
      "A_hull": 13.518598015201638,
      "solidity": 0.838890445502942
    },
    "25": {
      "A": 8.51998686901846,
      "A_hull": 8.916441504002426,
      "solidity": 0.9555366751628432
    },
    "26": {
      "A": 11.648695740006566,
      "A_hull": 15.161233302189341,
      "solidity": 0.7683211192538307
    },
    "27": {
      "A": 4.9872477967728095,
      "A_hull": 5.397590969925004,
      "solidity": 0.9239766081871342
    },
    "31": {
      "A": 3.2398171763339314,
      "A_hull": 3.5958687911921405,
      "solidity": 0.9009831460674161
    },
    "33": {
      "A": 2.345900356051615,
      "A_hull": 2.2524683720108083,
      "solidity": 1.0
    },
    "36": {
      "A": 7.737178354081968,
      "A_hull": 8.074291053256232,
      "solidity": 0.9582486317435496
    },
    "37": {
      "A": 5.088255347087196,
      "A_hull": 5.355925355420319,
      "solidity": 0.9500235737859499
    },
    "38": {
      "A": 6.691750208328073,
      "A_hull": 6.931643140324736,
      "solidity": 0.9653916211293265
    },
    "39": {
      "A": 8.113431479003056,
      "A_hull": 8.381101487336176,
      "solidity": 0.9680626694787591
    }
  },
  "globally_clustered_sites": [],
  "clustered_sites_radius": 1.35,
  "clustered_sites_min_sites": 4
}