{
  "pair_id": "01",
  "modality": "multimodal",
  "query_type": "vague",
  "status": "completed",
  "metadata": {
    "archetype": "shape_niceness",
    "per_catchment_npi": {
      "0": {
        "A": 4.848362415090529,
        "P": 12.663316582914574,
        "NPI": 1.6223516484973963,
        "n_cells": 1920
      },
      "1": {
        "A": 3.8307113456730897,
        "P": 10.35175879396985,
        "NPI": 1.4920023183446591,
        "n_cells": 1517
      },
      "2": {
        "A": 4.075654655185476,
        "P": 14.773869346733669,
        "NPI": 2.0643847072841957,
        "n_cells": 1614
      },
      "3": {
        "A": 3.6413221888336156,
        "P": 12.964824120603016,
        "NPI": 1.9166029124426573,
        "n_cells": 1442
      },
      "4": {
        "A": 3.9544455948082122,
        "P": 10.954773869346734,
        "NPI": 1.554016704165713,
        "n_cells": 1566
      },
      "5": {
        "A": 8.080604025150881,
        "P": 14.07035175879397,
        "NPI": 1.3962979814050145,
        "n_cells": 3200
      },
      "7": {
        "A": 5.6059190424484235,
        "P": 13.869346733668342,
        "NPI": 1.6524474712568362,
        "n_cells": 2220
      },
      "8": {
        "A": 4.520087876568774,
        "P": 14.070351758793972,
        "NPI": 1.8669237639326572,
        "n_cells": 1790
      },
      "14": {
        "A": 11.537587434660741,
        "P": 16.381909547738694,
        "NPI": 1.360511098812798,
        "n_cells": 4569
      },
      "16": {
        "A": 4.752405242291862,
        "P": 11.055276381909549,
        "NPI": 1.4305661325237085,
        "n_cells": 1882
      },
      "18": {
        "A": 4.073129466427616,
        "P": 11.758793969849247,
        "NPI": 1.6435909516507943,
        "n_cells": 1613
      },
      "21": {
        "A": 5.689250271457792,
        "P": 12.864321608040202,
        "NPI": 1.521438624572911,
        "n_cells": 2253
      },
      "22": {
        "A": 9.898739930809828,
        "P": 16.48241206030151,
        "NPI": 1.4778347628975224,
        "n_cells": 3920
      },
      "23": {
        "A": 5.259968182621652,
        "P": 12.361809045226131,
        "NPI": 1.520496903781556,
        "n_cells": 2083
      },
      "25": {
        "A": 9.02502462059039,
        "P": 16.78391959798995,
        "NPI": 1.5760292038605448,
        "n_cells": 3574
      },
      "33": {
        "A": 5.449357339461125,
        "P": 14.2713567839196,
        "NPI": 1.724597244490532,
        "n_cells": 2158
      },
      "34": {
        "A": 5.184212519885862,
        "P": 11.557788944723619,
        "NPI": 1.4319518976233039,
        "n_cells": 2053
      },
      "37": {
        "A": 1.580768162420141,
        "P": 7.437185929648242,
        "NPI": 1.6686667674340252,
        "n_cells": 626
      }
    },
    "mean_npi_baseline": 1.606706171943157,
    "max_npi_baseline": 2.0643847072841957,
    "p90_npi_baseline": 1.8818275084856573,
    "n_catchments_baseline": 18,
    "worst_catchment_site": 2,
    "worst_catchment_npi": 2.0643847072841957,
    "min_mean_npi_threshold": 1.5,
    "min_max_npi_threshold": 2.0,
    "base_seed": 2,
    "attempt": 0,
    "vague_text": "Several polling places have catchments that look bizarre \u2014 stringy or with awkward protrusions. Reshape so the service areas are visually compact.",
    "precise_text": "Site 2 is serving an awkwardly-shaped catchment. The service area should be more circular / compact, not elongated.",
    "vague_template_idx": 3,
    "precise_template_idx": 2,
    "pair_id": "01"
  },
  "proposal": {
    "force_assign": [
      [
        32,
        34
      ],
      [
        46,
        21
      ],
      [
        69,
        1
      ]
    ],
    "rationale": "Surgical compactness cleanup: move three visible outlier precincts to nearer adjacent open sites to reduce awkward protrusions while keeping the site set fixed. Precinct 32 goes from site 33 to 34 (1.98 km to 1.80 km), precinct 46 from 22 to 21 (1.85 km to 2.36 km but removes a remote northwest finger), and precinct 69 from 7 to 1 (2.22 km to 1.41 km). Let MILP rebalance all other assignments around these pins to preserve feasibility and capacity."
  },
  "score": {
    "query_id": "shape_niceness_01_vague",
    "archetype": "shape_niceness",
    "target_direction": "minimize",
    "target_baseline": 1.606706171943157,
    "target_response": 1.606706171943157,
    "raw_improvement": 0.0,
    "fraction_improved": 0.0,
    "guards": [
      {
        "name": "total_weighted_distance",
        "baseline": 51263.06066531602,
        "response": 51263.06066531602,
        "bound": 53826.21369858182,
        "violation": 0.0,
        "passed": true
      },
      {
        "name": "p90_voter_distance",
        "baseline": 1.839569665515842,
        "response": 1.839569665515842,
        "bound": 1.839569665515842,
        "violation": 0.0,
        "passed": true
      }
    ],
    "all_guards_passed": true,
    "feasible": true,
    "valid": true,
    "baseline_assignment_distance": 51263.06066531602,
    "final_assignment_distance": 51263.06066531602,
    "assignment_distance_delta": 0.0,
    "success": false
  },
  "superscore": {
    "selected_explored_index": 0,
    "selected_source": "baseline",
    "selected_iteration": -1,
    "selected_resolve_index": null,
    "selected_n_resolves": 0,
    "selected_n_local_edits": 0,
    "n_feasible_explored": 2,
    "explored_scores": [
      {
        "explored_index": 0,
        "source": "baseline",
        "iteration": -1,
        "resolve_index": null,
        "n_resolves": 0,
        "n_local_edits": 0,
        "target_response": 1.606706171943157,
        "fraction_improved": 0.0,
        "valid": true,
        "success": false,
        "assignment_distance_delta": 0.0
      },
      {
        "explored_index": 1,
        "source": "resolve",
        "iteration": 4,
        "resolve_index": 1,
        "n_resolves": 1,
        "n_local_edits": 8,
        "target_response": 1.6665988969815102,
        "fraction_improved": 0.0,
        "valid": true,
        "success": false,
        "assignment_distance_delta": 524.5217455947713
      }
    ]
  },
  "log_summary": {
    "n_assistant_messages": 7,
    "n_resolves": 1,
    "n_resolves_infeasible": 0,
    "n_local_edits": 8,
    "local_edit_tool_counts": {
      "force_assign": 8
    },
    "n_submitted_explicit": 1,
    "n_tool_calls": 19,
    "tool_call_counts": {
      "view_solution": 2,
      "list_sites": 2,
      "get_current_assignments": 3,
      "get_precinct_adjacency": 1,
      "get_distance_matrix": 1,
      "force_assign": 8,
      "resolve": 1,
      "submit_proposal": 1
    }
  },
  "elapsed_sec": 27.47520399093628
}