{
  "pair_id": "03",
  "modality": "multimodal",
  "query_type": "vague",
  "status": "completed",
  "metadata": {
    "archetype": "shape_niceness",
    "per_catchment_npi": {
      "0": {
        "A": 3.4595085982677207,
        "P": 14.07035175879397,
        "NPI": 2.133992141333175,
        "n_cells": 1370
      },
      "2": {
        "A": 2.411555263755966,
        "P": 8.040201005025127,
        "NPI": 1.460539694976968,
        "n_cells": 955
      },
      "5": {
        "A": 3.3256735941011595,
        "P": 10.954773869346734,
        "NPI": 1.694566724568972,
        "n_cells": 1317
      },
      "6": {
        "A": 5.353400166662459,
        "P": 13.768844221105528,
        "NPI": 1.678717819032027,
        "n_cells": 2120
      },
      "8": {
        "A": 5.653897628847757,
        "P": 16.48241206030151,
        "NPI": 1.9554281589613491,
        "n_cells": 2239
      },
      "10": {
        "A": 10.719426277114216,
        "P": 15.678391959798997,
        "NPI": 1.3508614701237704,
        "n_cells": 4245
      },
      "12": {
        "A": 8.934117825307442,
        "P": 16.080402010050253,
        "NPI": 1.5176308004759094,
        "n_cells": 3538
      },
      "14": {
        "A": 4.249892679477791,
        "P": 12.160804020100503,
        "NPI": 1.6640576805272511,
        "n_cells": 1683
      },
      "18": {
        "A": 7.966970531047196,
        "P": 14.57286432160804,
        "NPI": 1.4564426362812495,
        "n_cells": 3155
      },
      "25": {
        "A": 4.807959394964774,
        "P": 10.753768844221106,
        "NPI": 1.3834879132665117,
        "n_cells": 1904
      },
      "28": {
        "A": 5.979646978611652,
        "P": 13.467336683417088,
        "NPI": 1.5535992860733305,
        "n_cells": 2368
      },
      "29": {
        "A": 4.229691169414914,
        "P": 16.180904522613066,
        "NPI": 2.219440639463357,
        "n_cells": 1675
      },
      "31": {
        "A": 3.6640488876543524,
        "P": 9.34673366834171,
        "NPI": 1.3774451238920484,
        "n_cells": 1451
      },
      "32": {
        "A": 3.3635514254690544,
        "P": 10.251256281407036,
        "NPI": 1.5767873351192008,
        "n_cells": 1332
      },
      "34": {
        "A": 8.60079290926997,
        "P": 17.48743718592965,
        "NPI": 1.6821006944768488,
        "n_cells": 3406
      },
      "35": {
        "A": 3.027701320673721,
        "P": 8.14070351758794,
        "NPI": 1.3197768037511652,
        "n_cells": 1199
      },
      "38": {
        "A": 6.227115476881898,
        "P": 12.964824120603016,
        "NPI": 1.4656093866661908,
        "n_cells": 2466
      },
      "39": {
        "A": 9.032600186863968,
        "P": 14.170854271356784,
        "NPI": 1.3301012641899506,
        "n_cells": 3577
      }
    },
    "mean_npi_baseline": 1.6011436429544041,
    "max_npi_baseline": 2.219440639463357,
    "p90_npi_baseline": 2.008997353672897,
    "n_catchments_baseline": 18,
    "worst_catchment_site": 29,
    "worst_catchment_npi": 2.219440639463357,
    "min_mean_npi_threshold": 1.5,
    "min_max_npi_threshold": 2.0,
    "base_seed": 4,
    "attempt": 0,
    "vague_text": "Some of these service regions look weird on the map \u2014 too elongated, oddly twisted, or with strange thin tails. Make them more compact and reasonable in shape.",
    "precise_text": "Polling place 29's service region has an ugly shape on the map \u2014 long and thin with awkward bumps. Tidy it up.",
    "vague_template_idx": 0,
    "precise_template_idx": 3,
    "pair_id": "03"
  },
  "proposal": null,
  "score": {
    "query_id": "shape_niceness_03_vague",
    "archetype": "shape_niceness",
    "target_direction": "minimize",
    "target_baseline": 1.6011436429544041,
    "target_response": 1.6011436429544041,
    "raw_improvement": 0.0,
    "fraction_improved": 0.0,
    "guards": [
      {
        "name": "total_weighted_distance",
        "baseline": 50428.46568832552,
        "response": 50428.46568832552,
        "bound": 52949.8889727418,
        "violation": 0.0,
        "passed": true
      },
      {
        "name": "p90_voter_distance",
        "baseline": 1.5931528267805783,
        "response": 1.5931528267805783,
        "bound": 1.5931528267805783,
        "violation": 0.0,
        "passed": true
      }
    ],
    "all_guards_passed": true,
    "feasible": true,
    "valid": true,
    "baseline_assignment_distance": 50428.46568832552,
    "final_assignment_distance": 50428.46568832552,
    "assignment_distance_delta": 0.0,
    "success": false
  },
  "superscore": {
    "selected_explored_index": 0,
    "selected_source": "baseline",
    "selected_iteration": -1,
    "selected_resolve_index": null,
    "selected_n_resolves": 0,
    "selected_n_local_edits": 0,
    "n_feasible_explored": 3,
    "explored_scores": [
      {
        "explored_index": 0,
        "source": "baseline",
        "iteration": -1,
        "resolve_index": null,
        "n_resolves": 0,
        "n_local_edits": 0,
        "target_response": 1.6011436429544041,
        "fraction_improved": 0.0,
        "valid": true,
        "success": false,
        "assignment_distance_delta": 0.0
      },
      {
        "explored_index": 1,
        "source": "force_assign",
        "iteration": 4,
        "resolve_index": null,
        "n_resolves": 0,
        "n_local_edits": 1,
        "target_response": 1.603701676183749,
        "fraction_improved": 0.0,
        "valid": true,
        "success": false,
        "assignment_distance_delta": 120.81403117906302
      },
      {
        "explored_index": 2,
        "source": "force_assign",
        "iteration": 5,
        "resolve_index": null,
        "n_resolves": 0,
        "n_local_edits": 2,
        "target_response": 1.6180713359859202,
        "fraction_improved": 0.0,
        "valid": true,
        "success": false,
        "assignment_distance_delta": 122.85118474620685
      }
    ]
  },
  "log_summary": {
    "n_assistant_messages": 8,
    "n_resolves": 0,
    "n_resolves_infeasible": 0,
    "n_local_edits": 2,
    "local_edit_tool_counts": {
      "force_assign": 2
    },
    "n_submitted_explicit": 1,
    "n_tool_calls": 13,
    "tool_call_counts": {
      "view_solution": 2,
      "list_sites": 1,
      "get_current_assignments": 3,
      "get_precinct_adjacency": 1,
      "get_distance_matrix": 2,
      "swap_assignments": 1,
      "force_assign": 2,
      "submit_proposal": 1
    }
  },
  "elapsed_sec": 32.22263813018799
}