{
  "pair_id": "05",
  "modality": "multimodal",
  "query_type": "vague",
  "status": "completed",
  "metadata": {
    "archetype": "shape_niceness",
    "per_catchment_npi": {
      "0": {
        "A": 3.588293224918563,
        "P": 12.56281407035176,
        "NPI": 1.8708459913012618,
        "n_cells": 1421
      },
      "1": {
        "A": 6.381151991111336,
        "P": 13.768844221105528,
        "NPI": 1.5375987237547613,
        "n_cells": 2527
      },
      "2": {
        "A": 4.4216055150122475,
        "P": 11.155778894472363,
        "NPI": 1.496597341413068,
        "n_cells": 1751
      },
      "3": {
        "A": 4.47715966768516,
        "P": 12.160804020100503,
        "NPI": 1.6212726862879583,
        "n_cells": 1773
      },
      "4": {
        "A": 6.0124744324638275,
        "P": 15.879396984924625,
        "NPI": 1.8268481633585383,
        "n_cells": 2381
      },
      "5": {
        "A": 3.82818615691523,
        "P": 17.98994974874372,
        "NPI": 2.593752269060245,
        "n_cells": 1516
      },
      "6": {
        "A": 3.315572839069721,
        "P": 12.864321608040202,
        "NPI": 1.9929787599406146,
        "n_cells": 1313
      },
      "8": {
        "A": 7.166485694805687,
        "P": 21.20603015075377,
        "NPI": 2.2346078670578318,
        "n_cells": 2838
      },
      "10": {
        "A": 9.199262644882706,
        "P": 16.28140703517588,
        "NPI": 1.5142950146644685,
        "n_cells": 3643
      },
      "12": {
        "A": 5.873589050781547,
        "P": 13.366834170854272,
        "NPI": 1.5558647785863389,
        "n_cells": 2326
      },
      "16": {
        "A": 7.07557889952274,
        "P": 15.577889447236181,
        "NPI": 1.6520481324600904,
        "n_cells": 2802
      },
      "17": {
        "A": 7.9088911896164245,
        "P": 14.57286432160804,
        "NPI": 1.4617805843206233,
        "n_cells": 3132
      },
      "18": {
        "A": 5.913992070907301,
        "P": 14.673366834170855,
        "NPI": 1.70209765769587,
        "n_cells": 2342
      },
      "20": {
        "A": 8.643721118153582,
        "P": 14.673366834170855,
        "NPI": 1.4079086262750597,
        "n_cells": 3423
      },
      "22": {
        "A": 2.5958940430797206,
        "P": 6.834170854271357,
        "NPI": 1.1965680958026788,
        "n_cells": 1028
      },
      "25": {
        "A": 4.414029948738668,
        "P": 13.668341708542716,
        "NPI": 1.8352416545772128,
        "n_cells": 1748
      },
      "33": {
        "A": 6.0124744324638275,
        "P": 14.874371859296485,
        "NPI": 1.7112248618801498,
        "n_cells": 2381
      },
      "36": {
        "A": 4.179187394257721,
        "P": 11.457286432160805,
        "NPI": 1.58099652707942,
        "n_cells": 1655
      }
    },
    "mean_npi_baseline": 1.7106959853064552,
    "max_npi_baseline": 2.593752269060245,
    "p90_npi_baseline": 2.06546749207578,
    "n_catchments_baseline": 18,
    "worst_catchment_site": 5,
    "worst_catchment_npi": 2.593752269060245,
    "min_mean_npi_threshold": 1.5,
    "min_max_npi_threshold": 2.0,
    "base_seed": 6,
    "attempt": 0,
    "vague_text": "The shapes of the service regions on the map are ugly \u2014 long, thin, jagged. Tidy them up so each catchment is more rounded.",
    "precise_text": "The catchment around polling place 5 is bowtied / stretched. Make it visually compact.",
    "vague_template_idx": 2,
    "precise_template_idx": 4,
    "pair_id": "05"
  },
  "proposal": {
    "force_assign": [
      [
        33,
        3
      ],
      [
        32,
        12
      ],
      [
        54,
        25
      ],
      [
        39,
        25
      ],
      [
        61,
        25
      ],
      [
        77,
        36
      ]
    ],
    "rationale": "Round out several long, thin catchments with minimal targeted reassignments to nearby open sites: move precinct 33 from site 5 to site 3, precinct 32 from site 8 to site 12, precincts 54/39/61 from site 16/10 to site 25, and precinct 77 from site 8 to site 36. These are all closer or comparably close to the target open sites and should reduce skinny protrusions in the central-east, southeast, and northeast/south-central service regions while keeping the opened set unchanged."
  },
  "score": {
    "query_id": "shape_niceness_05_vague",
    "archetype": "shape_niceness",
    "target_direction": "minimize",
    "target_baseline": 1.7106959853064552,
    "target_response": 1.7106959853064552,
    "raw_improvement": 0.0,
    "fraction_improved": 0.0,
    "guards": [
      {
        "name": "total_weighted_distance",
        "baseline": 54838.00248743618,
        "response": 54838.00248743618,
        "bound": 57579.902611807986,
        "violation": 0.0,
        "passed": true
      },
      {
        "name": "p90_voter_distance",
        "baseline": 1.7054498879639168,
        "response": 1.7054498879639168,
        "bound": 1.7054498879639168,
        "violation": 0.0,
        "passed": true
      }
    ],
    "all_guards_passed": true,
    "feasible": true,
    "valid": true,
    "baseline_assignment_distance": 54838.00248743618,
    "final_assignment_distance": 54838.00248743618,
    "assignment_distance_delta": 0.0,
    "success": false
  },
  "superscore": {
    "selected_explored_index": 0,
    "selected_source": "baseline",
    "selected_iteration": -1,
    "selected_resolve_index": null,
    "selected_n_resolves": 0,
    "selected_n_local_edits": 0,
    "n_feasible_explored": 2,
    "explored_scores": [
      {
        "explored_index": 0,
        "source": "baseline",
        "iteration": -1,
        "resolve_index": null,
        "n_resolves": 0,
        "n_local_edits": 0,
        "target_response": 1.7106959853064552,
        "fraction_improved": 0.0,
        "valid": true,
        "success": false,
        "assignment_distance_delta": 0.0
      },
      {
        "explored_index": 1,
        "source": "resolve",
        "iteration": 3,
        "resolve_index": 1,
        "n_resolves": 1,
        "n_local_edits": 0,
        "target_response": 1.6288613167831116,
        "fraction_improved": 0.047837061188100945,
        "valid": false,
        "success": false,
        "assignment_distance_delta": 2657.18957432716
      }
    ]
  },
  "log_summary": {
    "n_assistant_messages": 6,
    "n_resolves": 1,
    "n_resolves_infeasible": 0,
    "n_local_edits": 0,
    "local_edit_tool_counts": {},
    "n_submitted_explicit": 1,
    "n_tool_calls": 11,
    "tool_call_counts": {
      "view_solution": 3,
      "get_current_assignments": 2,
      "get_precinct_adjacency": 1,
      "list_sites": 2,
      "get_distance_matrix": 1,
      "resolve": 1,
      "submit_proposal": 1
    }
  },
  "elapsed_sec": 24.640316009521484
}