{
  "pair_id": "02",
  "modality": "multimodal",
  "query_type": "vague",
  "status": "completed",
  "metadata": {
    "archetype": "shape_niceness",
    "per_catchment_npi": {
      "1": {
        "A": 3.350925481679756,
        "P": 12.663316582914574,
        "NPI": 1.951462217807757,
        "n_cells": 1327
      },
      "4": {
        "A": 3.4696093532991594,
        "P": 10.653266331658292,
        "NPI": 1.6133833195880913,
        "n_cells": 1374
      },
      "5": {
        "A": 5.691775460215652,
        "P": 14.170854271356784,
        "NPI": 1.6755879190728873,
        "n_cells": 2254
      },
      "6": {
        "A": 4.825635716269792,
        "P": 12.06030150753769,
        "NPI": 1.5487309098782258,
        "n_cells": 1911
      },
      "7": {
        "A": 3.560516148582107,
        "P": 11.155778894472363,
        "NPI": 1.667778942541469,
        "n_cells": 1410
      },
      "8": {
        "A": 2.8837655614757205,
        "P": 10.050251256281408,
        "NPI": 1.6695214825193518,
        "n_cells": 1142
      },
      "10": {
        "A": 5.439256584429686,
        "P": 13.969849246231156,
        "NPI": 1.6897288315351608,
        "n_cells": 2154
      },
      "14": {
        "A": 7.335673341582284,
        "P": 16.78391959798995,
        "NPI": 1.7481088296999567,
        "n_cells": 2905
      },
      "19": {
        "A": 9.944193328451302,
        "P": 20.502512562814072,
        "NPI": 1.8340761996717296,
        "n_cells": 3938
      },
      "25": {
        "A": 8.51998686901846,
        "P": 15.577889447236181,
        "NPI": 1.5055120041550256,
        "n_cells": 3374
      },
      "26": {
        "A": 5.709451781520669,
        "P": 15.276381909547741,
        "NPI": 1.8035092347031594,
        "n_cells": 2261
      },
      "27": {
        "A": 7.598292972399688,
        "P": 20.20100502512563,
        "NPI": 2.0673310485368273,
        "n_cells": 3009
      },
      "31": {
        "A": 3.2398171763339314,
        "P": 9.447236180904524,
        "NPI": 1.4806062866566774,
        "n_cells": 1283
      },
      "33": {
        "A": 2.345900356051615,
        "P": 7.7386934673366845,
        "NPI": 1.4253054042393216,
        "n_cells": 929
      },
      "36": {
        "A": 7.07557889952274,
        "P": 14.371859296482413,
        "NPI": 1.524147631882535,
        "n_cells": 2802
      },
      "37": {
        "A": 3.600919168707861,
        "P": 12.763819095477388,
        "NPI": 1.8974442385297772,
        "n_cells": 1426
      },
      "38": {
        "A": 6.691750208328073,
        "P": 13.768844221105528,
        "NPI": 1.501490863358321,
        "n_cells": 2650
      },
      "39": {
        "A": 9.724501906517514,
        "P": 18.090452261306535,
        "NPI": 1.6364804048282597,
        "n_cells": 3851
      }
    },
    "mean_npi_baseline": 1.6800114316224741,
    "max_npi_baseline": 2.0673310485368273,
    "p90_npi_baseline": 1.913649632313171,
    "n_catchments_baseline": 18,
    "worst_catchment_site": 27,
    "worst_catchment_npi": 2.0673310485368273,
    "min_mean_npi_threshold": 1.5,
    "min_max_npi_threshold": 2.0,
    "base_seed": 3,
    "attempt": 0,
    "vague_text": "The shapes of the service regions on the map are ugly \u2014 long, thin, jagged. Tidy them up so each catchment is more rounded.",
    "precise_text": "The catchment around polling place 27 is bowtied / stretched. Make it visually compact.",
    "vague_template_idx": 2,
    "precise_template_idx": 4,
    "pair_id": "02"
  },
  "proposal": {
    "force_assign": [
      [
        18,
        4
      ],
      [
        37,
        27
      ],
      [
        40,
        19
      ],
      [
        43,
        10
      ],
      [
        47,
        10
      ],
      [
        51,
        4
      ],
      [
        53,
        25
      ],
      [
        65,
        25
      ],
      [
        66,
        36
      ],
      [
        73,
        36
      ],
      [
        76,
        37
      ]
    ],
    "rationale": "Tidy catchment geometry with small local-style fixings inside a global re-solve: move several obvious tendrils/strays to nearer adjacent open sites to make service regions more compact and rounded. Key edits: southwest transition (18->4, 51->4, 76->37), central-west upper seam (37->27, 40->19), northeast seam (43->10, 53->25, 65->25), and keep far-west/southwest pockets attached to their local western sites (66->36, 73->36)."
  },
  "score": {
    "query_id": "shape_niceness_02_vague",
    "archetype": "shape_niceness",
    "target_direction": "minimize",
    "target_baseline": 1.6800114316224741,
    "target_response": 1.6800114316224741,
    "raw_improvement": 0.0,
    "fraction_improved": 0.0,
    "guards": [
      {
        "name": "total_weighted_distance",
        "baseline": 47743.744476558524,
        "response": 47743.744476558524,
        "bound": 50130.93170038645,
        "violation": 0.0,
        "passed": true
      },
      {
        "name": "p90_voter_distance",
        "baseline": 1.6257878826118166,
        "response": 1.6257878826118166,
        "bound": 1.6257878826118166,
        "violation": 0.0,
        "passed": true
      }
    ],
    "all_guards_passed": true,
    "feasible": true,
    "valid": true,
    "baseline_assignment_distance": 47743.744476558524,
    "final_assignment_distance": 47743.744476558524,
    "assignment_distance_delta": 0.0,
    "success": false
  },
  "superscore": {
    "selected_explored_index": 0,
    "selected_source": "baseline",
    "selected_iteration": -1,
    "selected_resolve_index": null,
    "selected_n_resolves": 0,
    "selected_n_local_edits": 0,
    "n_feasible_explored": 2,
    "explored_scores": [
      {
        "explored_index": 0,
        "source": "baseline",
        "iteration": -1,
        "resolve_index": null,
        "n_resolves": 0,
        "n_local_edits": 0,
        "target_response": 1.6800114316224741,
        "fraction_improved": 0.0,
        "valid": true,
        "success": false,
        "assignment_distance_delta": 0.0
      },
      {
        "explored_index": 1,
        "source": "resolve",
        "iteration": 3,
        "resolve_index": 1,
        "n_resolves": 1,
        "n_local_edits": 0,
        "target_response": 1.726424665703607,
        "fraction_improved": 0.0,
        "valid": false,
        "success": false,
        "assignment_distance_delta": 2121.6908324306205
      }
    ]
  },
  "log_summary": {
    "n_assistant_messages": 6,
    "n_resolves": 1,
    "n_resolves_infeasible": 0,
    "n_local_edits": 0,
    "local_edit_tool_counts": {},
    "n_submitted_explicit": 1,
    "n_tool_calls": 11,
    "tool_call_counts": {
      "view_solution": 3,
      "get_current_assignments": 2,
      "get_precinct_adjacency": 2,
      "list_sites": 1,
      "get_distance_matrix": 1,
      "resolve": 1,
      "submit_proposal": 1
    }
  },
  "elapsed_sec": 27.20519781112671
}