{
  "archetype": "contiguity",
  "culprits": [
    {
      "site": 9,
      "n_components": 2,
      "components": [
        [
          19
        ],
        [
          63,
          47
        ]
      ],
      "component_voters": [
        2180,
        595
      ],
      "largest_component_voters": 2180,
      "disjoint_excess_voters": 595,
      "worst_pair_separation_km": 2.6325689070736655
    }
  ],
  "n_split_sites_baseline": 1,
  "total_disjoint_excess_voters_baseline": 595,
  "worst_culprit_site": 9,
  "worst_culprit_disjoint_voters": 595,
  "smallest_component_centroid": [
    6.650242683232436,
    6.8127360336239375
  ],
  "min_split_voters_threshold": 1,
  "min_separation_threshold_km": 1.8,
  "base_seed": 7941,
  "attempt": 0,
  "pair_id": "contiguity_med_14",
  "difficulty": "med",
  "tier_kwargs": {
    "min_split_voters": 1,
    "min_separation": 1.8
  },
  "per_catchment_solidity": {
    "0": {
      "A": 4.90896694527916,
      "A_hull": 5.492285548344739,
      "solidity": 0.8937931034482759
    },
    "2": {
      "A": 4.55291533042095,
      "A_hull": 4.719577788439686,
      "solidity": 0.9646869983948637
    },
    "3": {
      "A": 4.9518951541627745,
      "A_hull": 6.21322693871367,
      "solidity": 0.7969924812030075
    },
    "4": {
      "A": 7.376076361708039,
      "A_hull": 8.209388651801719,
      "solidity": 0.8984927714549374
    },
    "5": {
      "A": 2.8862907502335804,
      "A_hull": 3.7688442211055286,
      "solidity": 0.7658291457286431
    },
    "6": {
      "A": 4.2094896593520374,
      "A_hull": 4.305446832150704,
      "solidity": 0.9777126099706746
    },
    "7": {
      "A": 5.1640110098229846,
      "A_hull": 6.1854498623772125,
      "solidity": 0.8348642580118393
    },
    "8": {
      "A": 3.588293224918563,
      "A_hull": 4.453170374485494,
      "solidity": 0.8057839523674509
    },
    "9": {
      "A": 4.1211080528269495,
      "A_hull": 7.793995101133808,
      "solidity": 0.5287542523894381
    },
    "10": {
      "A": 4.90896694527916,
      "A_hull": 5.063003459508596,
      "solidity": 0.9695760598503746
    },
    "11": {
      "A": 6.800333324916038,
      "A_hull": 8.405090780535845,
      "solidity": 0.8090731560763107
    },
    "13": {
      "A": 7.262442867604355,
      "A_hull": 7.3318855584454905,
      "solidity": 0.9905286722920619
    },
    "18": {
      "A": 6.896290497714705,
      "A_hull": 7.411429004318073,
      "solidity": 0.9304940374787053
    },
    "21": {
      "A": 9.007348299285372,
      "A_hull": 10.054039039418193,
      "solidity": 0.8958935074720586
    },
    "23": {
      "A": 10.353273907224565,
      "A_hull": 11.878487916971793,
      "solidity": 0.8715986394557824
    },
    "32": {
      "A": 3.5706169036135456,
      "A_hull": 3.6690992651700727,
      "solidity": 0.9731589814177561
    },
    "35": {
      "A": 5.335723845357441,
      "A_hull": 5.302896391505264,
      "solidity": 1.0
    },
    "36": {
      "A": 5.113507234665792,
      "A_hull": 5.028913411277493,
      "solidity": 1.0
    }
  },
  "globally_clustered_sites": [],
  "clustered_sites_radius": 1.35,
  "clustered_sites_min_sites": 4,
  "vague_text": "Some opened sites cover patches of precincts that aren't joined to each other. Each polling place's catchment should be a single connected region. Reassign so no site has a fragmented service area.",
  "precise_text": "Polling place 9 has a fragmented service area \u2014 voters in separated pockets are all routed to it. Fix the topology, but be mindful about causing this issue elsewhere.",
  "vague_template_idx": 2,
  "precise_template_idx": 2
}