{
  "pair_id": "cluster_med_20",
  "modality": "tools_only",
  "query_type": "vague",
  "run_config": {
    "model": "gpt-5.4",
    "temperature": null,
    "seed": null,
    "enable_visual": false,
    "query_type": "vague",
    "max_iters": 25,
    "guard_config": [
      {
        "name": "total_weighted_distance",
        "bound_kind": "max_pct_increase",
        "max_pct_increase": 0.05
      },
      {
        "name": "p90_voter_distance",
        "bound_kind": "max_abs_increase",
        "max_abs_increase": 0.0
      }
    ]
  },
  "status": "completed",
  "result_schema_version": 1,
  "termination_reason": "explicit_submit",
  "baseline_digest": "23768a7fd3095387c798cf44fc2ef2a71f06656e3341c91c582dc54d6122318a",
  "guard_config": [
    {
      "name": "total_weighted_distance",
      "bound_kind": "max_pct_increase",
      "max_pct_increase": 0.05
    },
    {
      "name": "p90_voter_distance",
      "bound_kind": "max_abs_increase",
      "max_abs_increase": 0.0
    }
  ],
  "metadata": {
    "archetype": "cluster",
    "cluster_center": [
      3.2264583909612874,
      2.228658967324909
    ],
    "cluster_radius": 1.3,
    "affected_sites": [
      0,
      2,
      5,
      7
    ],
    "cluster_size": 4,
    "cluster_density_ratio": 4.18553433509258,
    "cluster_min_sites": 4,
    "cluster_density_factor": 2.0,
    "base_seed": 8569,
    "attempt": 0,
    "pair_id": "cluster_med_20",
    "difficulty": "med",
    "tier_kwargs": {
      "cluster_radius": 1.3,
      "cluster_min_sites": 4,
      "cluster_density_factor": 2.0
    },
    "per_catchment_solidity": {
      "0": {
        "A": 3.381227746774072,
        "A_hull": 3.587030630539634,
        "solidity": 0.9426258359732488
      },
      "2": {
        "A": 3.39132850180551,
        "A_hull": 4.345849852276459,
        "solidity": 0.7803602556653108
      },
      "3": {
        "A": 3.790308325547335,
        "A_hull": 5.866013484507967,
        "solidity": 0.646147223417994
      },
      "5": {
        "A": 5.858437918234388,
        "A_hull": 12.531249210878514,
        "solidity": 0.46750629722921916
      },
      "7": {
        "A": 3.4241559556576857,
        "A_hull": 6.57937930860332,
        "solidity": 0.5204375359815773
      },
      "8": {
        "A": 5.689250271457792,
        "A_hull": 9.067952829474004,
        "solidity": 0.6274018379281536
      },
      "9": {
        "A": 7.350824474129442,
        "A_hull": 9.240928259387386,
        "solidity": 0.7954638611832221
      },
      "13": {
        "A": 4.290295699603546,
        "A_hull": 4.69558849524002,
        "solidity": 0.9136864748588329
      },
      "16": {
        "A": 8.704325648342214,
        "A_hull": 10.668922501957022,
        "solidity": 0.8158579881656804
      },
      "19": {
        "A": 5.461983283250423,
        "A_hull": 6.55665260978258,
        "solidity": 0.8330444829578281
      },
      "26": {
        "A": 8.126057422792355,
        "A_hull": 9.657584404434228,
        "solidity": 0.8414171787161725
      },
      "28": {
        "A": 5.174111764854423,
        "A_hull": 5.503648897755109,
        "solidity": 0.9401238816242256
      },
      "29": {
        "A": 3.760006060453019,
        "A_hull": 4.076917249564403,
        "solidity": 0.9222669557138439
      },
      "32": {
        "A": 6.287720007070529,
        "A_hull": 6.613469356834425,
        "solidity": 0.9507445589919815
      },
      "34": {
        "A": 8.641195929395723,
        "A_hull": 9.956819272240601,
        "solidity": 0.8678671062642658
      },
      "35": {
        "A": 6.403878689932073,
        "A_hull": 7.628595237494003,
        "solidity": 0.8394571333995366
      },
      "37": {
        "A": 4.7574556198075815,
        "A_hull": 10.336860180298478,
        "solidity": 0.4602418468303408
      },
      "39": {
        "A": 6.514986995277898,
        "A_hull": 6.821797429357847,
        "solidity": 0.9550249861188226
      }
    },
    "globally_clustered_sites": [
      0,
      2,
      5,
      7
    ],
    "clustered_sites_radius": 1.3,
    "clustered_sites_min_sites": 4,
    "vague_text": "I see way too many polling locations bunched together. They're so close that closing one or two wouldn't really hurt coverage.",
    "precise_text": "Polling sites 0, 2, 5, 7 are clustered together. That's wasteful \u2014 please reduce the cluster, but be mindful about creating clusters elsewhere.",
    "vague_template_idx": 4,
    "precise_template_idx": 3
  },
  "proposal": {
    "force_close": [
      0,
      5
    ],
    "rationale": "The currently opened sites include a tight cluster in the lower-left/central-south area: site 0 at (3.23,2.23), site 5 at (3.22,1.55), site 7 at (3.69,1.65), and site 2 at (2.29,2.64). Closing two of the most redundant nearby sites should reduce bunching while preserving broad coverage, letting the optimizer rebalance assignments globally under capacity constraints."
  },
  "score": {
    "query_id": "cluster_cluster_med_20_vague",
    "archetype": "cluster",
    "target_direction": "minimize",
    "target_baseline": 4.0,
    "target_response": 4.0,
    "raw_improvement": 0.0,
    "fraction_improved": 0.0,
    "guards": [
      {
        "name": "total_weighted_distance",
        "baseline": 70096.27834397113,
        "response": 70096.27834397113,
        "bound": 73601.09226116969,
        "violation": 0.0,
        "passed": true
      },
      {
        "name": "p90_voter_distance",
        "baseline": 2.395671408299087,
        "response": 2.395671408299087,
        "bound": 2.395671408299087,
        "violation": 0.0,
        "passed": true
      }
    ],
    "all_guards_passed": true,
    "feasible": true,
    "valid": true,
    "baseline_assignment_distance": 70096.27834397113,
    "final_assignment_distance": 70096.27834397113,
    "assignment_distance_delta": 0.0,
    "success": false
  },
  "superscore": {
    "selected_explored_index": 0,
    "selected_source": "baseline",
    "selected_iteration": -1,
    "selected_resolve_index": null,
    "selected_n_resolves": 0,
    "selected_n_local_edits": 0,
    "n_feasible_explored": 2,
    "selected_valid": true,
    "n_explored_valid": 1,
    "n_explored_primary_improved": 1,
    "n_explored_primary_improved_but_invalid": 1,
    "selection_reason": "Baseline selected: all explored primary-improving candidates were invalid.",
    "explored_scores": [
      {
        "explored_index": 0,
        "source": "baseline",
        "iteration": -1,
        "resolve_index": null,
        "n_resolves": 0,
        "n_local_edits": 0,
        "target_response": 4.0,
        "fraction_improved": 0.0,
        "valid": true,
        "success": false,
        "assignment_distance_delta": 0.0
      },
      {
        "explored_index": 1,
        "source": "resolve",
        "iteration": 2,
        "resolve_index": 1,
        "n_resolves": 1,
        "n_local_edits": 0,
        "target_response": 0.0,
        "fraction_improved": 1.0,
        "valid": false,
        "success": false,
        "assignment_distance_delta": 3883.694870999345
      }
    ],
    "explored_scores_full": [
      {
        "explored_index": 0,
        "source": "baseline",
        "iteration": -1,
        "resolve_index": null,
        "n_resolves": 0,
        "n_local_edits": 0,
        "proposal": null,
        "score": {
          "query_id": "cluster_cluster_med_20_vague",
          "archetype": "cluster",
          "target_direction": "minimize",
          "target_baseline": 4.0,
          "target_response": 4.0,
          "raw_improvement": 0.0,
          "fraction_improved": 0.0,
          "guards": [
            {
              "name": "total_weighted_distance",
              "baseline": 70096.27834397113,
              "response": 70096.27834397113,
              "bound": 73601.09226116969,
              "violation": 0.0,
              "passed": true
            },
            {
              "name": "p90_voter_distance",