{
  "pair_id": "cluster_med_24",
  "modality": "tools_only",
  "query_type": "vague",
  "run_config": {
    "model": "gpt-5.4",
    "temperature": null,
    "seed": null,
    "enable_visual": false,
    "query_type": "vague",
    "max_iters": 25,
    "guard_config": [
      {
        "name": "total_weighted_distance",
        "bound_kind": "max_pct_increase",
        "max_pct_increase": 0.05
      },
      {
        "name": "p90_voter_distance",
        "bound_kind": "max_abs_increase",
        "max_abs_increase": 0.0
      }
    ]
  },
  "status": "completed",
  "result_schema_version": 1,
  "termination_reason": "explicit_submit",
  "baseline_digest": "949b4753a60beb259719b14d88e58c7f551dd934173211f12779ac89956c11f4",
  "guard_config": [
    {
      "name": "total_weighted_distance",
      "bound_kind": "max_pct_increase",
      "max_pct_increase": 0.05
    },
    {
      "name": "p90_voter_distance",
      "bound_kind": "max_abs_increase",
      "max_abs_increase": 0.0
    }
  ],
  "metadata": {
    "archetype": "cluster",
    "cluster_center": [
      4.4845891828034015,
      1.8177162523131218
    ],
    "cluster_radius": 1.3,
    "affected_sites": [
      6,
      7,
      8,
      36
    ],
    "cluster_size": 4,
    "cluster_density_ratio": 4.18553433509258,
    "cluster_min_sites": 4,
    "cluster_density_factor": 2.0,
    "base_seed": 8617,
    "attempt": 0,
    "pair_id": "cluster_med_24",
    "difficulty": "med",
    "tier_kwargs": {
      "cluster_radius": 1.3,
      "cluster_min_sites": 4,
      "cluster_density_factor": 2.0
    },
    "per_catchment_solidity": {
      "0": {
        "A": 6.840736345041793,
        "A_hull": 7.979596474836495,
        "solidity": 0.8572784810126582
      },
      "1": {
        "A": 4.868563925153405,
        "A_hull": 4.954420342920635,
        "solidity": 0.9826707441386338
      },
      "3": {
        "A": 2.88881593899144,
        "A_hull": 2.787808388677054,
        "solidity": 1.0
      },
      "4": {
        "A": 4.9518951541627745,
        "A_hull": 7.651321936314738,
        "solidity": 0.6471947194719474
      },
      "6": {
        "A": 5.785207444256459,
        "A_hull": 6.36473826418525,
        "solidity": 0.9089466375719102
      },
      "7": {
        "A": 4.434231458801546,
        "A_hull": 5.343299411631019,
        "solidity": 0.8298676748582232
      },
      "8": {
        "A": 1.5125880659579305,
        "A_hull": 1.475972828968966,
        "solidity": 1.0
      },
      "10": {
        "A": 9.136132925936215,
        "A_hull": 10.444180702507513,
        "solidity": 0.8747582205029014
      },
      "15": {
        "A": 8.966945279159619,
        "A_hull": 11.038862654983458,
        "solidity": 0.8123069884479015
      },
      "18": {
        "A": 11.896164238276812,
        "A_hull": 13.249665412489584,
        "solidity": 0.8978463884124261
      },
      "20": {
        "A": 9.133607737178355,
        "A_hull": 10.055301633797123,
        "solidity": 0.9083375188347568
      },
      "23": {
        "A": 3.669099265170072,
        "A_hull": 3.564303931718896,
        "solidity": 1.0
      },
      "26": {
        "A": 4.5630160854523885,
        "A_hull": 4.718315194060755,
        "solidity": 0.9670858977789676
      },
      "29": {
        "A": 4.5806924067574055,
        "A_hull": 5.920305042801948,
        "solidity": 0.7737257410961829
      },
      "31": {
        "A": 5.3230979015681426,
        "A_hull": 5.4480947450821935,
        "solidity": 0.977056778679027
      },
      "32": {
        "A": 3.416580389384107,
        "A_hull": 3.431731521931265,
        "solidity": 0.9955849889624724
      },
      "35": {
        "A": 5.116032423423651,
        "A_hull": 5.3142597409156345,
        "solidity": 0.9626989783796626
      },
      "36": {
        "A": 3.9241433297138966,
        "A_hull": 3.8925784702406503,
        "solidity": 1.0
      }
    },
    "globally_clustered_sites": [
      6,
      7,
      8,
      36
    ],
    "clustered_sites_radius": 1.3,
    "clustered_sites_min_sites": 4,
    "vague_text": "Looking at the solution, I see an over-concentration of polling sites \u2014 several bunched together in a small area while other regions are sparser. Re-balance by reducing the cluster.",
    "precise_text": "Polling places 6, 7, 8, 36 are clustered too tightly together \u2014 I count 4 sites within roughly 1.3 km of each other. Close one or two of them and let the optimiser redistribute coverage, but be mindful about creating clusters elsewhere.",
    "vague_template_idx": 1,
    "precise_template_idx": 0
  },
  "proposal": {
    "force_close": [
      8
    ],
    "rationale": "Reduce the tight central-south cluster of opened sites around (4.3\u20135.2, 1.8\u20133.1) by closing site 8 at (4.48,1.82). It is the lightest-loaded member of that cluster (load 1322) and nearby opened sites 7 at (5.16,1.98), 6 at (4.35,3.06), and 36 at (4.72,0.63) can absorb demand while allowing the MILP to rebalance assignments globally."
  },
  "score": {
    "query_id": "cluster_cluster_med_24_vague",
    "archetype": "cluster",
    "target_direction": "minimize",
    "target_baseline": 4.0,
    "target_response": 0.0,
    "raw_improvement": 4.0,
    "fraction_improved": 1.0,
    "guards": [
      {
        "name": "total_weighted_distance",
        "baseline": 47153.32160972373,
        "response": 47218.4398078837,
        "bound": 49510.98769020992,
        "violation": 0.0,
        "passed": true
      },
      {
        "name": "p90_voter_distance",
        "baseline": 1.592346064511166,
        "response": 1.592346064511166,
        "bound": 1.592346064511166,
        "violation": 0.0,
        "passed": true
      }
    ],
    "all_guards_passed": true,
    "feasible": true,
    "valid": true,
    "baseline_assignment_distance": 47153.32160972373,
    "final_assignment_distance": 47218.4398078837,
    "assignment_distance_delta": 65.11819815996569,
    "success": true
  },
  "superscore": {
    "selected_explored_index": 1,
    "selected_source": "resolve",
    "selected_iteration": 3,
    "selected_resolve_index": 1,
    "selected_n_resolves": 1,
    "selected_n_local_edits": 0,
    "n_feasible_explored": 2,
    "selected_valid": true,
    "n_explored_valid": 2,
    "n_explored_primary_improved": 1,
    "n_explored_primary_improved_but_invalid": 0,
    "selection_reason": "Selected explored candidate is valid and improves the primary target.",
    "explored_scores": [
      {
        "explored_index": 0,
        "source": "baseline",
        "iteration": -1,
        "resolve_index": null,
        "n_resolves": 0,
        "n_local_edits": 0,
        "target_response": 4.0,
        "fraction_improved": 0.0,
        "valid": true,
        "success": false,
        "assignment_distance_delta": 0.0
      },
      {
        "explored_index": 1,
        "source": "resolve",
        "iteration": 3,
        "resolve_index": 1,
        "n_resolves": 1,
        "n_local_edits": 0,
        "target_response": 0.0,
        "fraction_improved": 1.0,
        "valid": true,
        "success": true,
        "assignment_distance_delta": 65.11819815996569
      }
    ],
    "explored_scores_full": [
      {
        "explored_index": 0,
        "source": "baseline",
        "iteration": -1,
        "resolve_index": null,
        "n_resolves": 0,
        "n_local_edits": 0,
        "proposal": null,
        "score": {
          "query_id": "cluster_cluster_med_24_vague",
          "archetype": "cluster",
          "target_direction": "minimize",
          "target_baseline": 4.0,
          "target_response": 4.0,
          "raw_improvement": 0.0,
          "fraction_improved": 0.0,
          "guards": [
            {
              "name": "total_weighted_distance",
              "baseline": 47153.32160972373,
              "response": 47153.32160972373,
              "bound": 49510.98769020992,
              "violation": 0.0,