{
  "pair_id": "cluster_med_04",
  "modality": "tools_only",
  "query_type": "vague",
  "run_config": {
    "model": "gpt-5.4",
    "temperature": null,
    "seed": null,
    "enable_visual": false,
    "query_type": "vague",
    "max_iters": 25,
    "guard_config": [
      {
        "name": "total_weighted_distance",
        "bound_kind": "max_pct_increase",
        "max_pct_increase": 0.05
      },
      {
        "name": "p90_voter_distance",
        "bound_kind": "max_abs_increase",
        "max_abs_increase": 0.0
      }
    ]
  },
  "status": "completed",
  "result_schema_version": 1,
  "termination_reason": "explicit_submit",
  "baseline_digest": "5f2626788d6d74fc0fce89c83b6d80f186de9652ed50582d8a0aef617fcea08e",
  "guard_config": [
    {
      "name": "total_weighted_distance",
      "bound_kind": "max_pct_increase",
      "max_pct_increase": 0.05
    },
    {
      "name": "p90_voter_distance",
      "bound_kind": "max_abs_increase",
      "max_abs_increase": 0.0
    }
  ],
  "metadata": {
    "archetype": "cluster",
    "cluster_center": [
      1.790049395315413,
      3.303862206304877
    ],
    "cluster_radius": 1.3,
    "affected_sites": [
      2,
      3,
      7,
      37
    ],
    "cluster_size": 4,
    "cluster_density_ratio": 4.18553433509258,
    "cluster_min_sites": 4,
    "cluster_density_factor": 2.0,
    "base_seed": 8028,
    "attempt": 0,
    "pair_id": "cluster_med_04",
    "difficulty": "med",
    "tier_kwargs": {
      "cluster_radius": 1.3,
      "cluster_min_sites": 4,
      "cluster_density_factor": 2.0
    },
    "per_catchment_solidity": {
      "0": {
        "A": 3.052953208252317,
        "A_hull": 3.9014166308931593,
        "solidity": 0.7825242718446603
      },
      "1": {
        "A": 4.676649579556073,
        "A_hull": 6.424080199994948,
        "solidity": 0.7279874213836481
      },
      "2": {
        "A": 2.59841923183758,
        "A_hull": 3.2145652887553346,
        "solidity": 0.8083267871170463
      },
      "3": {
        "A": 3.5049619959091944,
        "A_hull": 4.467058912653723,
        "solidity": 0.7846240814019216
      },
      "4": {
        "A": 5.833186030655792,
        "A_hull": 7.513699149011388,
        "solidity": 0.7763401109057303
      },
      "5": {
        "A": 5.6059190424484235,
        "A_hull": 6.459432842604987,
        "solidity": 0.8678655199374509
      },
      "6": {
        "A": 4.787757884901897,
        "A_hull": 8.172773414812758,
        "solidity": 0.5858180132859571
      },
      "7": {
        "A": 4.449382591348704,
        "A_hull": 4.453170374485493,
        "solidity": 0.9991494187694926
      },
      "13": {
        "A": 6.143784247872529,
        "A_hull": 6.139996464735735,
        "solidity": 1.0
      },
      "19": {
        "A": 7.815459205575618,
        "A_hull": 8.835635463750913,
        "solidity": 0.8845384395541587
      },
      "20": {
        "A": 4.714527410923967,
        "A_hull": 5.12360798969723,
        "solidity": 0.9201577131591918
      },
      "21": {
        "A": 7.211939092447161,
        "A_hull": 9.0212368374536,
        "solidity": 0.7994401679496151
      },
      "24": {
        "A": 12.13858235903134,
        "A_hull": 12.817858134895584,
        "solidity": 0.9470055161544524
      },
      "26": {
        "A": 10.416403626171057,
        "A_hull": 12.257266230650737,
        "solidity": 0.8498145859085294
      },
      "29": {
        "A": 4.355950607307896,
        "A_hull": 4.849625009469458,
        "solidity": 0.8982035928143713
      },
      "31": {
        "A": 2.9645716017272297,
        "A_hull": 2.8496755132446157,
        "solidity": 1.0
      },
      "35": {
        "A": 5.532688568470494,
        "A_hull": 6.272568874523366,
        "solidity": 0.8820450885668284
      },
      "37": {
        "A": 5.204414029948739,
        "A_hull": 5.864750890129038,
        "solidity": 0.8874058127018299
      }
    },
    "globally_clustered_sites": [
      2,
      3,
      7,
      37
    ],
    "clustered_sites_radius": 1.3,
    "clustered_sites_min_sites": 4,
    "vague_text": "The current solution clusters too many sites in a small area. It looks redundant \u2014 please thin the cluster out.",
    "precise_text": "Polling sites 2, 3, 7, 37 are clustered together. That's wasteful \u2014 please reduce the cluster, but be mindful about creating clusters elsewhere.",
    "vague_template_idx": 2,
    "precise_template_idx": 3
  },
  "proposal": {
    "force_close": [
      0
    ],
    "rationale": "Thin the densest lower-central cluster by closing site 0 at (4.52,1.91), which sits very near other opened sites 5 at (3.83,1.95), 31 at (4.02,0.47), and 1 at (6.84,1.99). This is a minimal intervention removing one redundant site from the tight 4-site band across y\u22480.5\u20132.0 while letting the MILP re-balance assignments globally under capacity."
  },
  "score": {
    "query_id": "cluster_cluster_med_04_vague",
    "archetype": "cluster",
    "target_direction": "minimize",
    "target_baseline": 4.0,
    "target_response": 0.0,
    "raw_improvement": 4.0,
    "fraction_improved": 1.0,
    "guards": [
      {
        "name": "total_weighted_distance",
        "baseline": 53085.17888701029,
        "response": 53190.39107964519,
        "bound": 55739.43783136081,
        "violation": 0.0,
        "passed": true
      },
      {
        "name": "p90_voter_distance",
        "baseline": 1.8776341899403086,
        "response": 1.8776341899403086,
        "bound": 1.8776341899403086,
        "violation": 0.0,
        "passed": true
      }
    ],
    "all_guards_passed": true,
    "feasible": true,
    "valid": true,
    "baseline_assignment_distance": 53085.17888701029,
    "final_assignment_distance": 53190.39107964519,
    "assignment_distance_delta": 105.21219263489911,
    "success": true
  },
  "superscore": {
    "selected_explored_index": 1,
    "selected_source": "resolve",
    "selected_iteration": 2,
    "selected_resolve_index": 1,
    "selected_n_resolves": 1,
    "selected_n_local_edits": 0,
    "n_feasible_explored": 2,
    "selected_valid": true,
    "n_explored_valid": 2,
    "n_explored_primary_improved": 1,
    "n_explored_primary_improved_but_invalid": 0,
    "selection_reason": "Selected explored candidate is valid and improves the primary target.",
    "explored_scores": [
      {
        "explored_index": 0,
        "source": "baseline",
        "iteration": -1,
        "resolve_index": null,
        "n_resolves": 0,
        "n_local_edits": 0,
        "target_response": 4.0,
        "fraction_improved": 0.0,
        "valid": true,
        "success": false,
        "assignment_distance_delta": 0.0
      },
      {
        "explored_index": 1,
        "source": "resolve",
        "iteration": 2,
        "resolve_index": 1,
        "n_resolves": 1,
        "n_local_edits": 0,
        "target_response": 0.0,
        "fraction_improved": 1.0,
        "valid": true,
        "success": true,
        "assignment_distance_delta": 105.21219263489911
      }
    ],
    "explored_scores_full": [
      {
        "explored_index": 0,
        "source": "baseline",
        "iteration": -1,
        "resolve_index": null,
        "n_resolves": 0,
        "n_local_edits": 0,
        "proposal": null,
        "score": {
          "query_id": "cluster_cluster_med_04_vague",
          "archetype": "cluster",
          "target_direction": "minimize",
          "target_baseline": 4.0,
          "target_response": 4.0,
          "raw_improvement": 0.0,
          "fraction_improved": 0.0,
          "guards": [
            {
              "name": "total_weighted_distance",
              "baseline": 53085.17888701029,
              "response": 53085.17888701029,
              "bound": 55739.43783136081,
              "violation": 0.0,
              "passed": true
            },
            {
              "name": "p90_voter_distance",
              "baseline": 1.8776341899403086,