{
  "pair_id": "cluster_med_06",
  "modality": "tools_only",
  "query_type": "vague",
  "run_config": {
    "model": "gpt-5.4",
    "temperature": null,
    "seed": null,
    "enable_visual": false,
    "query_type": "vague",
    "max_iters": 25,
    "guard_config": [
      {
        "name": "total_weighted_distance",
        "bound_kind": "max_pct_increase",
        "max_pct_increase": 0.05
      },
      {
        "name": "p90_voter_distance",
        "bound_kind": "max_abs_increase",
        "max_abs_increase": 0.0
      }
    ]
  },
  "status": "completed",
  "result_schema_version": 1,
  "termination_reason": "explicit_submit",
  "baseline_digest": "af4cc34db9c347b089544a7707d1843ee8f2023d9dc59fe6fc9b96edf1b16e62",
  "guard_config": [
    {
      "name": "total_weighted_distance",
      "bound_kind": "max_pct_increase",
      "max_pct_increase": 0.05
    },
    {
      "name": "p90_voter_distance",
      "bound_kind": "max_abs_increase",
      "max_abs_increase": 0.0
    }
  ],
  "metadata": {
    "archetype": "cluster",
    "cluster_center": [
      5.742283231914128,
      3.1550677765725474
    ],
    "cluster_radius": 1.3,
    "affected_sites": [
      2,
      3,
      4,
      8
    ],
    "cluster_size": 4,
    "cluster_density_ratio": 4.18553433509258,
    "cluster_min_sites": 4,
    "cluster_density_factor": 2.0,
    "base_seed": 8114,
    "attempt": 0,
    "pair_id": "cluster_med_06",
    "difficulty": "med",
    "tier_kwargs": {
      "cluster_radius": 1.3,
      "cluster_min_sites": 4,
      "cluster_density_factor": 2.0
    },
    "per_catchment_solidity": {
      "1": {
        "A": 2.686800838362668,
        "A_hull": 2.590843665564001,
        "solidity": 1.0
      },
      "2": {
        "A": 3.9519204060503528,
        "A_hull": 8.478321254513776,
        "solidity": 0.46612062546537597
      },
      "3": {
        "A": 3.565566526097826,
        "A_hull": 7.281381783288302,
        "solidity": 0.48968267730189
      },
      "4": {
        "A": 3.669099265170072,
        "A_hull": 4.876139491426985,
        "solidity": 0.7524598653547385
      },
      "6": {
        "A": 5.381177242998914,
        "A_hull": 5.544051917880862,
        "solidity": 0.9706217262582556
      },
      "7": {
        "A": 3.840812100704528,
        "A_hull": 4.91527991717381,
        "solidity": 0.7814025173388132
      },
      "8": {
        "A": 3.3231484053432996,
        "A_hull": 3.6375344056968264,
        "solidity": 0.9135716765012147
      },
      "10": {
        "A": 7.252342112572916,
        "A_hull": 7.302845887730104,
        "solidity": 0.9930843706777324
      },
      "11": {
        "A": 6.123582737809652,
        "A_hull": 6.449332087573545,
        "solidity": 0.9494909945184028
      },
      "15": {
        "A": 6.722052473422389,
        "A_hull": 8.032625438751547,
        "solidity": 0.8368437598239549
      },
      "21": {
        "A": 6.71700209590667,
        "A_hull": 6.689225019570211,
        "solidity": 1.0
      },
      "26": {
        "A": 9.997222292366356,
        "A_hull": 10.694174389535616,
        "solidity": 0.9348288075560806
      },
      "27": {
        "A": 6.868513421378249,
        "A_hull": 9.136132925936215,
        "solidity": 0.7517965726920951
      },
      "28": {
        "A": 5.807934143077196,
        "A_hull": 7.205626120552512,
        "solidity": 0.806027685298756
      },
      "33": {
        "A": 11.34314790030555,
        "A_hull": 12.528724022120654,
        "solidity": 0.9053713594679029
      },
      "36": {
        "A": 5.063003459508598,
        "A_hull": 4.926643266584177,
        "solidity": 1.0
      },
      "37": {
        "A": 5.12613317845509,
        "A_hull": 4.996085957425316,
        "solidity": 1.0
      },
      "38": {
        "A": 3.5680917148556857,
        "A_hull": 3.9784348880078793,
        "solidity": 0.8968581402729291
      }
    },
    "globally_clustered_sites": [
      2,
      3,
      4,
      8
    ],
    "clustered_sites_radius": 1.3,
    "clustered_sites_min_sites": 4,
    "vague_text": "There's a cluster of polling places packed too tightly somewhere in the county. Multiple sites within a small radius is redundant when one or two would suffice. Spread them out by closing some, freeing budget for sparser areas.",
    "precise_text": "There's an over-concentration of polling places: sites 2, 3, 4, 8 are within walking distance of each other. Close some so we free budget for sparser areas, but be mindful about creating clusters elsewhere.",
    "vague_template_idx": 0,
    "precise_template_idx": 2
  },
  "proposal": {
    "force_close": [
      3,
      8
    ],
    "rationale": "The densest redundancy is the central-east cluster of opened sites 2 (5.74,3.16), 3 (5.86,2.00), 8 (6.34,2.32), and 7 (7.48,3.43), all within about 1.2\u20132.2 km of each other. Sites 3 and 8 are both nearly full libraries embedded inside that cluster, while nearby opened sites 2, 7, 11, 36, 38, and 4 provide surrounding coverage. Closing 3 and 8 should spread service outward by forcing re-optimisation around adjacent sites and free two openings from the tightest-packed area."
  },
  "score": {
    "query_id": "cluster_cluster_med_06_vague",
    "archetype": "cluster",
    "target_direction": "minimize",
    "target_baseline": 4.0,
    "target_response": 4.0,
    "raw_improvement": 0.0,
    "fraction_improved": 0.0,
    "guards": [
      {
        "name": "total_weighted_distance",
        "baseline": 57782.34495173415,
        "response": 57782.34495173415,
        "bound": 60671.462199320864,
        "violation": 0.0,
        "passed": true
      },
      {
        "name": "p90_voter_distance",
        "baseline": 2.0502163568964127,
        "response": 2.0502163568964127,
        "bound": 2.0502163568964127,
        "violation": 0.0,
        "passed": true
      }
    ],
    "all_guards_passed": true,
    "feasible": true,
    "valid": true,
    "baseline_assignment_distance": 57782.34495173415,
    "final_assignment_distance": 57782.34495173415,
    "assignment_distance_delta": 0.0,
    "success": false
  },
  "superscore": {
    "selected_explored_index": 0,
    "selected_source": "baseline",
    "selected_iteration": -1,
    "selected_resolve_index": null,
    "selected_n_resolves": 0,
    "selected_n_local_edits": 0,
    "n_feasible_explored": 2,
    "selected_valid": true,
    "n_explored_valid": 1,
    "n_explored_primary_improved": 1,
    "n_explored_primary_improved_but_invalid": 1,
    "selection_reason": "Baseline selected: all explored primary-improving candidates were invalid.",
    "explored_scores": [
      {
        "explored_index": 0,
        "source": "baseline",
        "iteration": -1,
        "resolve_index": null,
        "n_resolves": 0,
        "n_local_edits": 0,
        "target_response": 4.0,
        "fraction_improved": 0.0,
        "valid": true,
        "success": false,
        "assignment_distance_delta": 0.0
      },
      {
        "explored_index": 1,
        "source": "resolve",
        "iteration": 2,
        "resolve_index": 1,
        "n_resolves": 1,
        "n_local_edits": 0,
        "target_response": 0.0,
        "fraction_improved": 1.0,
        "valid": false,
        "success": false,
        "assignment_distance_delta": 2463.2467689868645
      }
    ],
    "explored_scores_full": [
      {
        "explored_index": 0,
        "source": "baseline",
        "iteration": -1,
        "resolve_index": null,
        "n_resolves": 0,
        "n_local_edits": 0,
        "proposal": null,
        "score": {
          "query_id": "cluster_cluster_med_06_vague",
          "archetype": "cluster",
          "target_direction": "minimize",
          "target_baseline": 4.0,
          "target_response": 4.0,
          "raw_improvement": 0.0,
          "fraction_improved": 0.0,
          "guards": [
            {
              "name": "total_weighted_distance",
              "baseline": 57782.34495173415,