{
  "pair_id": "cluster_med_13",
  "modality": "tools_only",
  "query_type": "vague",
  "run_config": {
    "model": "gpt-5.4",
    "temperature": null,
    "seed": null,
    "enable_visual": false,
    "query_type": "vague",
    "max_iters": 25,
    "guard_config": [
      {
        "name": "total_weighted_distance",
        "bound_kind": "max_pct_increase",
        "max_pct_increase": 0.05
      },
      {
        "name": "p90_voter_distance",
        "bound_kind": "max_abs_increase",
        "max_abs_increase": 0.0
      }
    ]
  },
  "status": "completed",
  "result_schema_version": 1,
  "termination_reason": "explicit_submit",
  "baseline_digest": "02c7f4faf5c8ee91bc1a7839d09fdfc26a5b49825a8f3861a14add4924df2a7e",
  "guard_config": [
    {
      "name": "total_weighted_distance",
      "bound_kind": "max_pct_increase",
      "max_pct_increase": 0.05
    },
    {
      "name": "p90_voter_distance",
      "bound_kind": "max_abs_increase",
      "max_abs_increase": 0.0
    }
  ],
  "metadata": {
    "archetype": "cluster",
    "cluster_center": [
      6.502482154053298,
      1.4615361051652538
    ],
    "cluster_radius": 1.3,
    "affected_sites": [
      3,
      6,
      31,
      38
    ],
    "cluster_size": 4,
    "cluster_density_ratio": 4.18553433509258,
    "cluster_min_sites": 4,
    "cluster_density_factor": 2.0,
    "base_seed": 8364,
    "attempt": 0,
    "pair_id": "cluster_med_13",
    "difficulty": "med",
    "tier_kwargs": {
      "cluster_radius": 1.3,
      "cluster_min_sites": 4,
      "cluster_density_factor": 2.0
    },
    "per_catchment_solidity": {
      "0": {
        "A": 5.5882427211434065,
        "A_hull": 6.172823918587917,
        "solidity": 0.9052976068725709
      },
      "3": {
        "A": 6.287720007070529,
        "A_hull": 9.081841367642232,
        "solidity": 0.6923397747810371
      },
      "4": {
        "A": 4.972096664225651,
        "A_hull": 5.369813893588548,
        "solidity": 0.9259346343757344
      },
      "5": {
        "A": 5.222090351253756,
        "A_hull": 5.547839701017653,
        "solidity": 0.9412835685025032
      },
      "6": {
        "A": 4.03777682381758,
        "A_hull": 4.671599202040352,
        "solidity": 0.8643243243243244
      },
      "7": {
        "A": 1.6817757127345272,
        "A_hull": 1.635059720714124,
        "solidity": 1.0
      },
      "8": {
        "A": 4.257468245751371,
        "A_hull": 4.879927274563774,
        "solidity": 0.872445019404916
      },
      "13": {
        "A": 6.267518497007652,
        "A_hull": 9.393702179237897,
        "solidity": 0.667204301075269
      },
      "14": {
        "A": 12.411302744880182,
        "A_hull": 14.302669124517056,
        "solidity": 0.8677612994350284
      },
      "15": {
        "A": 6.969520971692635,
        "A_hull": 8.642458523774653,
        "solidity": 0.8064280496712929
      },
      "26": {
        "A": 5.479659604555441,
        "A_hull": 5.771318906088231,
        "solidity": 0.9494640122511485
      },
      "28": {
        "A": 10.295194565793794,
        "A_hull": 10.557814196611195,
        "solidity": 0.9751255680459223
      },
      "31": {
        "A": 4.353425418550037,
        "A_hull": 4.3736269286129135,
        "solidity": 0.9953810623556584
      },
      "34": {
        "A": 6.633670866897301,
        "A_hull": 7.297795510214387,
        "solidity": 0.9089965397923878
      },
      "35": {
        "A": 4.108482109037651,
        "A_hull": 6.044039291937073,
        "solidity": 0.6797576770419888
      },
      "36": {
        "A": 4.517562687810915,
        "A_hull": 5.898840938360143,
        "solidity": 0.7658390410958904
      },
      "37": {
        "A": 6.156410191661827,
        "A_hull": 7.685411984545845,
        "solidity": 0.8010514210612781
      },
      "38": {
        "A": 1.7676321305017553,
        "A_hull": 1.6880886846291758,
        "solidity": 1.0
      }
    },
    "globally_clustered_sites": [
      3,
      6,
      31,
      38
    ],
    "clustered_sites_radius": 1.3,
    "clustered_sites_min_sites": 4,
    "vague_text": "There's a cluster of polling places packed too tightly somewhere in the county. Multiple sites within a small radius is redundant when one or two would suffice. Spread them out by closing some, freeing budget for sparser areas.",
    "precise_text": "Sites 3, 6, 31, 38 form a tight cluster of 4 polling places in a small area. That's redundant \u2014 please thin it out, but be mindful about creating clusters elsewhere.",
    "vague_template_idx": 0,
    "precise_template_idx": 1
  },
  "proposal": {
    "force_close": [
      31,
      38
    ],
    "rationale": "The tightest redundant cluster is in the south-central/east-south area: site 31 at (6.47,0.79) and site 38 at (5.68,0.51) are only about 0.84 km apart, and both sit near already-open site 3 at (6.50,1.46). This creates three open sites within roughly a 1 km radius. Closing the two closest pair members (31 and 38) should spread service outward while site 3 and the rest of the network absorb demand via global re-optimization."
  },
  "score": {
    "query_id": "cluster_cluster_med_13_vague",
    "archetype": "cluster",
    "target_direction": "minimize",
    "target_baseline": 4.0,
    "target_response": 0.0,
    "raw_improvement": 4.0,
    "fraction_improved": 1.0,
    "guards": [
      {
        "name": "total_weighted_distance",
        "baseline": 49542.40769485236,
        "response": 50663.82929442501,
        "bound": 52019.52807959498,
        "violation": 0.0,
        "passed": true
      },
      {
        "name": "p90_voter_distance",
        "baseline": 1.78945893060318,
        "response": 1.7380300103294641,
        "bound": 1.78945893060318,
        "violation": 0.0,
        "passed": true
      }
    ],
    "all_guards_passed": true,
    "feasible": true,
    "valid": true,
    "baseline_assignment_distance": 49542.40769485236,
    "final_assignment_distance": 50663.82929442501,
    "assignment_distance_delta": 1121.4215995726554,
    "success": true
  },
  "superscore": {
    "selected_explored_index": 1,
    "selected_source": "resolve",
    "selected_iteration": 2,
    "selected_resolve_index": 1,
    "selected_n_resolves": 1,
    "selected_n_local_edits": 0,
    "n_feasible_explored": 2,
    "selected_valid": true,
    "n_explored_valid": 2,
    "n_explored_primary_improved": 1,
    "n_explored_primary_improved_but_invalid": 0,
    "selection_reason": "Selected explored candidate is valid and improves the primary target.",
    "explored_scores": [
      {
        "explored_index": 0,
        "source": "baseline",
        "iteration": -1,
        "resolve_index": null,
        "n_resolves": 0,
        "n_local_edits": 0,
        "target_response": 4.0,
        "fraction_improved": 0.0,
        "valid": true,
        "success": false,
        "assignment_distance_delta": 0.0
      },
      {
        "explored_index": 1,
        "source": "resolve",
        "iteration": 2,
        "resolve_index": 1,
        "n_resolves": 1,
        "n_local_edits": 0,
        "target_response": 0.0,
        "fraction_improved": 1.0,
        "valid": true,
        "success": true,
        "assignment_distance_delta": 1121.4215995726554
      }
    ],
    "explored_scores_full": [
      {
        "explored_index": 0,
        "source": "baseline",
        "iteration": -1,
        "resolve_index": null,
        "n_resolves": 0,
        "n_local_edits": 0,
        "proposal": null,
        "score": {
          "query_id": "cluster_cluster_med_13_vague",
          "archetype": "cluster",
          "target_direction": "minimize",
          "target_baseline": 4.0,
          "target_response": 4.0,
          "raw_improvement": 0.0,
          "fraction_improved": 0.0,
          "guards": [
            {
              "name": "total_weighted_distance",
              "baseline": 49542.40769485236,
              "response": 49542.40769485236,