{
  "pair_id": "cluster_med_07",
  "modality": "tools_only",
  "query_type": "vague",
  "run_config": {
    "model": "gpt-5.4",
    "temperature": null,
    "seed": null,
    "enable_visual": false,
    "query_type": "vague",
    "max_iters": 25,
    "guard_config": [
      {
        "name": "total_weighted_distance",
        "bound_kind": "max_pct_increase",
        "max_pct_increase": 0.05
      },
      {
        "name": "p90_voter_distance",
        "bound_kind": "max_abs_increase",
        "max_abs_increase": 0.0
      }
    ]
  },
  "status": "completed",
  "result_schema_version": 1,
  "termination_reason": "explicit_submit",
  "baseline_digest": "ad84b9ff2b26b2fc09dac677b051d8f4dd7f3a9c0bbf03abf399ee1352662b3e",
  "guard_config": [
    {
      "name": "total_weighted_distance",
      "bound_kind": "max_pct_increase",
      "max_pct_increase": 0.05
    },
    {
      "name": "p90_voter_distance",
      "bound_kind": "max_abs_increase",
      "max_abs_increase": 0.0
    }
  ],
  "metadata": {
    "archetype": "cluster",
    "cluster_center": [
      6.898352896900268,
      3.3378079888968215
    ],
    "cluster_radius": 1.3,
    "affected_sites": [
      0,
      2,
      6,
      8
    ],
    "cluster_size": 4,
    "cluster_density_ratio": 4.18553433509258,
    "cluster_min_sites": 4,
    "cluster_density_factor": 2.0,
    "base_seed": 8124,
    "attempt": 0,
    "pair_id": "cluster_med_07",
    "difficulty": "med",
    "tier_kwargs": {
      "cluster_radius": 1.3,
      "cluster_min_sites": 4,
      "cluster_density_factor": 2.0
    },
    "per_catchment_solidity": {
      "0": {
        "A": 4.123633241584809,
        "A_hull": 4.749880053534001,
        "solidity": 0.8681552365762893
      },
      "2": {
        "A": 3.6135451124971594,
        "A_hull": 4.671599202040353,
        "solidity": 0.7735135135135135
      },
      "3": {
        "A": 5.8887401833287045,
        "A_hull": 7.329360369687636,
        "solidity": 0.803445305770887
      },
      "4": {
        "A": 3.272644630186107,
        "A_hull": 3.7233908234640545,
        "solidity": 0.878942014242116
      },
      "6": {
        "A": 1.9039923234261764,
        "A_hull": 1.8484381707532644,
        "solidity": 1.0
      },
      "7": {
        "A": 4.717052599681827,
        "A_hull": 6.006161460569179,
        "solidity": 0.7853689299978978
      },
      "8": {
        "A": 4.469584101411581,
        "A_hull": 4.426655892527967,
        "solidity": 1.0
      },
      "9": {
        "A": 10.166409939142952,
        "A_hull": 10.74341557031388,
        "solidity": 0.946292161241039
      },
      "16": {
        "A": 5.714502159036389,
        "A_hull": 5.689250271457787,
        "solidity": 1.0
      },
      "20": {
        "A": 8.711901214615793,
        "A_hull": 10.857049064417566,
        "solidity": 0.8024188859169671
      },
      "21": {
        "A": 7.775056185449864,
        "A_hull": 9.30784576147067,
        "solidity": 0.8353228431904505
      },
      "24": {
        "A": 5.280169692684529,
        "A_hull": 5.506174086512967,
        "solidity": 0.9589543682641597
      },
      "25": {
        "A": 13.327946263983234,
        "A_hull": 14.417565212999673,
        "solidity": 0.9244242052719153
      },
      "31": {
        "A": 4.222115603141336,
        "A_hull": 4.446857402590845,
        "solidity": 0.9494605337876206
      },
      "33": {
        "A": 6.767505871063863,
        "A_hull": 8.230852756243529,
        "solidity": 0.8222119957048628
      },
      "35": {
        "A": 1.755006186712457,
        "A_hull": 1.7234413272392113,
        "solidity": 1.0
      },
      "38": {
        "A": 6.939218706598319,
        "A_hull": 7.312946642761546,
        "solidity": 0.9488950276243094
      },
      "39": {
        "A": 2.3585262998409133,
        "A_hull": 2.296659175273352,
        "solidity": 1.0
      }
    },
    "globally_clustered_sites": [
      0,
      2,
      6,
      8
    ],
    "clustered_sites_radius": 1.3,
    "clustered_sites_min_sites": 4,
    "vague_text": "There's an unnecessary concentration of opened sites somewhere on the map. Multiple sites within walking distance of each other is wasteful. Close one or two.",
    "precise_text": "Sites 0, 2, 6, 8 form a tight cluster of 4 polling places in a small area. That's redundant \u2014 please thin it out, but be mindful about creating clusters elsewhere.",
    "vague_template_idx": 3,
    "precise_template_idx": 1
  },
  "proposal": {
    "force_close": [
      6
    ],
    "rationale": "Opened sites 0 at (6.90,3.34), 8 at (7.20,2.92), and 6 at (6.80,4.60) form the tightest cluster of open sites in the plan; site 6 is within about 1.27 km of site 0 and about 1.74 km of site 8, and it has the lightest load in that cluster (1498/5000). Closing site 6 should reduce waste from redundant nearby openings while letting the solver re-balance nearby precincts to the adjacent open sites."
  },
  "score": {
    "query_id": "cluster_cluster_med_07_vague",
    "archetype": "cluster",
    "target_direction": "minimize",
    "target_baseline": 4.0,
    "target_response": 4.0,
    "raw_improvement": 0.0,
    "fraction_improved": 0.0,
    "guards": [
      {
        "name": "total_weighted_distance",
        "baseline": 50457.182995756426,
        "response": 50457.182995756426,
        "bound": 52980.04214554425,
        "violation": 0.0,
        "passed": true
      },
      {
        "name": "p90_voter_distance",
        "baseline": 1.6199485770544657,
        "response": 1.6199485770544657,
        "bound": 1.6199485770544657,
        "violation": 0.0,
        "passed": true
      }
    ],
    "all_guards_passed": true,
    "feasible": true,
    "valid": true,
    "baseline_assignment_distance": 50457.182995756426,
    "final_assignment_distance": 50457.182995756426,
    "assignment_distance_delta": 0.0,
    "success": false
  },
  "superscore": {
    "selected_explored_index": 0,
    "selected_source": "baseline",
    "selected_iteration": -1,
    "selected_resolve_index": null,
    "selected_n_resolves": 0,
    "selected_n_local_edits": 0,
    "n_feasible_explored": 2,
    "selected_valid": true,
    "n_explored_valid": 1,
    "n_explored_primary_improved": 1,
    "n_explored_primary_improved_but_invalid": 1,
    "selection_reason": "Baseline selected: all explored primary-improving candidates were invalid.",
    "explored_scores": [
      {
        "explored_index": 0,
        "source": "baseline",
        "iteration": -1,
        "resolve_index": null,
        "n_resolves": 0,
        "n_local_edits": 0,
        "target_response": 4.0,
        "fraction_improved": 0.0,
        "valid": true,
        "success": false,
        "assignment_distance_delta": 0.0
      },
      {
        "explored_index": 1,
        "source": "resolve",
        "iteration": 2,
        "resolve_index": 1,
        "n_resolves": 1,
        "n_local_edits": 0,
        "target_response": 0.0,
        "fraction_improved": 1.0,
        "valid": false,
        "success": false,
        "assignment_distance_delta": 451.0954293758041
      }
    ],
    "explored_scores_full": [
      {
        "explored_index": 0,
        "source": "baseline",
        "iteration": -1,
        "resolve_index": null,
        "n_resolves": 0,
        "n_local_edits": 0,
        "proposal": null,
        "score": {
          "query_id": "cluster_cluster_med_07_vague",
          "archetype": "cluster",
          "target_direction": "minimize",
          "target_baseline": 4.0,
          "target_response": 4.0,
          "raw_improvement": 0.0,
          "fraction_improved": 0.0,
          "guards": [
            {
              "name": "total_weighted_distance",
              "baseline": 50457.182995756426,
              "response": 50457.182995756426,
              "bound": 52980.04214554425,
              "violation": 0.0,
              "passed": true
            },
            {
              "name": "p90_voter_distance",