{
  "pair_id": "cluster_med_18",
  "modality": "tools_only",
  "query_type": "vague",
  "run_config": {
    "model": "gpt-5.4",
    "temperature": null,
    "seed": null,
    "enable_visual": false,
    "query_type": "vague",
    "max_iters": 25,
    "guard_config": [
      {
        "name": "total_weighted_distance",
        "bound_kind": "max_pct_increase",
        "max_pct_increase": 0.05
      },
      {
        "name": "p90_voter_distance",
        "bound_kind": "max_abs_increase",
        "max_abs_increase": 0.0
      }
    ]
  },
  "status": "completed",
  "result_schema_version": 1,
  "termination_reason": "explicit_submit",
  "baseline_digest": "f85033825b89da8497ec22561b3b15157998d8a876836de3311940be797bafb5",
  "guard_config": [
    {
      "name": "total_weighted_distance",
      "bound_kind": "max_pct_increase",
      "max_pct_increase": 0.05
    },
    {
      "name": "p90_voter_distance",
      "bound_kind": "max_abs_increase",
      "max_abs_increase": 0.0
    }
  ],
  "metadata": {
    "archetype": "cluster",
    "cluster_center": [
      2.9106129932260045,
      2.9038946926872575
    ],
    "cluster_radius": 1.3,
    "affected_sites": [
      0,
      1,
      2,
      3
    ],
    "cluster_size": 4,
    "cluster_density_ratio": 4.18553433509258,
    "cluster_min_sites": 4,
    "cluster_density_factor": 2.0,
    "base_seed": 8447,
    "attempt": 0,
    "pair_id": "cluster_med_18",
    "difficulty": "med",
    "tier_kwargs": {
      "cluster_radius": 1.3,
      "cluster_min_sites": 4,
      "cluster_density_factor": 2.0
    },
    "per_catchment_solidity": {
      "0": {
        "A": 5.709451781520669,
        "A_hull": 6.5654907704350896,
        "solidity": 0.8696153846153848
      },
      "1": {
        "A": 4.313022398424283,
        "A_hull": 5.849599757581881,
        "solidity": 0.7373192315993955
      },
      "2": {
        "A": 3.8357617231888086,
        "A_hull": 4.491048205853388,
        "solidity": 0.8540905257239246
      },
      "3": {
        "A": 3.7069770965379667,
        "A_hull": 3.9569707835660726,
        "solidity": 0.936821952776005
      },
      "4": {
        "A": 3.626171056286458,
        "A_hull": 3.7953587030630542,
        "solidity": 0.9554224883566201
      },
      "5": {
        "A": 6.593267846771547,
        "A_hull": 7.292745132698668,
        "solidity": 0.9040858725761776
      },
      "6": {
        "A": 3.272644630186107,
        "A_hull": 3.1893134011767392,
        "solidity": 1.0
      },
      "7": {
        "A": 3.3130476503118613,
        "A_hull": 5.035226383172142,
        "solidity": 0.657973921765296
      },
      "8": {
        "A": 5.701876215247091,
        "A_hull": 5.901366127118003,
        "solidity": 0.9661959777492513
      },
      "9": {
        "A": 6.661447943233758,
        "A_hull": 7.182899421731776,
        "solidity": 0.9274037616452804
      },
      "15": {
        "A": 9.17653594606197,
        "A_hull": 9.677785914497104,
        "solidity": 0.9482061317677762
      },
      "16": {
        "A": 4.131208807858388,
        "A_hull": 4.494835988990178,
        "solidity": 0.9191011235955056
      },
      "18": {
        "A": 7.2321406025100385,
        "A_hull": 8.745991262846896,
        "solidity": 0.8269091959001013
      },
      "21": {
        "A": 9.590666902350952,
        "A_hull": 10.001010075503144,
        "solidity": 0.9589698270420403
      },
      "22": {
        "A": 10.711850710840636,
        "A_hull": 15.955405166536197,
        "solidity": 0.6713618738624675
      },
      "23": {
        "A": 4.679174768313932,
        "A_hull": 5.0327011944142805,
        "solidity": 0.9297541394882093
      },
      "27": {
        "A": 6.391252746142775,
        "A_hull": 6.655134971339108,
        "solidity": 0.9603490798709923
      },
      "38": {
        "A": 2.3610514885987732,
        "A_hull": 2.284033231484054,
        "solidity": 1.0
      }
    },
    "globally_clustered_sites": [
      0,
      1,
      2,
      3
    ],
    "clustered_sites_radius": 1.3,
    "clustered_sites_min_sites": 4,
    "vague_text": "There's a cluster of polling places packed too tightly somewhere in the county. Multiple sites within a small radius is redundant when one or two would suffice. Spread them out by closing some, freeing budget for sparser areas.",
    "precise_text": "There's an over-concentration of polling places: sites 0, 1, 2, 3 are within walking distance of each other. Close some so we free budget for sparser areas, but be mindful about creating clusters elsewhere.",
    "vague_template_idx": 0,
    "precise_template_idx": 2
  },
  "proposal": {
    "force_close": [
      0
    ],
    "rationale": "Site 0 (1.93,2.40) is extremely close to opened site 3 (2.00,2.21), only about 0.20 km apart, making this a redundant cluster in the southwest. Close site 0 to free one slot and let the optimizer rebalance assignments toward nearby sites, improving geographic spread while making only a minimal intervention."
  },
  "score": {
    "query_id": "cluster_cluster_med_18_vague",
    "archetype": "cluster",
    "target_direction": "minimize",
    "target_baseline": 4.0,
    "target_response": 0.0,
    "raw_improvement": 4.0,
    "fraction_improved": 1.0,
    "guards": [
      {
        "name": "total_weighted_distance",
        "baseline": 54654.348157245666,
        "response": 54829.288401789585,
        "bound": 57387.06556510795,
        "violation": 0.0,
        "passed": true
      },
      {
        "name": "p90_voter_distance",
        "baseline": 1.7404257669818666,
        "response": 1.7404257669818666,
        "bound": 1.7404257669818666,
        "violation": 0.0,
        "passed": true
      }
    ],
    "all_guards_passed": true,
    "feasible": true,
    "valid": true,
    "baseline_assignment_distance": 54654.348157245666,
    "final_assignment_distance": 54829.288401789585,
    "assignment_distance_delta": 174.9402445439191,
    "success": true
  },
  "superscore": {
    "selected_explored_index": 1,
    "selected_source": "resolve",
    "selected_iteration": 1,
    "selected_resolve_index": 1,
    "selected_n_resolves": 1,
    "selected_n_local_edits": 0,
    "n_feasible_explored": 2,
    "selected_valid": true,
    "n_explored_valid": 2,
    "n_explored_primary_improved": 1,
    "n_explored_primary_improved_but_invalid": 0,
    "selection_reason": "Selected explored candidate is valid and improves the primary target.",
    "explored_scores": [
      {
        "explored_index": 0,
        "source": "baseline",
        "iteration": -1,
        "resolve_index": null,
        "n_resolves": 0,
        "n_local_edits": 0,
        "target_response": 4.0,
        "fraction_improved": 0.0,
        "valid": true,
        "success": false,
        "assignment_distance_delta": 0.0
      },
      {
        "explored_index": 1,
        "source": "resolve",
        "iteration": 1,
        "resolve_index": 1,
        "n_resolves": 1,
        "n_local_edits": 0,
        "target_response": 0.0,
        "fraction_improved": 1.0,
        "valid": true,
        "success": true,
        "assignment_distance_delta": 174.9402445439191
      }
    ],
    "explored_scores_full": [
      {
        "explored_index": 0,
        "source": "baseline",
        "iteration": -1,
        "resolve_index": null,
        "n_resolves": 0,
        "n_local_edits": 0,
        "proposal": null,
        "score": {
          "query_id": "cluster_cluster_med_18_vague",
          "archetype": "cluster",
          "target_direction": "minimize",
          "target_baseline": 4.0,
          "target_response": 4.0,
          "raw_improvement": 0.0,
          "fraction_improved": 0.0,
          "guards": [
            {
              "name": "total_weighted_distance",
              "baseline": 54654.348157245666,
              "response": 54654.348157245666,
              "bound": 57387.06556510795,
              "violation": 0.0,