{
  "pair_id": "cluster_med_03",
  "modality": "tools_only",
  "query_type": "vague",
  "run_config": {
    "model": "gpt-5.4",
    "temperature": null,
    "seed": null,
    "enable_visual": false,
    "query_type": "vague",
    "max_iters": 25,
    "guard_config": [
      {
        "name": "total_weighted_distance",
        "bound_kind": "max_pct_increase",
        "max_pct_increase": 0.05
      },
      {
        "name": "p90_voter_distance",
        "bound_kind": "max_abs_increase",
        "max_abs_increase": 0.0
      }
    ]
  },
  "status": "completed",
  "result_schema_version": 1,
  "termination_reason": "explicit_submit",
  "baseline_digest": "19cd739f61224db0c36b404273b8a179ecf4688d437bb36d8f67b999f74feea4",
  "guard_config": [
    {
      "name": "total_weighted_distance",
      "bound_kind": "max_pct_increase",
      "max_pct_increase": 0.05
    },
    {
      "name": "p90_voter_distance",
      "bound_kind": "max_abs_increase",
      "max_abs_increase": 0.0
    }
  ],
  "metadata": {
    "archetype": "cluster",
    "cluster_center": [
      3.4054014225834663,
      1.567747566734716
    ],
    "cluster_radius": 1.3,
    "affected_sites": [
      0,
      1,
      5,
      36
    ],
    "cluster_size": 4,
    "cluster_density_ratio": 4.18553433509258,
    "cluster_min_sites": 4,
    "cluster_density_factor": 2.0,
    "base_seed": 8019,
    "attempt": 0,
    "pair_id": "cluster_med_03",
    "difficulty": "med",
    "tier_kwargs": {
      "cluster_radius": 1.3,
      "cluster_min_sites": 4,
      "cluster_density_factor": 2.0
    },
    "per_catchment_solidity": {
      "0": {
        "A": 5.078154592055757,
        "A_hull": 9.715663745865006,
        "solidity": 0.5226770630279401
      },
      "1": {
        "A": 2.260043938284387,
        "A_hull": 2.23984242822151,
        "solidity": 1.0
      },
      "3": {
        "A": 3.4266811444155456,
        "A_hull": 4.982197419257091,
        "solidity": 0.6877850988342625
      },
      "5": {
        "A": 3.840812100704528,
        "A_hull": 6.324335244059497,
        "solidity": 0.6073068476741862
      },
      "6": {
        "A": 4.686750334587511,
        "A_hull": 6.028888159389914,
        "solidity": 0.7773821989528796
      },
      "7": {
        "A": 3.9342440847453353,
        "A_hull": 4.348375041034318,
        "solidity": 0.9047619047619048
      },
      "9": {
        "A": 10.53508749779046,
        "A_hull": 11.225726623065075,
        "solidity": 0.9384771116859746
      },
      "11": {
        "A": 5.931668392212319,
        "A_hull": 6.259942930734072,
        "solidity": 0.947559499798306
      },
      "21": {
        "A": 8.626044796848566,
        "A_hull": 9.300270195197092,
        "solidity": 0.9275047515612274
      },
      "23": {
        "A": 9.02502462059039,
        "A_hull": 10.056564228176056,
        "solidity": 0.8974262397991213
      },
      "24": {
        "A": 5.878639428297266,
        "A_hull": 6.578116714224387,
        "solidity": 0.8936660268714014
      },
      "29": {
        "A": 6.492260296457161,
        "A_hull": 6.781394409232089,
        "solidity": 0.9573636194377214
      },
      "31": {
        "A": 6.696800585843793,
        "A_hull": 8.578066210449231,
        "solidity": 0.7806888430968503
      },
      "32": {
        "A": 7.325572586550845,
        "A_hull": 7.821772177470269,
        "solidity": 0.9365617433414041
      },
      "33": {
        "A": 3.277695007701826,
        "A_hull": 3.5226383172142124,
        "solidity": 0.9304659498207885
      },
      "36": {
        "A": 2.469634605186738,
        "A_hull": 2.371152243630212,
        "solidity": 1.0
      },
      "37": {
        "A": 5.328148279083862,
        "A_hull": 5.55036488977551,
        "solidity": 0.9599636032757054
      },
      "39": {
        "A": 6.194288023029722,
        "A_hull": 7.124820080301001,
        "solidity": 0.8693957115009749
      }
    },
    "globally_clustered_sites": [
      0,
      1,
      5,
      36
    ],
    "clustered_sites_radius": 1.3,
    "clustered_sites_min_sites": 4,
    "vague_text": "There's a cluster of polling places packed too tightly somewhere in the county. Multiple sites within a small radius is redundant when one or two would suffice. Spread them out by closing some, freeing budget for sparser areas.",
    "precise_text": "Polling sites 0, 1, 5, 36 are clustered together. That's wasteful \u2014 please reduce the cluster, but be mindful about creating clusters elsewhere.",
    "vague_template_idx": 0,
    "precise_template_idx": 3
  },
  "proposal": {
    "force_close": [
      1,
      5
    ],
    "rationale": "The current open sites show a notably tight southwest cluster: site 1 at (3.41,1.57) and site 5 at (3.05,1.82) are only about 0.44 km apart, and both also sit near site 0 at (2.34,2.25) and site 36 at (3.80,0.53). Closing the two most redundant pair members should free budget so the solver can reopen sites in sparser areas while globally re-optimizing assignments under capacity constraints."
  },
  "score": {
    "query_id": "cluster_cluster_med_03_vague",
    "archetype": "cluster",
    "target_direction": "minimize",
    "target_baseline": 4.0,
    "target_response": 0.0,
    "raw_improvement": 4.0,
    "fraction_improved": 1.0,
    "guards": [
      {
        "name": "total_weighted_distance",
        "baseline": 53741.42631494907,
        "response": 54602.06315117678,
        "bound": 56428.497630696525,
        "violation": 0.0,
        "passed": true
      },
      {
        "name": "p90_voter_distance",
        "baseline": 1.9138907181675986,
        "response": 1.9109102601383303,
        "bound": 1.9138907181675986,
        "violation": 0.0,
        "passed": true
      }
    ],
    "all_guards_passed": true,
    "feasible": true,
    "valid": true,
    "baseline_assignment_distance": 53741.42631494907,
    "final_assignment_distance": 54602.06315117678,
    "assignment_distance_delta": 860.6368362277062,
    "success": true
  },
  "superscore": {
    "selected_explored_index": 1,
    "selected_source": "resolve",
    "selected_iteration": 1,
    "selected_resolve_index": 1,
    "selected_n_resolves": 1,
    "selected_n_local_edits": 0,
    "n_feasible_explored": 2,
    "selected_valid": true,
    "n_explored_valid": 2,
    "n_explored_primary_improved": 1,
    "n_explored_primary_improved_but_invalid": 0,
    "selection_reason": "Selected explored candidate is valid and improves the primary target.",
    "explored_scores": [
      {
        "explored_index": 0,
        "source": "baseline",
        "iteration": -1,
        "resolve_index": null,
        "n_resolves": 0,
        "n_local_edits": 0,
        "target_response": 4.0,
        "fraction_improved": 0.0,
        "valid": true,
        "success": false,
        "assignment_distance_delta": 0.0
      },
      {
        "explored_index": 1,
        "source": "resolve",
        "iteration": 1,
        "resolve_index": 1,
        "n_resolves": 1,
        "n_local_edits": 0,
        "target_response": 0.0,
        "fraction_improved": 1.0,
        "valid": true,
        "success": true,
        "assignment_distance_delta": 860.6368362277062
      }
    ],
    "explored_scores_full": [
      {
        "explored_index": 0,
        "source": "baseline",
        "iteration": -1,
        "resolve_index": null,
        "n_resolves": 0,
        "n_local_edits": 0,
        "proposal": null,
        "score": {
          "query_id": "cluster_cluster_med_03_vague",
          "archetype": "cluster",
          "target_direction": "minimize",
          "target_baseline": 4.0,
          "target_response": 4.0,
          "raw_improvement": 0.0,
          "fraction_improved": 0.0,
          "guards": [
            {
              "name": "total_weighted_distance",
              "baseline": 53741.42631494907,
              "response": 53741.42631494907,
              "bound": 56428.497630696525,
              "violation": 0.0,