{
  "archetype": "shape_niceness",
  "per_catchment_npi": {
    "1": {
      "A": 6.292770384586248,
      "P": 20.20100502512563,
      "NPI": 2.271679725835092,
      "n_cells": 2492
    },
    "2": {
      "A": 3.4670841645413,
      "P": 9.949748743718594,
      "NPI": 1.507387777897607,
      "n_cells": 1373
    },
    "3": {
      "A": 4.497361177748037,
      "P": 14.974874371859297,
      "NPI": 1.9919543084533688,
      "n_cells": 1781
    },
    "4": {
      "A": 2.6691245170576505,
      "P": 7.839195979899499,
      "NPI": 1.3535745267870813,
      "n_cells": 1057
    },
    "5": {
      "A": 4.69180071210323,
      "P": 11.35678391959799,
      "NPI": 1.4790424957888144,
      "n_cells": 1858
    },
    "7": {
      "A": 2.5908436655640013,
      "P": 7.939698492462313,
      "NPI": 1.3914848253482683,
      "n_cells": 1026
    },
    "10": {
      "A": 5.92156763718088,
      "P": 12.160804020100503,
      "NPI": 1.4097399605387584,
      "n_cells": 2345
    },
    "16": {
      "A": 3.136284437261686,
      "P": 10.251256281407036,
      "NPI": 1.632918229775693,
      "n_cells": 1242
    },
    "19": {
      "A": 4.919067700310599,
      "P": 10.653266331658292,
      "NPI": 1.3549911312213212,
      "n_cells": 1948
    },
    "21": {
      "A": 3.8307113456730897,
      "P": 10.954773869346734,
      "NPI": 1.5789150747530858,
      "n_cells": 1517
    },
    "23": {
      "A": 9.143708492209793,
      "P": 13.969849246231156,
      "NPI": 1.3032436019145615,
      "n_cells": 3621
    },
    "24": {
      "A": 7.307896265245828,
      "P": 14.2713567839196,
      "NPI": 1.489238121125448,
      "n_cells": 2894
    },
    "29": {
      "A": 10.423979192444637,
      "P": 15.376884422110553,
      "NPI": 1.343527778242776,
      "n_cells": 4128
    },
    "30": {
      "A": 5.8887401833287045,
      "P": 12.160804020100503,
      "NPI": 1.41366387766413,
      "n_cells": 2332
    },
    "33": {
      "A": 9.123506982146916,
      "P": 15.376884422110553,
      "NPI": 1.4360928292969957,
      "n_cells": 3613
    },
    "35": {
      "A": 5.610969419964143,
      "P": 13.165829145728644,
      "NPI": 1.567921560015631,
      "n_cells": 2222
    },
    "36": {
      "A": 5.247342238832354,
      "P": 10.251256281407036,
      "NPI": 1.2624159232824774,
      "n_cells": 2078
    },
    "39": {
      "A": 6.244791798186915,
      "P": 19.095477386934675,
      "NPI": 2.1555922148445146,
      "n_cells": 2473
    }
  },
  "mean_npi_baseline": 1.552410220154757,
  "max_npi_baseline": 2.271679725835092,
  "p90_npi_baseline": 2.0410456803707127,
  "n_catchments_baseline": 18,
  "worst_catchment_site": 1,
  "worst_catchment_npi": 2.271679725835092,
  "min_mean_npi_threshold": 1.2,
  "min_max_npi_threshold": 1.45,
  "base_seed": 7928,
  "attempt": 0,
  "uncapacitated": true,
  "pair_id": "shape_niceness_med_08",
  "difficulty": "med",
  "tier_kwargs": {
    "min_mean_npi": 1.2,
    "min_max_npi": 1.45
  },
  "per_catchment_solidity": {
    "1": {
      "A": 6.292770384586248,
      "A_hull": 8.733365319057603,
      "solidity": 0.7205435882608064
    },
    "2": {
      "A": 3.4670841645413,
      "A_hull": 3.8105098356102123,
      "solidity": 0.9098740888005302
    },
    "3": {
      "A": 4.497361177748037,
      "A_hull": 6.522562561551475,
      "solidity": 0.6895083236546653
    },
    "4": {
      "A": 2.6691245170576505,
      "A_hull": 2.655235978889422,
      "solidity": 1.0
    },
    "5": {
      "A": 4.69180071210323,
      "A_hull": 5.195575869296232,
      "solidity": 0.9030376670716886
    },
    "7": {
      "A": 2.5908436655640013,
      "A_hull": 2.5188757859650015,
      "solidity": 1.0
    },
    "10": {
      "A": 5.92156763718088,
      "A_hull": 6.139996464735738,
      "solidity": 0.9644252519021184
    },
    "16": {
      "A": 3.136284437261686,
      "A_hull": 3.518850534077423,
      "solidity": 0.891280947255113
    },
    "19": {
      "A": 4.919067700310599,
      "A_hull": 5.134971339107599,
      "solidity": 0.9579542660437669
    },
    "21": {
      "A": 3.8307113456730897,
      "A_hull": 4.2183278200045455,
      "solidity": 0.9081113439090094
    },
    "23": {
      "A": 9.143708492209793,
      "A_hull": 9.38486401858539,
      "solidity": 0.9743037804385847
    },
    "24": {
      "A": 7.307896265245828,
      "A_hull": 8.089442185803387,
      "solidity": 0.9033869205556426
    },
    "29": {
      "A": 10.423979192444637,
      "A_hull": 10.682811040125246,
      "solidity": 0.9757711854390738
    },
    "30": {
      "A": 5.8887401833287045,
      "A_hull": 6.196813211787581,
      "solidity": 0.9502852485737573
    },
    "33": {
      "A": 9.123506982146916,
      "A_hull": 10.008585641776724,
      "solidity": 0.9115680585341238
    },
    "35": {
      "A": 5.610969419964143,
      "A_hull": 5.983434761748439,
      "solidity": 0.9377505802912011
    },
    "36": {
      "A": 5.247342238832354,
      "A_hull": 5.085730158329336,
      "solidity": 1.0
    },
    "39": {
      "A": 6.244791798186915,
      "A_hull": 8.262417615716775,
      "solidity": 0.7558068459657703
    }
  },
  "globally_clustered_sites": [],
  "clustered_sites_radius": 1.35,
  "clustered_sites_min_sites": 4
}