{
  "archetype": "shape_niceness",
  "per_catchment_npi": {
    "0": {
      "A": 3.3686018029847733,
      "P": 11.859296482412061,
      "NPI": 1.822758600846214,
      "n_cells": 1334
    },
    "1": {
      "A": 3.7751571930001773,
      "P": 12.160804020100503,
      "NPI": 1.7655899075048154,
      "n_cells": 1495
    },
    "2": {
      "A": 4.489785611474458,
      "P": 15.175879396984925,
      "NPI": 2.0203942908456716,
      "n_cells": 1778
    },
    "3": {
      "A": 3.3105224615540014,
      "P": 10.653266331658292,
      "NPI": 1.6516939692589088,
      "n_cells": 1311
    },
    "4": {
      "A": 3.871114365798844,
      "P": 11.256281407035177,
      "NPI": 1.613882858657147,
      "n_cells": 1533
    },
    "5": {
      "A": 2.8282114088028085,
      "P": 8.14070351758794,
      "NPI": 1.3655294509730893,
      "n_cells": 1120
    },
    "8": {
      "A": 7.58314183985253,
      "P": 13.969849246231156,
      "NPI": 1.431074350452304,
      "n_cells": 3003
    },
    "10": {
      "A": 4.593318350546704,
      "P": 10.452261306532664,
      "NPI": 1.3757580206457156,
      "n_cells": 1819
    },
    "11": {
      "A": 6.618519734350143,
      "P": 12.763819095477388,
      "NPI": 1.3995720927591957,
      "n_cells": 2621
    },
    "12": {
      "A": 6.924067574051161,
      "P": 15.477386934673369,
      "NPI": 1.6592508899952279,
      "n_cells": 2742
    },
    "15": {
      "A": 5.883689805812986,
      "P": 12.864321608040202,
      "NPI": 1.4960877701461182,
      "n_cells": 2330
    },
    "17": {
      "A": 3.977172293628949,
      "P": 9.246231155778895,
      "NPI": 1.3078941942205948,
      "n_cells": 1575
    },
    "20": {
      "A": 5.7650059341935815,
      "P": 12.763819095477388,
      "NPI": 1.4996013712189316,
      "n_cells": 2283
    },
    "21": {
      "A": 12.34564783717583,
      "P": 16.582914572864322,
      "NPI": 1.3313706822318818,
      "n_cells": 4889
    },
    "24": {
      "A": 8.115956667760916,
      "P": 14.874371859296483,
      "NPI": 1.4728680548795103,
      "n_cells": 3214
    },
    "35": {
      "A": 7.169010883563547,
      "P": 14.371859296482413,
      "NPI": 1.514183135557639,
      "n_cells": 2839
    },
    "36": {
      "A": 4.653922880735336,
      "P": 12.361809045226131,
      "NPI": 1.616469473379956,
      "n_cells": 1843
    },
    "39": {
      "A": 5.734703669099265,
      "P": 13.366834170854272,
      "NPI": 1.574592351361357,
      "n_cells": 2271
    }
  },
  "mean_npi_baseline": 1.5510317480519042,
  "max_npi_baseline": 2.0203942908456716,
  "p90_npi_baseline": 1.782740515507235,
  "n_catchments_baseline": 18,
  "worst_catchment_site": 2,
  "worst_catchment_npi": 2.0203942908456716,
  "min_mean_npi_threshold": 1.5,
  "min_max_npi_threshold": 2.0,
  "base_seed": 23,
  "attempt": 0,
  "vague_text": "Some of these service regions look weird on the map \u2014 too elongated, oddly twisted, or with strange thin tails. Make them more compact and reasonable in shape.",
  "precise_text": "Polling place 2's service region has an ugly shape on the map \u2014 long and thin with awkward bumps. Tidy it up.",
  "vague_template_idx": 0,
  "precise_template_idx": 3,
  "pair_id": "20"
}