{
  "archetype": "cluster",
  "cluster_center": [
    3.9975914484692465,
    1.473669218264591
  ],
  "cluster_radius": 1.3,
  "affected_sites": [
    0,
    1,
    2,
    5
  ],
  "cluster_size": 4,
  "cluster_density_ratio": 4.18553433509258,
  "cluster_min_sites": 4,
  "cluster_density_factor": 2.0,
  "base_seed": 8005,
  "attempt": 0,
  "pair_id": "cluster_med_04",
  "difficulty": "med",
  "tier_kwargs": {
    "cluster_radius": 1.3,
    "cluster_min_sites": 4,
    "cluster_density_factor": 2.0
  },
  "per_catchment_solidity": {
    "0": {
      "A": 3.307997272796142,
      "A_hull": 4.151410317921266,
      "solidity": 0.7968369829683698
    },
    "1": {
      "A": 3.282745385217545,
      "A_hull": 3.8673265826620544,
      "solidity": 0.8488410055501142
    },
    "2": {
      "A": 5.355925355420318,
      "A_hull": 10.1007550314386,
      "solidity": 0.53025
    },
    "3": {
      "A": 4.77008156359688,
      "A_hull": 5.574354182975179,
      "solidity": 0.8557191392978482
    },
    "4": {
      "A": 3.8812151208302823,
      "A_hull": 4.460745940759071,
      "solidity": 0.8700820832153979
    },
    "5": {
      "A": 5.823085275624353,
      "A_hull": 7.073053710764882,
      "solidity": 0.8232774009282396
    },
    "6": {
      "A": 4.860988358879827,
      "A_hull": 5.622332769374512,
      "solidity": 0.864585672580283
    },
    "8": {
      "A": 6.153885002903968,
      "A_hull": 9.206838211156287,
      "solidity": 0.6684037301151946
    },
    "14": {
      "A": 6.7725562485795825,
      "A_hull": 10.417666220549988,
      "solidity": 0.6501030178160223
    },
    "15": {
      "A": 6.381151991111336,
      "A_hull": 6.458170248226053,
      "solidity": 0.9880742913000982
    },
    "18": {
      "A": 5.840761596929371,
      "A_hull": 6.213226938713669,
      "solidity": 0.9400528347896769
    },
    "21": {
      "A": 6.325597838438424,
      "A_hull": 6.363475669806316,
      "solidity": 0.9940476190476194
    },
    "22": {
      "A": 11.019923739299514,
      "A_hull": 12.12595641524204,
      "solidity": 0.9087880049979176
    },
    "23": {
      "A": 9.742178227822532,
      "A_hull": 12.02242367616979,
      "solidity": 0.8103339634530564
    },
    "27": {
      "A": 7.954344587257898,
      "A_hull": 8.341961061589357,
      "solidity": 0.9535341304676855
    },
    "31": {
      "A": 2.477210171460317,
      "A_hull": 3.021388348779072,
      "solidity": 0.8198913497701629
    },
    "38": {
      "A": 1.5555162748415445,
      "A_hull": 1.4797606121057547,
      "solidity": 1.0
    },
    "39": {
      "A": 5.502386303376178,
      "A_hull": 5.785207444256459,
      "solidity": 0.951113051069402
    }
  },
  "globally_clustered_sites": [
    0,
    1,
    2,
    5
  ],
  "clustered_sites_radius": 1.3,
  "clustered_sites_min_sites": 4
}