{
  "archetype": "cluster",
  "cluster_center": [
    7.25491126641102,
    1.8786464007990609
  ],
  "cluster_radius": 1.3,
  "affected_sites": [
    0,
    4,
    31,
    34
  ],
  "cluster_size": 4,
  "cluster_density_ratio": 4.18553433509258,
  "cluster_min_sites": 4,
  "cluster_density_factor": 1.5,
  "base_seed": 15884,
  "attempt": 0,
  "pair_id": "cluster_hard_02",
  "difficulty": "hard",
  "tier_kwargs": {
    "cluster_radius": 1.3,
    "cluster_min_sites": 4,
    "cluster_density_factor": 1.5
  },
  "per_catchment_solidity": {
    "0": {
      "A": 4.073129466427616,
      "A_hull": 7.315471831519406,
      "solidity": 0.5567828788401796
    },
    "1": {
      "A": 4.436756647559405,
      "A_hull": 6.983409509860864,
      "solidity": 0.6353281504248778
    },
    "2": {
      "A": 5.186737708643721,
      "A_hull": 5.811721926213986,
      "solidity": 0.892461438192483
    },
    "3": {
      "A": 5.5705663998383885,
      "A_hull": 6.112219388399284,
      "solidity": 0.9113819458789506
    },
    "4": {
      "A": 3.169111891113861,
      "A_hull": 3.4418322769627028,
      "solidity": 0.9207630227439473
    },
    "5": {
      "A": 4.6185702381253,
      "A_hull": 4.795333451175475,
      "solidity": 0.9631384939441813
    },
    "6": {
      "A": 5.926618014696599,
      "A_hull": 6.098330850231053,
      "solidity": 0.97184265010352
    },
    "9": {
      "A": 7.406378626802354,
      "A_hull": 8.163935254160252,
      "solidity": 0.9072069285493346
    },
    "13": {
      "A": 7.997272796141512,
      "A_hull": 8.655084467563949,
      "solidity": 0.9239970824215903
    },
    "15": {
      "A": 8.653821873185022,
      "A_hull": 10.43913032499179,
      "solidity": 0.8289791969037256
    },
    "21": {
      "A": 5.338249034115301,
      "A_hull": 6.860937855104669,
      "solidity": 0.7780640412219362
    },
    "24": {
      "A": 7.0730537107648805,
      "A_hull": 7.1715360723214046,
      "solidity": 0.9862676056338031
    },
    "26": {
      "A": 7.689199767682635,
      "A_hull": 8.453069366935178,
      "solidity": 0.9096340552651233
    },
    "29": {
      "A": 4.093330976490493,
      "A_hull": 5.0213378450039166,
      "solidity": 0.815187327131003
    },
    "31": {
      "A": 3.5781924698871244,
      "A_hull": 3.477184919572737,
      "solidity": 1.0
    },
    "33": {
      "A": 6.588217469255827,
      "A_hull": 9.224514532461303,
      "solidity": 0.714207500684369
    },
    "34": {
      "A": 3.696876341506528,
      "A_hull": 3.599656574328931,
      "solidity": 1.0
    },
    "38": {
      "A": 5.911466882149441,
      "A_hull": 7.383651927981619,
      "solidity": 0.8006155950752393
    }
  },
  "globally_clustered_sites": [
    0,
    4,
    31,
    34
  ],
  "clustered_sites_radius": 1.3,
  "clustered_sites_min_sites": 4
}