{
  "archetype": "shape_niceness",
  "per_catchment_npi": {
    "0": {
      "A": 8.66897300573218,
      "P": 13.869346733668342,
      "NPI": 1.3288233421539166,
      "n_cells": 3433
    },
    "2": {
      "A": 4.030201257544002,
      "P": 11.557788944723619,
      "NPI": 1.6240764186212726,
      "n_cells": 1596
    },
    "3": {
      "A": 6.325597838438424,
      "P": 12.261306532663317,
      "NPI": 1.3752480227710002,
      "n_cells": 2505
    },
    "4": {
      "A": 6.098330850231055,
      "P": 12.56281407035176,
      "NPI": 1.4350813124496924,
      "n_cells": 2415
    },
    "5": {
      "A": 3.9847478599025283,
      "P": 10.150753768844222,
      "NPI": 1.4344748488083212,
      "n_cells": 1578
    },
    "6": {
      "A": 4.391303249917932,
      "P": 13.06532663316583,
      "NPI": 1.7588087800029122,
      "n_cells": 1739
    },
    "7": {
      "A": 3.3686018029847733,
      "P": 10.552763819095478,
      "NPI": 1.6219462126173938,
      "n_cells": 1334
    },
    "11": {
      "A": 6.941743895356178,
      "P": 16.884422110552766,
      "NPI": 1.8077858196972951,
      "n_cells": 2749
    },
    "15": {
      "A": 7.520012120906038,
      "P": 12.462311557788945,
      "NPI": 1.281989305036379,
      "n_cells": 2978
    },
    "16": {
      "A": 4.820585338754072,
      "P": 13.969849246231156,
      "NPI": 1.7948861223556039,
      "n_cells": 1909
    },
    "17": {
      "A": 6.204388778061161,
      "P": 13.266331658291458,
      "NPI": 1.50243750627541,
      "n_cells": 2457
    },
    "24": {
      "A": 5.878639428297266,
      "P": 12.864321608040202,
      "NPI": 1.4967302815651067,
      "n_cells": 2328
    },
    "26": {
      "A": 6.800333324916038,
      "P": 16.180904522613066,
      "NPI": 1.7503816951274431,
      "n_cells": 2693
    },
    "31": {
      "A": 3.9392944622610546,
      "P": 10.452261306532664,
      "NPI": 1.4855802045691158,
      "n_cells": 1560
    },
    "34": {
      "A": 6.838211156283933,
      "P": 13.26633165829146,
      "NPI": 1.4311154320794262,
      "n_cells": 2708
    },
    "35": {
      "A": 6.2776192520390905,
      "P": 12.261306532663317,
      "NPI": 1.380493392094023,
      "n_cells": 2486
    },
    "37": {
      "A": 5.090780535845055,
      "P": 10.251256281407036,
      "NPI": 1.2816810745707283,
      "n_cells": 2016
    },
    "39": {
      "A": 3.82818615691523,
      "P": 9.145728643216081,
      "NPI": 1.3186114887401246,
      "n_cells": 1516
    }
  },
  "mean_npi_baseline": 1.5061195144186204,
  "max_npi_baseline": 1.8077858196972951,
  "p90_npi_baseline": 1.7696319827087197,
  "n_catchments_baseline": 18,
  "worst_catchment_site": 11,
  "worst_catchment_npi": 1.8077858196972951,
  "min_mean_npi_threshold": 1.15,
  "min_max_npi_threshold": 1.3,
  "base_seed": 15845,
  "attempt": 0,
  "uncapacitated": true,
  "pair_id": "shape_niceness_hard_06",
  "difficulty": "hard",
  "tier_kwargs": {
    "min_mean_npi": 1.15,
    "min_max_npi": 1.3
  },
  "per_catchment_solidity": {
    "0": {
      "A": 8.66897300573218,
      "A_hull": 9.045226130653267,
      "solidity": 0.9584031267448354
    },
    "2": {
      "A": 4.030201257544002,
      "A_hull": 4.7132648165450375,
      "solidity": 0.8550763461023305
    },
    "3": {
      "A": 6.325597838438424,
      "A_hull": 6.371051236079898,
      "solidity": 0.9928656361474434
    },
    "4": {
      "A": 6.098330850231055,
      "A_hull": 6.665235726370547,
      "solidity": 0.9149460125023678
    },
    "5": {
      "A": 3.9847478599025283,
      "A_hull": 4.088280598974774,
      "solidity": 0.97467572575664
    },
    "6": {
      "A": 4.391303249917932,
      "A_hull": 5.398853564303932,
      "solidity": 0.8133769878391021
    },
    "7": {
      "A": 3.3686018029847733,
      "A_hull": 3.6716244539279312,
      "solidity": 0.9174690508940853
    },
    "11": {
      "A": 6.941743895356178,
      "A_hull": 8.769980556046567,
      "solidity": 0.7915346962280447
    },
    "15": {
      "A": 7.520012120906038,
      "A_hull": 7.411429004318071,
      "solidity": 1.0
    },
    "16": {
      "A": 4.820585338754072,
      "A_hull": 6.232165854397615,
      "solidity": 0.7735008103727716
    },
    "17": {
      "A": 6.204388778061161,
      "A_hull": 6.812959268705335,
      "solidity": 0.9106745737583398
    },
    "24": {
      "A": 5.878639428297266,
      "A_hull": 6.522562561551477,
      "solidity": 0.9012775842044134
    },
    "26": {
      "A": 6.800333324916038,
      "A_hull": 8.224539784348881,
      "solidity": 0.8268345102855389
    },
    "31": {
      "A": 3.9392944622610546,
      "A_hull": 3.796621297441983,
      "solidity": 1.0
    },
    "34": {
      "A": 6.838211156283933,
      "A_hull": 7.3255725865508445,
      "solidity": 0.9334712168217857
    },
    "35": {
      "A": 6.2776192520390905,
      "A_hull": 6.797808136158175,
      "solidity": 0.9234769687964344
    },
    "37": {
      "A": 5.090780535845055,
      "A_hull": 5.167798792959773,
      "solidity": 0.9850965062301493
    },
    "39": {
      "A": 3.82818615691523,
      "A_hull": 3.761268654831949,
      "solidity": 1.0
    }
  },
  "globally_clustered_sites": [],
  "clustered_sites_radius": 1.35,
  "clustered_sites_min_sites": 4
}