{
  "archetype": "shape_niceness",
  "per_catchment_npi": {
    "0": {
      "A": 4.300396454634985,
      "P": 14.472361809045228,
      "NPI": 1.968703129991472,
      "n_cells": 1703
    },
    "1": {
      "A": 2.2196409181586327,
      "P": 10.251256281407036,
      "NPI": 1.9410235198802412,
      "n_cells": 879
    },
    "3": {
      "A": 8.022524683720109,
      "P": 22.211055276381913,
      "NPI": 2.2121202427176674,
      "n_cells": 3177
    },
    "4": {
      "A": 4.835736471301231,
      "P": 15.175879396984925,
      "NPI": 1.9467833434562107,
      "n_cells": 1915
    },
    "5": {
      "A": 1.2752203227191234,
      "P": 8.14070351758794,
      "NPI": 2.033594663143091,
      "n_cells": 505
    },
    "6": {
      "A": 6.108431605262494,
      "P": 18.79396984924623,
      "NPI": 2.1451058932090485,
      "n_cells": 2419
    },
    "8": {
      "A": 3.479710108330598,
      "P": 10.150753768844222,
      "NPI": 1.5350475352200763,
      "n_cells": 1378
    },
    "11": {
      "A": 5.138759122244388,
      "P": 11.457286432160805,
      "NPI": 1.4257642083495385,
      "n_cells": 2035
    },
    "12": {
      "A": 9.259867175071337,
      "P": 22.61306532663317,
      "NPI": 2.096293688587603,
      "n_cells": 3667
    },
    "16": {
      "A": 8.363425166031162,
      "P": 18.391959798994975,
      "NPI": 1.7940353215661229,
      "n_cells": 3312
    },
    "20": {
      "A": 7.0377010681548455,
      "P": 14.673366834170855,
      "NPI": 1.5603047660648066,
      "n_cells": 2787
    },
    "21": {
      "A": 4.777657129870458,
      "P": 14.773869346733669,
      "NPI": 1.9066976546839125,
      "n_cells": 1892
    },
    "23": {
      "A": 9.062902451958285,
      "P": 15.477386934673369,
      "NPI": 1.4503040352203476,
      "n_cells": 3589
    },
    "24": {
      "A": 3.4569834095098613,
      "P": 9.34673366834171,
      "NPI": 1.418098142430847,
      "n_cells": 1369
    },
    "30": {
      "A": 7.040226256912705,
      "P": 16.381909547738694,
      "NPI": 1.7416716526458853,
      "n_cells": 2788
    },
    "31": {
      "A": 6.105906416504634,
      "P": 11.155778894472363,
      "NPI": 1.2735614190276678,
      "n_cells": 2418
    },
    "32": {
      "A": 4.348375041034318,
      "P": 10.35175879396985,
      "NPI": 1.4003794040663544,
      "n_cells": 1722
    },
    "38": {
      "A": 6.174086512966845,
      "P": 12.763819095477388,
      "NPI": 1.4490699583087592,
      "n_cells": 2445
    }
  },
  "mean_npi_baseline": 1.738808809920536,
  "max_npi_baseline": 2.2121202427176674,
  "p90_npi_baseline": 2.1109373499740367,
  "n_catchments_baseline": 18,
  "worst_catchment_site": 3,
  "worst_catchment_npi": 2.2121202427176674,
  "min_mean_npi_threshold": 1.5,
  "min_max_npi_threshold": 2.0,
  "base_seed": 16,
  "attempt": 0,
  "vague_text": "The shapes of the service regions on the map are ugly \u2014 long, thin, jagged. Tidy them up so each catchment is more rounded.",
  "precise_text": "Site 3 is serving an awkwardly-shaped catchment. The service area should be more circular / compact, not elongated.",
  "vague_template_idx": 2,
  "precise_template_idx": 2,
  "pair_id": "14"
}