{
  "archetype": "shape_niceness",
  "per_catchment_npi": {
    "0": {
      "A": 6.547814449130073,
      "P": 13.969849246231156,
      "NPI": 1.5400634200629695,
      "n_cells": 2593
    },
    "1": {
      "A": 5.961970657306634,
      "P": 13.467336683417086,
      "NPI": 1.555900672374045,
      "n_cells": 2361
    },
    "2": {
      "A": 7.72455241029267,
      "P": 16.884422110552766,
      "NPI": 1.7137387107240032,
      "n_cells": 3059
    },
    "4": {
      "A": 4.747354864776143,
      "P": 12.663316582914574,
      "NPI": 1.6395198689130195,
      "n_cells": 1880
    },
    "5": {
      "A": 7.105881164617056,
      "P": 13.06532663316583,
      "NPI": 1.382631252871318,
      "n_cells": 2814
    },
    "7": {
      "A": 4.5453397641473705,
      "P": 12.462311557788945,
      "NPI": 1.648961425659255,
      "n_cells": 1800
    },
    "9": {
      "A": 7.6260700487361435,
      "P": 14.472361809045228,
      "NPI": 1.4783732109865257,
      "n_cells": 3020
    },
    "11": {
      "A": 5.9771217898537925,
      "P": 13.467336683417086,
      "NPI": 1.5539274303976303,
      "n_cells": 2367
    },
    "13": {
      "A": 2.974672356758668,
      "P": 9.145728643216081,
      "NPI": 1.4958698565546076,
      "n_cells": 1178
    },
    "18": {
      "A": 3.8862654983460017,
      "P": 9.145728643216081,
      "NPI": 1.308721225445322,
      "n_cells": 1539
    },
    "21": {
      "A": 4.924118077826318,
      "P": 11.256281407035177,
      "NPI": 1.430954354714591,
      "n_cells": 1950
    },
    "25": {
      "A": 6.5250877503093365,
      "P": 13.869346733668342,
      "NPI": 1.5316442166440938,
      "n_cells": 2584
    },
    "26": {
      "A": 7.65637231383046,
      "P": 12.964824120603016,
      "NPI": 1.3217526063910263,
      "n_cells": 3032
    },
    "30": {
      "A": 3.588293224918563,
      "P": 9.447236180904524,
      "NPI": 1.406876185458549,
      "n_cells": 1421
    },
    "31": {
      "A": 7.128607863437793,
      "P": 15.577889447236181,
      "NPI": 1.6458919561770384,
      "n_cells": 2823
    },
    "33": {
      "A": 2.5681169667432644,
      "P": 6.934673366834171,
      "NPI": 1.2207133044264584,
      "n_cells": 1017
    },
    "34": {
      "A": 7.29021994394081,
      "P": 11.859296482412061,
      "NPI": 1.239035298451235,
      "n_cells": 2887
    },
    "37": {
      "A": 4.229691169414914,
      "P": 10.35175879396985,
      "NPI": 1.4198905954330796,
      "n_cells": 1675
    }
  },
  "mean_npi_baseline": 1.4741369773158206,
  "max_npi_baseline": 1.7137387107240032,
  "p90_npi_baseline": 1.6468127970217035,
  "n_catchments_baseline": 18,
  "worst_catchment_site": 2,
  "worst_catchment_npi": 1.7137387107240032,
  "min_mean_npi_threshold": 1.3,
  "min_max_npi_threshold": 1.65,
  "base_seed": 2,
  "attempt": 0,
  "uncapacitated": true,
  "pair_id": "shape_niceness_easy_01",
  "difficulty": "easy",
  "tier_kwargs": {
    "min_mean_npi": 1.3,
    "min_max_npi": 1.65
  },
  "per_catchment_solidity": {
    "0": {
      "A": 6.547814449130073,
      "A_hull": 7.38112673922376,
      "solidity": 0.8871022921655831
    },
    "1": {
      "A": 5.961970657306634,
      "A_hull": 7.266230650741145,
      "solidity": 0.8205039096437878
    },
    "2": {
      "A": 7.72455241029267,
      "A_hull": 9.24471604252418,
      "solidity": 0.8355640535372848
    },
    "4": {
      "A": 4.747354864776143,
      "A_hull": 5.537738945986215,
      "solidity": 0.8572731418148652
    },
    "5": {
      "A": 7.105881164617056,
      "A_hull": 7.571778490442163,
      "solidity": 0.9384692346173086
    },
    "7": {
      "A": 4.5453397641473705,
      "A_hull": 5.5667786167016,
      "solidity": 0.8165116806532091
    },
    "9": {
      "A": 7.6260700487361435,
      "A_hull": 8.124794828413423,
      "solidity": 0.9386169386169388
    },
    "11": {
      "A": 5.9771217898537925,
      "A_hull": 7.209413903689301,
      "solidity": 0.8290718038528898
    },
    "13": {
      "A": 2.974672356758668,
      "A_hull": 3.017600565642282,
      "solidity": 0.9857740585774057
    },
    "18": {
      "A": 3.8862654983460017,
      "A_hull": 3.8862654983460003,
      "solidity": 1.0
    },
    "21": {
      "A": 4.924118077826318,
      "A_hull": 5.138759122244388,
      "solidity": 0.9582309582309582
    },
    "25": {
      "A": 6.5250877503093365,
      "A_hull": 7.763692836039492,
      "solidity": 0.8404618637176781
    },
    "26": {
      "A": 7.65637231383046,
      "A_hull": 7.69677533395621,
      "solidity": 0.9947506561679795
    },
    "30": {
      "A": 3.588293224918563,
      "A_hull": 3.5857680361607027,
      "solidity": 1.0
    },
    "31": {
      "A": 7.128607863437793,
      "A_hull": 8.349536627862932,
      "solidity": 0.8537728716165132
    },
    "33": {
      "A": 2.5681169667432644,
      "A_hull": 2.4696346051867373,
      "solidity": 1.0
    },
    "34": {
      "A": 7.29021994394081,
      "A_hull": 7.239716168783614,
      "solidity": 1.0
    },
    "37": {
      "A": 4.229691169414914,
      "A_hull": 4.32691093659251,
      "solidity": 0.9775313685439161
    }
  },
  "globally_clustered_sites": [],
  "clustered_sites_radius": 1.35,
  "clustered_sites_min_sites": 4
}