{
  "archetype": "shape_niceness",
  "per_catchment_npi": {
    "0": {
      "A": 3.669099265170072,
      "P": 11.256281407035177,
      "NPI": 1.6577165723361296,
      "n_cells": 1453
    },
    "1": {
      "A": 5.585717532385546,
      "P": 13.165829145728644,
      "NPI": 1.5714616899682885,
      "n_cells": 2212
    },
    "3": {
      "A": 5.504911492134037,
      "P": 14.271356783919598,
      "NPI": 1.7158730819879442,
      "n_cells": 2180
    },
    "6": {
      "A": 3.8029342693366335,
      "P": 13.869346733668342,
      "NPI": 2.006280555733954,
      "n_cells": 1506
    },
    "7": {
      "A": 3.8584884220095454,
      "P": 11.256281407035177,
      "NPI": 1.6165212172251815,
      "n_cells": 1528
    },
    "8": {
      "A": 4.664023635766774,
      "P": 12.160804020100503,
      "NPI": 1.5884625719577068,
      "n_cells": 1847
    },
    "10": {
      "A": 6.391252746142775,
      "P": 14.974874371859297,
      "NPI": 1.670956944123195,
      "n_cells": 2531
    },
    "14": {
      "A": 10.17146031665867,
      "P": 14.472361809045228,
      "NPI": 1.2800968379676392,
      "n_cells": 4028
    },
    "15": {
      "A": 4.416555137496529,
      "P": 12.160804020100503,
      "NPI": 1.6323584406260712,
      "n_cells": 1749
    },
    "17": {
      "A": 13.873387035680919,
      "P": 20.0,
      "NPI": 1.514725066858568,
      "n_cells": 5494
    },
    "18": {
      "A": 6.050352263831722,
      "P": 12.964824120603016,
      "NPI": 1.4868644131073734,
      "n_cells": 2396
    },
    "23": {
      "A": 4.133733996616248,
      "P": 10.050251256281408,
      "NPI": 1.3944428633353343,
      "n_cells": 1637
    },
    "26": {
      "A": 5.229665917527336,
      "P": 13.366834170854272,
      "NPI": 1.6488709065283116,
      "n_cells": 2071
    },
    "32": {
      "A": 4.603419105578142,
      "P": 11.557788944723619,
      "NPI": 1.5196009965052049,
      "n_cells": 1823
    },
    "34": {
      "A": 3.4569834095098613,
      "P": 11.155778894472363,
      "NPI": 1.692568750643269,
      "n_cells": 1369
    },
    "36": {
      "A": 5.6589480063634765,
      "P": 12.361809045226131,
      "NPI": 1.4659165460488286,
      "n_cells": 2241
    },
    "37": {
      "A": 2.707002348425545,
      "P": 7.437185929648242,
      "NPI": 1.2751444667724259,
      "n_cells": 1072
    },
    "38": {
      "A": 7.229615413752179,
      "P": 14.472361809045228,
      "NPI": 1.5183674386084205,
      "n_cells": 2863
    }
  },
  "mean_npi_baseline": 1.5697905200185471,
  "max_npi_baseline": 2.006280555733954,
  "p90_npi_baseline": 1.6995600500466714,
  "n_catchments_baseline": 18,
  "worst_catchment_site": 6,
  "worst_catchment_npi": 2.006280555733954,
  "min_mean_npi_threshold": 1.5,
  "min_max_npi_threshold": 2.0,
  "base_seed": 25,
  "attempt": 0,
  "vague_text": "Some of these service regions look weird on the map \u2014 too elongated, oddly twisted, or with strange thin tails. Make them more compact and reasonable in shape.",
  "precise_text": "The catchment around polling place 6 is bowtied / stretched. Make it visually compact.",
  "vague_template_idx": 0,
  "precise_template_idx": 4,
  "pair_id": "22"
}