{
  "archetype": "coverage_gap",
  "current_max_distance_km": 2.4970884229471886,
  "most_stranded_precinct": 57,
  "most_stranded_distance_km": 2.4970884229471886,
  "best_candidate_idx": 16,
  "best_candidate_new_max_km": 1.896958329717043,
  "best_improvement_km": 0.6001300932301457,
  "per_candidate_improvement": {
    "16": {
      "improvement_km": 0.6001300932301457,
      "new_max_km": 1.896958329717043
    },
    "21": {
      "improvement_km": 0.6001300932301457,
      "new_max_km": 1.896958329717043
    },
    "25": {
      "improvement_km": 0.6001300932301457,
      "new_max_km": 1.896958329717043
    },
    "2": {
      "improvement_km": 0.0,
      "new_max_km": 2.4970884229471886
    },
    "3": {
      "improvement_km": 0.0,
      "new_max_km": 2.4970884229471886
    },
    "6": {
      "improvement_km": 0.0,
      "new_max_km": 2.4970884229471886
    },
    "9": {
      "improvement_km": 0.0,
      "new_max_km": 2.4970884229471886
    },
    "10": {
      "improvement_km": 0.0,
      "new_max_km": 2.4970884229471886
    },
    "12": {
      "improvement_km": 0.0,
      "new_max_km": 2.4970884229471886
    },
    "13": {
      "improvement_km": 0.0,
      "new_max_km": 2.4970884229471886
    },
    "14": {
      "improvement_km": 0.0,
      "new_max_km": 2.4970884229471886
    },
    "19": {
      "improvement_km": 0.0,
      "new_max_km": 2.4970884229471886
    },
    "22": {
      "improvement_km": 0.0,
      "new_max_km": 2.4970884229471886
    },
    "24": {
      "improvement_km": 0.0,
      "new_max_km": 2.4970884229471886
    },
    "26": {
      "improvement_km": 0.0,
      "new_max_km": 2.4970884229471886
    },
    "27": {
      "improvement_km": 0.0,
      "new_max_km": 2.4970884229471886
    },
    "28": {
      "improvement_km": 0.0,
      "new_max_km": 2.4970884229471886
    },
    "29": {
      "improvement_km": 0.0,
      "new_max_km": 2.4970884229471886
    },
    "32": {
      "improvement_km": 0.0,
      "new_max_km": 2.4970884229471886
    },
    "34": {
      "improvement_km": 0.0,
      "new_max_km": 2.4970884229471886
    },
    "36": {
      "improvement_km": 0.0,
      "new_max_km": 2.4970884229471886
    },
    "39": {
      "improvement_km": 0.0,
      "new_max_km": 2.4970884229471886
    }
  },
  "candidates_ranked_by_improvement": [
    16,
    21,
    25,
    2,
    3,
    6,
    9,
    10,
    12,
    13,
    14,
    19,
    22,
    24,
    26,
    27,
    28,
    29,
    32,
    34,
    36,
    39
  ],
  "n_opened": 18,
  "n_closed_candidates": 22,
  "min_max_distance_threshold_km": 2.2,
  "min_improvement_threshold_km": 0.6,
  "base_seed": 16077,
  "attempt": 0,
  "uncapacitated": true,
  "pair_id": "coverage_gap_hard_06",
  "difficulty": "hard",
  "tier_kwargs": {
    "min_max_distance": 2.2,
    "min_improvement": 0.6
  },
  "per_catchment_solidity": {
    "0": {
      "A": 3.4771849195727387,
      "A_hull": 4.63245877629353,
      "solidity": 0.7506132461161078
    },
    "1": {
      "A": 2.9999242443372647,
      "A_hull": 4.179187394257722,
      "solidity": 0.7178247734138972
    },
    "4": {
      "A": 5.3761268654831955,
      "A_hull": 5.833186030655794,
      "solidity": 0.9216450216450214
    },
    "5": {
      "A": 6.881139365167547,
      "A_hull": 6.94300648973511,
      "solidity": 0.9910892889616292
    },
    "7": {
      "A": 2.623671119416177,
      "A_hull": 3.141334814777405,
      "solidity": 0.8352090032154341
    },
    "8": {
      "A": 4.325648342213581,
      "A_hull": 4.640034342567107,
      "solidity": 0.9322448979591837
    },
    "11": {
      "A": 6.583167091740108,
      "A_hull": 7.64248377566223,
      "solidity": 0.8613910457624321
    },
    "15": {
      "A": 4.212014848109897,
      "A_hull": 4.165298856089493,
      "solidity": 1.0
    },
    "17": {
      "A": 8.666447816974319,
      "A_hull": 9.109618443978688,
      "solidity": 0.9513513513513513
    },
    "18": {
      "A": 6.903866063988284,
      "A_hull": 7.073053710764878,
      "solidity": 0.9760799714387722
    },
    "20": {
      "A": 7.454357213201687,
      "A_hull": 8.190449736117774,
      "solidity": 0.9101279482041007
    },
    "23": {
      "A": 8.050301760056565,
      "A_hull": 10.104542814575389,
      "solidity": 0.7967012370361115
    },
    "30": {
      "A": 6.908916441504004,
      "A_hull": 7.960657559152548,
      "solidity": 0.8678826328310865
    },
    "31": {
      "A": 7.532638064695337,
      "A_hull": 7.819246988712409,
      "solidity": 0.9633457129016628
    },
    "33": {
      "A": 5.0503775157193,
      "A_hull": 5.0061867124567545,
      "solidity": 1.0
    },
    "35": {
      "A": 4.449382591348704,
      "A_hull": 4.526400848463423,
      "solidity": 0.9829846582984659
    },
    "37": {
      "A": 5.939243958485897,
      "A_hull": 6.016262215600614,
      "solidity": 0.987198321091291
    },
    "38": {
      "A": 3.573142092371405,
      "A_hull": 4.189288149289159,
      "solidity": 0.8529234478601568
    }
  },
  "globally_clustered_sites": [],
  "clustered_sites_radius": 1.35,
  "clustered_sites_min_sites": 4
}