{
  "archetype": "shape_niceness",
  "per_catchment_npi": {
    "0": {
      "A": 3.037802075705159,
      "P": 9.447236180904524,
      "NPI": 1.5290444248398447,
      "n_cells": 1203
    },
    "1": {
      "A": 4.206964470594177,
      "P": 11.959798994974875,
      "NPI": 1.6448811606198852,
      "n_cells": 1666
    },
    "2": {
      "A": 3.8155602131259316,
      "P": 10.653266331658292,
      "NPI": 1.5385042374518272,
      "n_cells": 1511
    },
    "3": {
      "A": 4.931693644099897,
      "P": 14.472361809045227,
      "NPI": 1.83838485734652,
      "n_cells": 1953
    },
    "4": {
      "A": 6.042776697558143,
      "P": 13.5678391959799,
      "NPI": 1.556995949793128,
      "n_cells": 2393
    },
    "7": {
      "A": 4.489785611474458,
      "P": 17.587939698492463,
      "NPI": 2.3415165622383607,
      "n_cells": 1778
    },
    "10": {
      "A": 7.239716168783618,
      "P": 14.974874371859297,
      "NPI": 1.5699921668481471,
      "n_cells": 2867
    },
    "13": {
      "A": 4.646347314461757,
      "P": 11.256281407035177,
      "NPI": 1.4731065983686724,
      "n_cells": 1840
    },
    "14": {
      "A": 8.247266483169618,
      "P": 13.768844221105528,
      "NPI": 1.3525008309758768,
      "n_cells": 3266
    },
    "15": {
      "A": 8.065452892603723,
      "P": 12.964824120603016,
      "NPI": 1.2877967301866464,
      "n_cells": 3194
    },
    "17": {
      "A": 3.833236534430949,
      "P": 13.969849246231156,
      "NPI": 2.012815546331891,
      "n_cells": 1518
    },
    "19": {
      "A": 6.090755283957477,
      "P": 15.075376884422113,
      "NPI": 1.723168198341116,
      "n_cells": 2412
    },
    "22": {
      "A": 4.340799474760739,
      "P": 12.261306532663317,
      "NPI": 1.6601485712510315,
      "n_cells": 1719
    },
    "25": {
      "A": 7.206888714931442,
      "P": 14.673366834170855,
      "NPI": 1.5418812777009667,
      "n_cells": 2854
    },
    "32": {
      "A": 10.96941996414232,
      "P": 23.517587939698494,
      "NPI": 2.00306947514456,
      "n_cells": 4344
    },
    "34": {
      "A": 4.441807025075125,
      "P": 10.753768844221106,
      "NPI": 1.4393815168939028,
      "n_cells": 1759
    },
    "36": {
      "A": 3.4569834095098613,
      "P": 8.542713567839197,
      "NPI": 1.2961112054475483,
      "n_cells": 1369
    },
    "37": {
      "A": 5.944294336001617,
      "P": 15.678391959798997,
      "NPI": 1.8140382190639233,
      "n_cells": 2354
    }
  },
  "mean_npi_baseline": 1.6457409738246584,
  "max_npi_baseline": 2.3415165622383607,
  "p90_npi_baseline": 2.0059932965007596,
  "n_catchments_baseline": 18,
  "worst_catchment_site": 7,
  "worst_catchment_npi": 2.3415165622383607,
  "min_mean_npi_threshold": 1.5,
  "min_max_npi_threshold": 2.0,
  "base_seed": 18,
  "attempt": 0,
  "vague_text": "Some of these service regions look weird on the map \u2014 too elongated, oddly twisted, or with strange thin tails. Make them more compact and reasonable in shape.",
  "precise_text": "Site 7 is serving an awkwardly-shaped catchment. The service area should be more circular / compact, not elongated.",
  "vague_template_idx": 0,
  "precise_template_idx": 2,
  "pair_id": "16"
}