{
  "archetype": "contiguity",
  "culprits": [
    {
      "site": 39,
      "n_components": 2,
      "components": [
        [
          66,
          15
        ],
        [
          21
        ]
      ],
      "component_voters": [
        2235,
        366
      ],
      "largest_component_voters": 2235,
      "disjoint_excess_voters": 366,
      "worst_pair_separation_km": 1.8288861115453912
    }
  ],
  "n_split_sites_baseline": 1,
  "total_disjoint_excess_voters_baseline": 366,
  "worst_culprit_site": 39,
  "worst_culprit_disjoint_voters": 366,
  "smallest_component_centroid": [
    4.648563329467853,
    2.446205385903877
  ],
  "min_split_voters_threshold": 1,
  "min_separation_threshold_km": 1.0,
  "base_seed": 15844,
  "attempt": 0,
  "pair_id": "contiguity_hard_05",
  "difficulty": "hard",
  "tier_kwargs": {
    "min_split_voters": 1,
    "min_separation": 1.0
  },
  "per_catchment_solidity": {
    "0": {
      "A": 3.7398045503901423,
      "A_hull": 4.682962551450722,
      "solidity": 0.79859800485306
    },
    "1": {
      "A": 5.494810737102599,
      "A_hull": 6.181662079240423,
      "solidity": 0.888888888888889
    },
    "2": {
      "A": 4.290295699603546,
      "A_hull": 4.666548824524635,
      "solidity": 0.9193722943722942
    },
    "3": {
      "A": 5.621070174995581,
      "A_hull": 5.513749652786545,
      "solidity": 1.0
    },
    "6": {
      "A": 4.11353248655337,
      "A_hull": 4.539026792252721,
      "solidity": 0.906258692628651
    },
    "8": {
      "A": 4.853412792606248,
      "A_hull": 6.225852882502967,
      "solidity": 0.7795578990062868
    },
    "9": {
      "A": 5.8887401833287045,
      "A_hull": 8.163935254160249,
      "solidity": 0.7213114754098361
    },
    "10": {
      "A": 11.418903563041338,
      "A_hull": 12.966844271609297,
      "solidity": 0.8806231742940609
    },
    "15": {
      "A": 4.974621852983511,
      "A_hull": 5.25870558824272,
      "solidity": 0.9459783913565429
    },
    "22": {
      "A": 5.711976970278529,
      "A_hull": 6.974571349208354,
      "solidity": 0.8189717595944968
    },
    "26": {
      "A": 7.6260700487361435,
      "A_hull": 8.254842049443194,
      "solidity": 0.9238299174059348
    },
    "29": {
      "A": 13.242089846216006,
      "A_hull": 13.62844372616853,
      "solidity": 0.9716509171762091
    },
    "30": {
      "A": 6.631145678139442,
      "A_hull": 6.988459887376576,
      "solidity": 0.9488708220415545
    },
    "31": {
      "A": 1.9847983636776851,
      "A_hull": 1.9166182672154748,
      "solidity": 1.0
    },
    "32": {
      "A": 3.944344839776774,
      "A_hull": 3.988535643039318,
      "solidity": 0.9889205444761
    },
    "34": {
      "A": 3.638797000075756,
      "A_hull": 3.7802075705158966,
      "solidity": 0.9625918503674015
    },
    "38": {
      "A": 4.845837226332669,
      "A_hull": 4.705689250271457,
      "solidity": 1.0
    },
    "39": {
      "A": 2.987298300547966,
      "A_hull": 4.3862528724022125,
      "solidity": 0.6810592976396085
    }
  },
  "globally_clustered_sites": [],
  "clustered_sites_radius": 1.35,
  "clustered_sites_min_sites": 4
}