{
  "archetype": "contiguity",
  "culprits": [
    {
      "site": 1,
      "n_components": 2,
      "components": [
        [
          59,
          55
        ],
        [
          14
        ]
      ],
      "component_voters": [
        1582,
        1142
      ],
      "largest_component_voters": 1582,
      "disjoint_excess_voters": 1142,
      "worst_pair_separation_km": 2.6501084552619636
    },
    {
      "site": 3,
      "n_components": 2,
      "components": [
        [
          0,
          4,
          11,
          10,
          7,
          6,
          3,
          2
        ],
        [
          12
        ]
      ],
      "component_voters": [
        3161,
        94
      ],
      "largest_component_voters": 3161,
      "disjoint_excess_voters": 94,
      "worst_pair_separation_km": 2.2275688953732615
    }
  ],
  "n_split_sites_baseline": 2,
  "total_disjoint_excess_voters_baseline": 1236,
  "worst_culprit_site": 1,
  "worst_culprit_disjoint_voters": 1142,
  "smallest_component_centroid": [
    4.340337123499364,
    2.9402613884084285
  ],
  "min_split_voters_threshold": 1,
  "min_separation_threshold_km": 1.8,
  "base_seed": 7927,
  "attempt": 0,
  "pair_id": "contiguity_med_05",
  "difficulty": "med",
  "tier_kwargs": {
    "min_split_voters": 1,
    "min_separation": 1.8
  },
  "per_catchment_solidity": {
    "0": {
      "A": 3.4342567106891244,
      "A_hull": 4.724628165955406,
      "solidity": 0.7268840192410475
    },
    "1": {
      "A": 5.002398929319967,
      "A_hull": 7.239716168783616,
      "solidity": 0.6909661667247996
    },
    "2": {
      "A": 3.0958814171359315,
      "A_hull": 3.329461377237949,
      "solidity": 0.9298445202882063
    },
    "3": {
      "A": 3.941819651018914,
      "A_hull": 5.982172167369511,
      "solidity": 0.6589278176445758
    },
    "4": {
      "A": 4.959470720436353,
      "A_hull": 5.833186030655791,
      "solidity": 0.8502164502164503
    },
    "5": {
      "A": 3.9342440847453353,
      "A_hull": 4.680437362692863,
      "solidity": 0.8405718910169947
    },
    "6": {
      "A": 6.386202368627056,
      "A_hull": 8.71063862023686,
      "solidity": 0.7331497318451953
    },
    "8": {
      "A": 2.3484255448094746,
      "A_hull": 2.2852958258629843,
      "solidity": 1.0
    },
    "12": {
      "A": 4.914017322794879,
      "A_hull": 5.252392616348073,
      "solidity": 0.9355769230769229
    },
    "13": {
      "A": 8.797757632383021,
      "A_hull": 9.418954066816491,
      "solidity": 0.9340482573726545
    },
    "17": {
      "A": 6.032675942526705,
      "A_hull": 6.117269765915003,
      "solidity": 0.986171310629515
    },
    "20": {
      "A": 11.795156687962427,
      "A_hull": 12.119643443347387,
      "solidity": 0.9732263777476824
    },
    "23": {
      "A": 5.99479811115881,
      "A_hull": 6.749829549758845,
      "solidity": 0.8881406659184438
    },
    "31": {
      "A": 4.277669755814248,
      "A_hull": 4.752405242291863,
      "solidity": 0.900106269925611
    },
    "32": {
      "A": 7.1134567308906345,
      "A_hull": 7.483396883917075,
      "solidity": 0.9505652100556772
    },
    "34": {
      "A": 6.126107926567512,
      "A_hull": 6.239741420671198,
      "solidity": 0.9817887494941316
    },
    "37": {
      "A": 5.4114795080932305,
      "A_hull": 5.48597257645009,
      "solidity": 0.986421173762946
    },
    "39": {
      "A": 7.441731269412389,
      "A_hull": 7.757379864144847,
      "solidity": 0.9593098958333331
    }
  },
  "globally_clustered_sites": [],
  "clustered_sites_radius": 1.35,
  "clustered_sites_min_sites": 4,
  "vague_text": "Some opened sites cover patches of precincts that aren't joined to each other. Each polling place's catchment should be a single connected region. Reassign so no site has a fragmented service area.",
  "precise_text": "Polling place 1 is serving voters from at least two disjoint regions. That can't be right \u2014 make its catchment contiguous, but be mindful about causing this issue elsewhere.",
  "vague_template_idx": 2,
  "precise_template_idx": 4
}