{
  "archetype": "shape_niceness",
  "per_catchment_npi": {
    "1": {
      "A": 4.5630160854523885,
      "P": 10.753768844221106,
      "NPI": 1.4201354384302423,
      "n_cells": 1807
    },
    "2": {
      "A": 6.449332087573547,
      "P": 13.5678391959799,
      "NPI": 1.5071219175740564,
      "n_cells": 2554
    },
    "4": {
      "A": 2.5681169667432644,
      "P": 6.834170854271358,
      "NPI": 1.2030218072608576,
      "n_cells": 1017
    },
    "7": {
      "A": 3.2675942526703876,
      "P": 10.050251256281408,
      "NPI": 1.56840394311458,
      "n_cells": 1294
    },
    "8": {
      "A": 4.219590414383475,
      "P": 11.457286432160805,
      "NPI": 1.5734092174118568,
      "n_cells": 1671
    },
    "9": {
      "A": 7.5503143860003545,
      "P": 13.366834170854272,
      "NPI": 1.3722748704134502,
      "n_cells": 2990
    },
    "13": {
      "A": 4.742304487260423,
      "P": 13.467336683417088,
      "NPI": 1.7445445646894526,
      "n_cells": 1878
    },
    "15": {
      "A": 8.719476780889373,
      "P": 13.768844221105528,
      "NPI": 1.3153682102222328,
      "n_cells": 3453
    },
    "17": {
      "A": 7.254867301330775,
      "P": 14.974874371859297,
      "NPI": 1.5683519168789828,
      "n_cells": 2873
    },
    "19": {
      "A": 9.429054821847934,
      "P": 14.673366834170857,
      "NPI": 1.3480027017218497,
      "n_cells": 3734
    },
    "23": {
      "A": 9.019974243074671,
      "P": 17.587939698492463,
      "NPI": 1.6519898978887155,
      "n_cells": 3572
    },
    "28": {
      "A": 3.4216307668998263,
      "P": 11.557788944723619,
      "NPI": 1.762597932644546,
      "n_cells": 1355
    },
    "32": {
      "A": 3.5579909598242474,
      "P": 9.748743718592966,
      "NPI": 1.4579455389476879,
      "n_cells": 1409
    },
    "35": {
      "A": 7.949294209742179,
      "P": 14.170854271356784,
      "NPI": 1.4178386614463498,
      "n_cells": 3148
    },
    "36": {
      "A": 3.196888967450317,
      "P": 8.542713567839197,
      "NPI": 1.3478052276998622,
      "n_cells": 1266
    },
    "37": {
      "A": 5.805408954319336,
      "P": 12.663316582914574,
      "NPI": 1.4826072623926023,
      "n_cells": 2299
    },
    "38": {
      "A": 5.573091588596248,
      "P": 11.758793969849247,
      "NPI": 1.4051081694360756,
      "n_cells": 2207
    },
    "39": {
      "A": 3.719603040327265,
      "P": 10.452261306532664,
      "NPI": 1.528822372686241,
      "n_cells": 1473
    }
  },
  "mean_npi_baseline": 1.4819638694922024,
  "max_npi_baseline": 1.762597932644546,
  "p90_npi_baseline": 1.6797562979289367,
  "n_catchments_baseline": 18,
  "worst_catchment_site": 28,
  "worst_catchment_npi": 1.762597932644546,
  "min_mean_npi_threshold": 1.2,
  "min_max_npi_threshold": 1.45,
  "base_seed": 7920,
  "attempt": 0,
  "uncapacitated": true,
  "pair_id": "shape_niceness_med_00",
  "difficulty": "med",
  "tier_kwargs": {
    "min_mean_npi": 1.2,
    "min_max_npi": 1.45
  },
  "per_catchment_solidity": {
    "1": {
      "A": 4.5630160854523885,
      "A_hull": 4.676649579556072,
      "solidity": 0.9757019438444926
    },
    "2": {
      "A": 6.449332087573547,
      "A_hull": 7.0957804095856165,
      "solidity": 0.908896797153025
    },
    "4": {
      "A": 2.5681169667432644,
      "A_hull": 2.4330193681977734,
      "solidity": 1.0
    },
    "7": {
      "A": 3.2675942526703876,
      "A_hull": 3.5314764778667205,
      "solidity": 0.9252770825884878
    },
    "8": {
      "A": 4.219590414383475,
      "A_hull": 4.559228302315598,
      "solidity": 0.9255054001661589
    },
    "9": {
      "A": 7.5503143860003545,
      "A_hull": 7.594505189262895,
      "solidity": 0.9941812136325856
    },
    "13": {
      "A": 4.742304487260423,
      "A_hull": 5.161485821065126,
      "solidity": 0.9187866927592953
    },
    "15": {
      "A": 8.719476780889373,
      "A_hull": 8.737153102194386,
      "solidity": 0.9979768786127173
    },
    "17": {
      "A": 7.254867301330775,
      "A_hull": 8.003585768036164,
      "solidity": 0.9064521217857704
    },
    "19": {
      "A": 9.429054821847934,
      "A_hull": 9.87475063761016,
      "solidity": 0.9548651067638412
    },
    "23": {
      "A": 9.019974243074671,
      "A_hull": 10.994671851720913,
      "solidity": 0.8203950390445571
    },
    "28": {
      "A": 3.4216307668998263,
      "A_hull": 3.9910608317971765,
      "solidity": 0.8573236317621008
    },
    "32": {
      "A": 3.5579909598242474,
      "A_hull": 3.6312214338021755,
      "solidity": 0.9798331015299031
    },
    "35": {
      "A": 7.949294209742179,
      "A_hull": 8.252316860685335,
      "solidity": 0.9632802937576502
    },
    "36": {
      "A": 3.196888967450317,
      "A_hull": 3.174162268629581,
      "solidity": 1.0
    },
    "37": {
      "A": 5.805408954319336,
      "A_hull": 6.674073887023055,
      "solidity": 0.8698448732500947
    },
    "38": {
      "A": 5.573091588596248,
      "A_hull": 5.722077725309968,
      "solidity": 0.9739629302736097
    },
    "39": {
      "A": 3.719603040327265,
      "A_hull": 4.353425418550037,
      "solidity": 0.8544083526682135
    }
  },
  "globally_clustered_sites": [],
  "clustered_sites_radius": 1.35,
  "clustered_sites_min_sites": 4,
  "vague_text": "The catchments on the map have odd, elongated shapes. Real-world service areas should look reasonably compact. Address the worst offenders.",
  "precise_text": "Polling place 28's service region has an ugly shape on the map \u2014 long and thin with awkward bumps. Tidy it up, but be mindful about causing this issue elsewhere.",
  "vague_template_idx": 4,
  "precise_template_idx": 3
}