{
  "archetype": "shape_niceness",
  "per_catchment_npi": {
    "0": {
      "A": 2.063079215171334,
      "P": 7.336683417085428,
      "NPI": 1.4409101330740146,
      "n_cells": 817
    },
    "2": {
      "A": 5.2700689376530905,
      "P": 12.964824120603016,
      "NPI": 1.593138560339635,
      "n_cells": 2087
    },
    "6": {
      "A": 7.300320698972249,
      "P": 15.376884422110553,
      "NPI": 1.6054339718182085,
      "n_cells": 2891
    },
    "8": {
      "A": 7.032650690639126,
      "P": 16.683417085427138,
      "NPI": 1.7746820307082294,
      "n_cells": 2785
    },
    "9": {
      "A": 6.984672104239793,
      "P": 13.768844221105528,
      "NPI": 1.46966903148478,
      "n_cells": 2766
    },
    "10": {
      "A": 10.719426277114216,
      "P": 15.678391959798997,
      "NPI": 1.3508614701237704,
      "n_cells": 4245
    },
    "11": {
      "A": 3.451933031994142,
      "P": 11.35678391959799,
      "NPI": 1.7243254963809798,
      "n_cells": 1367
    },
    "14": {
      "A": 4.249892679477791,
      "P": 12.160804020100503,
      "NPI": 1.6640576805272511,
      "n_cells": 1683
    },
    "25": {
      "A": 4.807959394964774,
      "P": 10.753768844221106,
      "NPI": 1.3834879132665117,
      "n_cells": 1904
    },
    "28": {
      "A": 3.1211333047145278,
      "P": 9.447236180904524,
      "NPI": 1.5084943291360358,
      "n_cells": 1236
    },
    "29": {
      "A": 4.229691169414914,
      "P": 16.180904522613066,
      "NPI": 2.219440639463357,
      "n_cells": 1675
    },
    "31": {
      "A": 5.060478270750739,
      "P": 11.758793969849247,
      "NPI": 1.4745587032215646,
      "n_cells": 2004
    },
    "32": {
      "A": 3.3635514254690544,
      "P": 10.251256281407036,
      "NPI": 1.5767873351192008,
      "n_cells": 1332
    },
    "34": {
      "A": 8.60079290926997,
      "P": 17.48743718592965,
      "NPI": 1.6821006944768488,
      "n_cells": 3406
    },
    "35": {
      "A": 3.027701320673721,
      "P": 8.14070351758794,
      "NPI": 1.3197768037511652,
      "n_cells": 1199
    },
    "37": {
      "A": 6.464483220120705,
      "P": 13.768844221105528,
      "NPI": 1.5276562744558102,
      "n_cells": 2560
    },
    "38": {
      "A": 6.227115476881898,
      "P": 12.964824120603016,
      "NPI": 1.4656093866661908,
      "n_cells": 2466
    },
    "39": {
      "A": 9.032600186863968,
      "P": 14.170854271356784,
      "NPI": 1.3301012641899506,
      "n_cells": 3577
    }
  },
  "mean_npi_baseline": 1.5617273176779725,
  "max_npi_baseline": 2.219440639463357,
  "p90_npi_baseline": 1.7394324566791546,
  "n_catchments_baseline": 18,
  "worst_catchment_site": 29,
  "worst_catchment_npi": 2.219440639463357,
  "min_mean_npi_threshold": 1.3,
  "min_max_npi_threshold": 1.65,
  "base_seed": 4,
  "attempt": 0,
  "uncapacitated": true,
  "pair_id": "shape_niceness_easy_03",
  "difficulty": "easy",
  "tier_kwargs": {
    "min_mean_npi": 1.3,
    "min_max_npi": 1.65
  },
  "per_catchment_solidity": {
    "0": {
      "A": 2.063079215171334,
      "A_hull": 2.1729249261382293,
      "solidity": 0.9494479953515397
    },
    "2": {
      "A": 5.2700689376530905,
      "A_hull": 6.1147445771571425,
      "solidity": 0.8618624819326866
    },
    "6": {
      "A": 7.300320698972249,
      "A_hull": 8.264942804474636,
      "solidity": 0.8832875038191261
    },
    "8": {
      "A": 7.032650690639126,
      "A_hull": 8.276306153885004,
      "solidity": 0.8497330282227307
    },
    "9": {
      "A": 6.984672104239793,
      "A_hull": 7.4429938637913144,
      "solidity": 0.938422391857507
    },
    "10": {
      "A": 10.719426277114216,
      "A_hull": 11.098204590793163,
      "solidity": 0.9658703071672355
    },
    "11": {
      "A": 3.451933031994142,
      "A_hull": 3.921618140956037,
      "solidity": 0.880231809401159
    },
    "14": {
      "A": 4.249892679477791,
      "A_hull": 4.83573647130123,
      "solidity": 0.8788511749347259
    },
    "25": {
      "A": 4.807959394964774,
      "A_hull": 4.718315194060757,
      "solidity": 1.0
    },
    "28": {
      "A": 3.1211333047145278,
      "A_hull": 3.0668417464205455,
      "solidity": 1.0
    },
    "29": {
      "A": 4.229691169414914,
      "A_hull": 6.074341557031389,
      "solidity": 0.6963209311993348
    },
    "31": {
      "A": 5.060478270750739,
      "A_hull": 5.4253680462614575,
      "solidity": 0.9327437747265536
    },
    "32": {
      "A": 3.3635514254690544,
      "A_hull": 3.9531830004292825,
      "solidity": 0.8508463749600768
    },
    "34": {
      "A": 8.60079290926997,
      "A_hull": 9.934092573419864,
      "solidity": 0.86578546009151
    },
    "35": {
      "A": 3.027701320673721,
      "A_hull": 3.0037120274740543,
      "solidity": 1.0
    },
    "37": {
      "A": 6.464483220120705,
      "A_hull": 6.776344031716367,
      "solidity": 0.9539780137879642
    },
    "38": {
      "A": 6.227115476881898,
      "A_hull": 6.641246433170878,
      "solidity": 0.9376425855513312
    },
    "39": {
      "A": 9.032600186863968,
      "A_hull": 9.31163354460746,
      "solidity": 0.9700338983050847
    }
  },
  "globally_clustered_sites": [],
  "clustered_sites_radius": 1.35,
  "clustered_sites_min_sites": 4
}