{
  "archetype": "shape_niceness",
  "per_catchment_npi": {
    "0": {
      "A": 5.908941693391582,
      "P": 14.974874371859297,
      "NPI": 1.7378144471246595,
      "n_cells": 2340
    },
    "2": {
      "A": 4.345849852276459,
      "P": 13.266331658291458,
      "NPI": 1.7951823087675551,
      "n_cells": 1721
    },
    "3": {
      "A": 8.578066210449233,
      "P": 16.180904522613066,
      "NPI": 1.5584869363246976,
      "n_cells": 3397
    },
    "5": {
      "A": 4.7751319411125985,
      "P": 11.859296482412061,
      "NPI": 1.530951055533274,
      "n_cells": 1891
    },
    "6": {
      "A": 2.4494330951238608,
      "P": 7.939698492462313,
      "NPI": 1.431087827771918,
      "n_cells": 970
    },
    "8": {
      "A": 4.03777682381758,
      "P": 11.658291457286433,
      "NPI": 1.6366613288938598,
      "n_cells": 1599
    },
    "10": {
      "A": 5.300371202747406,
      "P": 13.768844221105528,
      "NPI": 1.6870945074242918,
      "n_cells": 2099
    },
    "11": {
      "A": 3.3862781242897912,
      "P": 10.050251256281408,
      "NPI": 1.54067372022222,
      "n_cells": 1341
    },
    "14": {
      "A": 10.204287770510847,
      "P": 14.673366834170855,
      "NPI": 1.2957866289817854,
      "n_cells": 4041
    },
    "17": {
      "A": 6.959420216661196,
      "P": 13.467336683417088,
      "NPI": 1.4400920583574928,
      "n_cells": 2756
    },
    "24": {
      "A": 6.2144895330926,
      "P": 12.56281407035176,
      "NPI": 1.4216060721268373,
      "n_cells": 2461
    },
    "26": {
      "A": 4.181712583015581,
      "P": 11.959798994974875,
      "NPI": 1.6498401141698762,
      "n_cells": 1656
    },
    "28": {
      "A": 4.6160450493674405,
      "P": 10.452261306532664,
      "NPI": 1.3723671289535901,
      "n_cells": 1828
    },
    "31": {
      "A": 9.302795383954951,
      "P": 16.28140703517588,
      "NPI": 1.5058449867273709,
      "n_cells": 3684
    },
    "32": {
      "A": 8.795232443625162,
      "P": 17.185929648241206,
      "NPI": 1.6347239928640283,
      "n_cells": 3483
    },
    "36": {
      "A": 2.2726698820736853,
      "P": 7.537688442211056,
      "NPI": 1.4104739588693909,
      "n_cells": 900
    },
    "38": {
      "A": 5.292795636473827,
      "P": 13.467336683417088,
      "NPI": 1.6513313383697807,
      "n_cells": 2096
    },
    "39": {
      "A": 4.3862528724022125,
      "P": 11.155778894472363,
      "NPI": 1.5026164299902798,
      "n_cells": 1737
    }
  },
  "mean_npi_baseline": 1.5445908245262727,
  "max_npi_baseline": 1.7951823087675551,
  "p90_npi_baseline": 1.702310489334402,
  "n_catchments_baseline": 18,
  "worst_catchment_site": 2,
  "worst_catchment_npi": 1.7951823087675551,
  "min_mean_npi_threshold": 1.15,
  "min_max_npi_threshold": 1.3,
  "base_seed": 15842,
  "attempt": 0,
  "uncapacitated": true,
  "pair_id": "shape_niceness_hard_03",
  "difficulty": "hard",
  "tier_kwargs": {
    "min_mean_npi": 1.15,
    "min_max_npi": 1.3
  },
  "per_catchment_solidity": {
    "0": {
      "A": 5.908941693391582,
      "A_hull": 7.2409787631625475,
      "solidity": 0.8160418482999128
    },
    "2": {
      "A": 4.345849852276459,
      "A_hull": 5.42789323501932,
      "solidity": 0.8006513142591299
    },
    "3": {
      "A": 8.578066210449233,
      "A_hull": 9.488396757657636,
      "solidity": 0.9040585495675317
    },
    "5": {
      "A": 4.7751319411125985,
      "A_hull": 5.114769829044722,
      "solidity": 0.9335966428042458
    },
    "6": {
      "A": 2.4494330951238608,
      "A_hull": 2.3787278099037907,
      "solidity": 1.0
    },
    "8": {
      "A": 4.03777682381758,
      "A_hull": 4.7612434029443715,
      "solidity": 0.8480509148766903
    },
    "10": {
      "A": 5.300371202747406,
      "A_hull": 6.266255902628724,
      "solidity": 0.8458593592585127
    },
    "11": {
      "A": 3.3862781242897912,
      "A_hull": 3.579455064266053,
      "solidity": 0.9460317460317463
    },
    "14": {
      "A": 10.204287770510847,
      "A_hull": 10.407565465518548,
      "solidity": 0.9804682761130658
    },
    "17": {
      "A": 6.959420216661196,
      "A_hull": 7.098305598343473,
      "solidity": 0.980434009249378
    },
    "24": {
      "A": 6.2144895330926,
      "A_hull": 6.3584252922905975,
      "solidity": 0.9773629864972204
    },
    "26": {
      "A": 4.181712583015581,
      "A_hull": 4.778919724249388,
      "solidity": 0.8750330250990753
    },
    "28": {
      "A": 4.6160450493674405,
      "A_hull": 4.6299335875356675,
      "solidity": 0.9970002727024818
    },
    "31": {
      "A": 9.302795383954951,
      "A_hull": 10.177773288553322,
      "solidity": 0.9140305173055451
    },
    "32": {
      "A": 8.795232443625162,
      "A_hull": 10.233327441226233,
      "solidity": 0.8594694632942628
    },
    "36": {
      "A": 2.2726698820736853,
      "A_hull": 2.1956516249589666,
      "solidity": 1.0
    },
    "38": {
      "A": 5.292795636473827,
      "A_hull": 6.1109567940203515,
      "solidity": 0.8661157024793392
    },
    "39": {
      "A": 4.3862528724022125,
      "A_hull": 4.493573394611247,
      "solidity": 0.9761168867659455
    }
  },
  "globally_clustered_sites": [],
  "clustered_sites_radius": 1.35,
  "clustered_sites_min_sites": 4
}