{
  "archetype": "shape_niceness",
  "per_catchment_npi": {
    "0": {
      "A": 5.520062624681196,
      "P": 14.170854271356784,
      "NPI": 1.7014496331575548,
      "n_cells": 2186
    },
    "1": {
      "A": 5.088255347087196,
      "P": 10.85427135678392,
      "NPI": 1.3574107801357158,
      "n_cells": 2015
    },
    "3": {
      "A": 5.787732633014318,
      "P": 15.678391959798997,
      "NPI": 1.8384099224142136,
      "n_cells": 2292
    },
    "4": {
      "A": 4.063028711396178,
      "P": 12.864321608040203,
      "NPI": 1.8003502827522504,
      "n_cells": 1609
    },
    "5": {
      "A": 3.7650564379687386,
      "P": 14.170854271356784,
      "NPI": 2.0601808909170476,
      "n_cells": 1491
    },
    "6": {
      "A": 4.550390141663089,
      "P": 16.884422110552766,
      "NPI": 2.2328366498248253,
      "n_cells": 1802
    },
    "7": {
      "A": 3.222140855028914,
      "P": 12.663316582914574,
      "NPI": 1.9900787923024532,
      "n_cells": 1276
    },
    "14": {
      "A": 7.050327011944144,
      "P": 16.884422110552766,
      "NPI": 1.7938108163518203,
      "n_cells": 2792
    },
    "16": {
      "A": 7.681624201409056,
      "P": 13.467336683417088,
      "NPI": 1.3707247583023585,
      "n_cells": 3042
    },
    "21": {
      "A": 6.449332087573547,
      "P": 12.964824120603016,
      "NPI": 1.4401387212374317,
      "n_cells": 2554
    },
    "25": {
      "A": 8.267467993232495,
      "P": 15.477386934673369,
      "NPI": 1.518470807148066,
      "n_cells": 3274
    },
    "29": {
      "A": 7.335673341582284,
      "P": 14.57286432160804,
      "NPI": 1.5178190437514596,
      "n_cells": 2905
    },
    "32": {
      "A": 6.307921517133407,
      "P": 11.457286432160805,
      "NPI": 1.2868671003195804,
      "n_cells": 2498
    },
    "33": {
      "A": 4.0504027676068795,
      "P": 11.35678391959799,
      "NPI": 1.5918470068422195,
      "n_cells": 1604
    },
    "36": {
      "A": 3.4468826544784226,
      "P": 8.743718592964825,
      "NPI": 1.3285502656818466,
      "n_cells": 1365
    },
    "37": {
      "A": 6.633670866897301,
      "P": 12.763819095477388,
      "NPI": 1.3979728858844866,
      "n_cells": 2627
    },
    "38": {
      "A": 6.666498320749477,
      "P": 13.165829145728644,
      "NPI": 1.4384487589487587,
      "n_cells": 2640
    },
    "39": {
      "A": 5.121082800939371,
      "P": 13.5678391959799,
      "NPI": 1.691316387356261,
      "n_cells": 2028
    }
  },
  "mean_npi_baseline": 1.6309268612960193,
  "max_npi_baseline": 2.2328366498248253,
  "p90_npi_baseline": 2.0111094218868315,
  "n_catchments_baseline": 18,
  "worst_catchment_site": 6,
  "worst_catchment_npi": 2.2328366498248253,
  "min_mean_npi_threshold": 1.5,
  "min_max_npi_threshold": 2.0,
  "base_seed": 26,
  "attempt": 0,
  "vague_text": "The shapes of the service regions on the map are ugly \u2014 long, thin, jagged. Tidy them up so each catchment is more rounded.",
  "precise_text": "The catchment around polling place 6 is bowtied / stretched. Make it visually compact.",
  "vague_template_idx": 2,
  "precise_template_idx": 4,
  "pair_id": "23"
}