{
  "archetype": "shape_niceness",
  "per_catchment_npi": {
    "0": {
      "A": 3.6867755864750893,
      "P": 11.959798994974875,
      "NPI": 1.7570964331853791,
      "n_cells": 1460
    },
    "1": {
      "A": 4.464533723895862,
      "P": 11.959798994974875,
      "NPI": 1.5967278294853078,
      "n_cells": 1768
    },
    "2": {
      "A": 3.8307113456730897,
      "P": 10.452261306532664,
      "NPI": 1.5064877777460635,
      "n_cells": 1517
    },
    "4": {
      "A": 4.1211080528269495,
      "P": 11.959798994974875,
      "NPI": 1.661927016520461,
      "n_cells": 1632
    },
    "5": {
      "A": 4.565541274210248,
      "P": 11.35678391959799,
      "NPI": 1.4993543847846718,
      "n_cells": 1808
    },
    "6": {
      "A": 4.305446832150704,
      "P": 14.773869346733669,
      "NPI": 2.008538712559644,
      "n_cells": 1705
    },
    "10": {
      "A": 6.780131814853161,
      "P": 12.462311557788945,
      "NPI": 1.35012694209188,
      "n_cells": 2685
    },
    "13": {
      "A": 3.979697482386809,
      "P": 12.56281407035176,
      "NPI": 1.7764662871282213,
      "n_cells": 1576
    },
    "15": {
      "A": 8.275043559506074,
      "P": 17.386934673366834,
      "NPI": 1.7050336169437694,
      "n_cells": 3277
    },
    "18": {
      "A": 5.648847251332038,
      "P": 13.467336683417086,
      "NPI": 1.598441954345194,
      "n_cells": 2237
    },
    "22": {
      "A": 6.669023509507336,
      "P": 14.170854271356784,
      "NPI": 1.5479608610754374,
      "n_cells": 2641
    },
    "26": {
      "A": 8.100805535213759,
      "P": 14.874371859296483,
      "NPI": 1.4742447818243096,
      "n_cells": 3208
    },
    "29": {
      "A": 5.99479811115881,
      "P": 11.557788944723619,
      "NPI": 1.331626860154279,
      "n_cells": 2374
    },
    "31": {
      "A": 1.9671220423726676,
      "P": 6.834170854271357,
      "NPI": 1.3745648926291494,
      "n_cells": 779
    },
    "32": {
      "A": 11.335572334031971,
      "P": 17.98994974874372,
      "NPI": 1.507312469478334,
      "n_cells": 4489
    },
    "33": {
      "A": 5.310471957778844,
      "P": 14.673366834170857,
      "NPI": 1.796214852260063,
      "n_cells": 2103
    },
    "36": {
      "A": 6.060453018863161,
      "P": 11.658291457286433,
      "NPI": 1.335910711289164,
      "n_cells": 2400
    },
    "38": {
      "A": 5.911466882149441,
      "P": 11.658291457286433,
      "NPI": 1.3526403733826906,
      "n_cells": 2341
    }
  },
  "mean_npi_baseline": 1.5655931531602232,
  "max_npi_baseline": 2.008538712559644,
  "p90_npi_baseline": 1.7823908566677737,
  "n_catchments_baseline": 18,
  "worst_catchment_site": 6,
  "worst_catchment_npi": 2.008538712559644,
  "min_mean_npi_threshold": 1.5,
  "min_max_npi_threshold": 2.0,
  "base_seed": 20,
  "attempt": 0,
  "vague_text": "The catchments on the map have odd, elongated shapes. Real-world service areas should look reasonably compact. Address the worst offenders.",
  "precise_text": "Polling place 6's catchment is unusually elongated \u2014 it has a long thin tail or protrusion that makes the service area look bad. Make it more compact.",
  "vague_template_idx": 4,
  "precise_template_idx": 0,
  "pair_id": "17"
}