{
  "archetype": "shape_niceness",
  "per_catchment_npi": {
    "1": {
      "A": 3.350925481679756,
      "P": 12.663316582914574,
      "NPI": 1.951462217807757,
      "n_cells": 1327
    },
    "4": {
      "A": 3.4696093532991594,
      "P": 10.653266331658292,
      "NPI": 1.6133833195880913,
      "n_cells": 1374
    },
    "5": {
      "A": 5.691775460215652,
      "P": 14.170854271356784,
      "NPI": 1.6755879190728873,
      "n_cells": 2254
    },
    "6": {
      "A": 4.825635716269792,
      "P": 12.06030150753769,
      "NPI": 1.5487309098782258,
      "n_cells": 1911
    },
    "7": {
      "A": 3.560516148582107,
      "P": 11.155778894472363,
      "NPI": 1.667778942541469,
      "n_cells": 1410
    },
    "8": {
      "A": 2.8837655614757205,
      "P": 10.050251256281408,
      "NPI": 1.6695214825193518,
      "n_cells": 1142
    },
    "10": {
      "A": 5.439256584429686,
      "P": 13.969849246231156,
      "NPI": 1.6897288315351608,
      "n_cells": 2154
    },
    "14": {
      "A": 7.335673341582284,
      "P": 16.78391959798995,
      "NPI": 1.7481088296999567,
      "n_cells": 2905
    },
    "19": {
      "A": 9.944193328451302,
      "P": 20.502512562814072,
      "NPI": 1.8340761996717296,
      "n_cells": 3938
    },
    "25": {
      "A": 8.51998686901846,
      "P": 15.577889447236181,
      "NPI": 1.5055120041550256,
      "n_cells": 3374
    },
    "26": {
      "A": 5.709451781520669,
      "P": 15.276381909547741,
      "NPI": 1.8035092347031594,
      "n_cells": 2261
    },
    "27": {
      "A": 7.598292972399688,
      "P": 20.20100502512563,
      "NPI": 2.0673310485368273,
      "n_cells": 3009
    },
    "31": {
      "A": 3.2398171763339314,
      "P": 9.447236180904524,
      "NPI": 1.4806062866566774,
      "n_cells": 1283
    },
    "33": {
      "A": 2.345900356051615,
      "P": 7.7386934673366845,
      "NPI": 1.4253054042393216,
      "n_cells": 929
    },
    "36": {
      "A": 7.07557889952274,
      "P": 14.371859296482413,
      "NPI": 1.524147631882535,
      "n_cells": 2802
    },
    "37": {
      "A": 3.600919168707861,
      "P": 12.763819095477388,
      "NPI": 1.8974442385297772,
      "n_cells": 1426
    },
    "38": {
      "A": 6.691750208328073,
      "P": 13.768844221105528,
      "NPI": 1.501490863358321,
      "n_cells": 2650
    },
    "39": {
      "A": 9.724501906517514,
      "P": 18.090452261306535,
      "NPI": 1.6364804048282597,
      "n_cells": 3851
    }
  },
  "mean_npi_baseline": 1.6800114316224741,
  "max_npi_baseline": 2.0673310485368273,
  "p90_npi_baseline": 1.913649632313171,
  "n_catchments_baseline": 18,
  "worst_catchment_site": 27,
  "worst_catchment_npi": 2.0673310485368273,
  "min_mean_npi_threshold": 1.5,
  "min_max_npi_threshold": 2.0,
  "base_seed": 3,
  "attempt": 0,
  "vague_text": "The shapes of the service regions on the map are ugly \u2014 long, thin, jagged. Tidy them up so each catchment is more rounded.",
  "precise_text": "The catchment around polling place 27 is bowtied / stretched. Make it visually compact.",
  "vague_template_idx": 2,
  "precise_template_idx": 4,
  "pair_id": "02"
}