{
  "archetype": "shape_niceness",
  "per_catchment_npi": {
    "0": {
      "A": 5.901366127118003,
      "P": 13.869346733668344,
      "NPI": 1.6105521571672163,
      "n_cells": 2337
    },
    "1": {
      "A": 5.408954319335371,
      "P": 14.170854271356784,
      "NPI": 1.7188360075715028,
      "n_cells": 2142
    },
    "2": {
      "A": 6.13873387035681,
      "P": 12.763819095477388,
      "NPI": 1.4532365266569156,
      "n_cells": 2431
    },
    "3": {
      "A": 4.557965707936669,
      "P": 11.35678391959799,
      "NPI": 1.5005998683593584,
      "n_cells": 1805
    },
    "4": {
      "A": 4.083230221459054,
      "P": 14.472361809045227,
      "NPI": 2.020377604497218,
      "n_cells": 1617
    },
    "6": {
      "A": 3.3888033130476507,
      "P": 9.145728643216081,
      "NPI": 1.401490628486221,
      "n_cells": 1342
    },
    "7": {
      "A": 3.767581626726598,
      "P": 9.949748743718594,
      "NPI": 1.4460251506289798,
      "n_cells": 1492
    },
    "13": {
      "A": 8.961894901643898,
      "P": 16.28140703517588,
      "NPI": 1.5342180168935506,
      "n_cells": 3549
    },
    "14": {
      "A": 6.014999621221687,
      "P": 13.266331658291458,
      "NPI": 1.5259071790536527,
      "n_cells": 2382
    },
    "20": {
      "A": 6.254892553218354,
      "P": 14.472361809045227,
      "NPI": 1.6323923560716387,
      "n_cells": 2477
    },
    "24": {
      "A": 7.918991944647863,
      "P": 13.768844221105528,
      "NPI": 1.380249516893618,
      "n_cells": 3136
    },
    "28": {
      "A": 8.961894901643898,
      "P": 15.075376884422113,
      "NPI": 1.4205722378643986,
      "n_cells": 3549
    },
    "31": {
      "A": 3.9897982374182477,
      "P": 11.155778894472363,
      "NPI": 1.575503959491605,
      "n_cells": 1580
    },
    "33": {
      "A": 4.843312037574809,
      "P": 10.552763819095478,
      "NPI": 1.3526644033537132,
      "n_cells": 1918
    },
    "36": {
      "A": 4.128683619100528,
      "P": 10.552763819095478,
      "NPI": 1.465060246577494,
      "n_cells": 1635
    },
    "37": {
      "A": 6.254892553218354,
      "P": 13.467336683417086,
      "NPI": 1.519031775788886,
      "n_cells": 2477
    },
    "38": {
      "A": 7.032650690639126,
      "P": 14.170854271356784,
      "NPI": 1.5074106405413272,
      "n_cells": 2785
    },
    "39": {
      "A": 3.3989040680790894,
      "P": 9.145728643216081,
      "NPI": 1.3994066263988083,
      "n_cells": 1346
    }
  },
  "mean_npi_baseline": 1.5257519390164502,
  "max_npi_baseline": 2.020377604497218,
  "p90_npi_baseline": 1.658325451521598,
  "n_catchments_baseline": 18,
  "worst_catchment_site": 4,
  "worst_catchment_npi": 2.020377604497218,
  "min_mean_npi_threshold": 1.5,
  "min_max_npi_threshold": 2.0,
  "base_seed": 12,
  "attempt": 0,
  "vague_text": "Some of these service regions look weird on the map \u2014 too elongated, oddly twisted, or with strange thin tails. Make them more compact and reasonable in shape.",
  "precise_text": "The catchment around polling place 4 is bowtied / stretched. Make it visually compact.",
  "vague_template_idx": 0,
  "precise_template_idx": 4,
  "pair_id": "11"
}