{
  "archetype": "contiguity",
  "culprits": [
    {
      "site": 0,
      "n_components": 2,
      "components": [
        [
          43,
          12
        ],
        [
          21
        ]
      ],
      "component_voters": [
        2705,
        18
      ],
      "largest_component_voters": 2705,
      "disjoint_excess_voters": 18,
      "worst_pair_separation_km": 2.072827583219845
    },
    {
      "site": 5,
      "n_components": 2,
      "components": [
        [
          20,
          28,
          29,
          30,
          26
        ],
        [
          33
        ]
      ],
      "component_voters": [
        3813,
        187
      ],
      "largest_component_voters": 3813,
      "disjoint_excess_voters": 187,
      "worst_pair_separation_km": 1.074809945900246
    }
  ],
  "n_split_sites_baseline": 2,
  "total_disjoint_excess_voters_baseline": 205,
  "worst_culprit_site": 5,
  "worst_culprit_disjoint_voters": 187,
  "smallest_component_centroid": [
    7.599172332249491,
    3.8025421223765887
  ],
  "min_split_voters_threshold": 1,
  "min_separation_threshold_km": 1.8,
  "base_seed": 7948,
  "attempt": 0,
  "pair_id": "contiguity_med_18",
  "difficulty": "med",
  "tier_kwargs": {
    "min_split_voters": 1,
    "min_separation": 1.8
  },
  "per_catchment_solidity": {
    "0": {
      "A": 4.674124390798212,
      "A_hull": 5.862225701371178,
      "solidity": 0.7973293129442172
    },
    "1": {
      "A": 6.174086512966845,
      "A_hull": 6.8255852124946355,
      "solidity": 0.9045504994450609
    },
    "2": {
      "A": 3.4569834095098613,
      "A_hull": 4.051665361985809,
      "solidity": 0.8532253038329697
    },
    "4": {
      "A": 3.199414156208177,
      "A_hull": 3.129971465367037,
      "solidity": 1.0
    },
    "5": {
      "A": 4.860988358879827,
      "A_hull": 6.874826393272898,
      "solidity": 0.7070707070707071
    },
    "6": {
      "A": 3.1186081159566683,
      "A_hull": 4.1791873942577205,
      "solidity": 0.746223564954683
    },
    "8": {
      "A": 5.047852326961441,
      "A_hull": 8.828059897477338,
      "solidity": 0.5717963386727688
    },
    "12": {
      "A": 8.598267720512109,
      "A_hull": 9.417691472437566,
      "solidity": 0.9129910175626759
    },
    "14": {
      "A": 5.2700689376530905,
      "A_hull": 6.49478548521502,
      "solidity": 0.8114307931570762
    },
    "19": {
      "A": 6.28519481831267,
      "A_hull": 6.602106007424056,
      "solidity": 0.9519984700707592
    },
    "22": {
      "A": 7.5553647635160734,
      "A_hull": 8.398777808641192,
      "solidity": 0.8995790739627184
    },
    "24": {
      "A": 8.552814322870635,
      "A_hull": 11.470669932577458,
      "solidity": 0.7456246560264174
    },
    "25": {
      "A": 8.876038483876671,
      "A_hull": 9.825509456831895,
      "solidity": 0.9033667437676695
    },
    "26": {
      "A": 7.383651927981617,
      "A_hull": 7.527587687179615,
      "solidity": 0.9808788996980882
    },
    "32": {
      "A": 3.3484002929218963,
      "A_hull": 4.672861796419281,
      "solidity": 0.7165630910564715
    },
    "34": {
      "A": 5.171586576096564,
      "A_hull": 5.068053837024318,
      "solidity": 1.0
    },
    "35": {
      "A": 6.184187267998284,
      "A_hull": 6.535188505340775,
      "solidity": 0.94629057187017
    },
    "38": {
      "A": 3.24991793136537,
      "A_hull": 3.1388096260195453,
      "solidity": 1.0
    }
  },
  "globally_clustered_sites": [],
  "clustered_sites_radius": 1.35,
  "clustered_sites_min_sites": 4,
  "vague_text": "There are visible service-area splits: opened sites whose catchments appear in disconnected regions. Eliminate them.",
  "precise_text": "Polling place 5 is serving voters from at least two disjoint regions. That can't be right \u2014 make its catchment contiguous, but be mindful about causing this issue elsewhere.",
  "vague_template_idx": 4,
  "precise_template_idx": 4
}