{
  "archetype": "shape_niceness",
  "per_catchment_npi": {
    "0": {
      "A": 4.848362415090529,
      "P": 12.663316582914574,
      "NPI": 1.6223516484973963,
      "n_cells": 1920
    },
    "1": {
      "A": 3.8307113456730897,
      "P": 10.35175879396985,
      "NPI": 1.4920023183446591,
      "n_cells": 1517
    },
    "2": {
      "A": 4.075654655185476,
      "P": 14.773869346733669,
      "NPI": 2.0643847072841957,
      "n_cells": 1614
    },
    "3": {
      "A": 3.6413221888336156,
      "P": 12.964824120603016,
      "NPI": 1.9166029124426573,
      "n_cells": 1442
    },
    "4": {
      "A": 3.9544455948082122,
      "P": 10.954773869346734,
      "NPI": 1.554016704165713,
      "n_cells": 1566
    },
    "5": {
      "A": 8.080604025150881,
      "P": 14.07035175879397,
      "NPI": 1.3962979814050145,
      "n_cells": 3200
    },
    "7": {
      "A": 5.6059190424484235,
      "P": 13.869346733668342,
      "NPI": 1.6524474712568362,
      "n_cells": 2220
    },
    "8": {
      "A": 4.520087876568774,
      "P": 14.070351758793972,
      "NPI": 1.8669237639326572,
      "n_cells": 1790
    },
    "14": {
      "A": 11.537587434660741,
      "P": 16.381909547738694,
      "NPI": 1.360511098812798,
      "n_cells": 4569
    },
    "16": {
      "A": 4.752405242291862,
      "P": 11.055276381909549,
      "NPI": 1.4305661325237085,
      "n_cells": 1882
    },
    "18": {
      "A": 4.073129466427616,
      "P": 11.758793969849247,
      "NPI": 1.6435909516507943,
      "n_cells": 1613
    },
    "21": {
      "A": 5.689250271457792,
      "P": 12.864321608040202,
      "NPI": 1.521438624572911,
      "n_cells": 2253
    },
    "22": {
      "A": 9.898739930809828,
      "P": 16.48241206030151,
      "NPI": 1.4778347628975224,
      "n_cells": 3920
    },
    "23": {
      "A": 5.259968182621652,
      "P": 12.361809045226131,
      "NPI": 1.520496903781556,
      "n_cells": 2083
    },
    "25": {
      "A": 9.02502462059039,
      "P": 16.78391959798995,
      "NPI": 1.5760292038605448,
      "n_cells": 3574
    },
    "33": {
      "A": 5.449357339461125,
      "P": 14.2713567839196,
      "NPI": 1.724597244490532,
      "n_cells": 2158
    },
    "34": {
      "A": 5.184212519885862,
      "P": 11.557788944723619,
      "NPI": 1.4319518976233039,
      "n_cells": 2053
    },
    "37": {
      "A": 1.580768162420141,
      "P": 7.437185929648242,
      "NPI": 1.6686667674340252,
      "n_cells": 626
    }
  },
  "mean_npi_baseline": 1.606706171943157,
  "max_npi_baseline": 2.0643847072841957,
  "p90_npi_baseline": 1.8818275084856573,
  "n_catchments_baseline": 18,
  "worst_catchment_site": 2,
  "worst_catchment_npi": 2.0643847072841957,
  "min_mean_npi_threshold": 1.5,
  "min_max_npi_threshold": 2.0,
  "base_seed": 2,
  "attempt": 0,
  "vague_text": "Several polling places have catchments that look bizarre \u2014 stringy or with awkward protrusions. Reshape so the service areas are visually compact.",
  "precise_text": "Site 2 is serving an awkwardly-shaped catchment. The service area should be more circular / compact, not elongated.",
  "vague_template_idx": 3,
  "precise_template_idx": 2,
  "pair_id": "01"
}