{
  "archetype": "shape_niceness",
  "per_catchment_npi": {
    "0": {
      "A": 3.4115300118683876,
      "P": 10.050251256281408,
      "NPI": 1.5349611543142767,
      "n_cells": 1351
    },
    "1": {
      "A": 5.84833716320295,
      "P": 13.366834170854272,
      "NPI": 1.5592201087257358,
      "n_cells": 2316
    },
    "2": {
      "A": 3.6640488876543524,
      "P": 16.78391959798995,
      "NPI": 2.473476727849162,
      "n_cells": 1451
    },
    "3": {
      "A": 3.760006060453019,
      "P": 10.954773869346734,
      "NPI": 1.5936913399836126,
      "n_cells": 1489
    },
    "4": {
      "A": 3.8610136107674053,
      "P": 13.969849246231156,
      "NPI": 2.005562133385027,
      "n_cells": 1529
    },
    "5": {
      "A": 5.068053837024318,
      "P": 13.869346733668342,
      "NPI": 1.737922731960236,
      "n_cells": 2007
    },
    "6": {
      "A": 3.2751698189439664,
      "P": 8.643216080402011,
      "NPI": 1.3472665488302624,
      "n_cells": 1297
    },
    "7": {
      "A": 5.328148279083862,
      "P": 12.964824120603016,
      "NPI": 1.584431785658492,
      "n_cells": 2110
    },
    "8": {
      "A": 5.151385066033686,
      "P": 11.758793969849247,
      "NPI": 1.4614899783604387,
      "n_cells": 2040
    },
    "9": {
      "A": 9.328047271533547,
      "P": 16.582914572864322,
      "NPI": 1.531653622216798,
      "n_cells": 3694
    },
    "15": {
      "A": 8.444231206282671,
      "P": 14.673366834170857,
      "NPI": 1.4244420478543447,
      "n_cells": 3344
    },
    "17": {
      "A": 7.959394964773618,
      "P": 16.180904522613066,
      "NPI": 1.617922949332818,
      "n_cells": 3152
    },
    "19": {
      "A": 10.004797858639934,
      "P": 15.678391959798997,
      "NPI": 1.398274463962492,
      "n_cells": 3962
    },
    "20": {
      "A": 7.083154465796319,
      "P": 12.663316582914574,
      "NPI": 1.3422369060498078,
      "n_cells": 2805
    },
    "30": {
      "A": 6.795282947400319,
      "P": 14.07035175879397,
      "NPI": 1.522636549585583,
      "n_cells": 2691
    },
    "31": {
      "A": 3.7448549279058616,
      "P": 13.266331658291458,
      "NPI": 1.9338750899940529,
      "n_cells": 1483
    },
    "34": {
      "A": 3.343349915406177,
      "P": 9.246231155778895,
      "NPI": 1.4264905483339545,
      "n_cells": 1324
    },
    "36": {
      "A": 4.936744021615616,
      "P": 11.256281407035177,
      "NPI": 1.4291233183219691,
      "n_cells": 1955
    }
  },
  "mean_npi_baseline": 1.606926555817726,
  "max_npi_baseline": 2.473476727849162,
  "p90_npi_baseline": 1.955381203011345,
  "n_catchments_baseline": 18,
  "worst_catchment_site": 2,
  "worst_catchment_npi": 2.473476727849162,
  "min_mean_npi_threshold": 1.5,
  "min_max_npi_threshold": 2.0,
  "base_seed": 27,
  "attempt": 0,
  "vague_text": "Several polling places have catchments that look bizarre \u2014 stringy or with awkward protrusions. Reshape so the service areas are visually compact.",
  "precise_text": "Polling place 2's service region has an ugly shape on the map \u2014 long and thin with awkward bumps. Tidy it up.",
  "vague_template_idx": 3,
  "precise_template_idx": 3,
  "pair_id": "24"
}