{
  "archetype": "cluster",
  "cluster_center": [
    5.387852758674802,
    1.9172297810791288
  ],
  "cluster_radius": 1.3,
  "affected_sites": [
    0,
    4,
    5,
    32
  ],
  "cluster_size": 4,
  "cluster_density_ratio": 4.18553433509258,
  "cluster_min_sites": 4,
  "cluster_density_factor": 2.0,
  "base_seed": 8737,
  "attempt": 0,
  "pair_id": "cluster_med_28",
  "difficulty": "med",
  "tier_kwargs": {
    "cluster_radius": 1.3,
    "cluster_min_sites": 4,
    "cluster_density_factor": 2.0
  },
  "per_catchment_solidity": {
    "0": {
      "A": 3.5933436024342824,
      "A_hull": 4.076917249564405,
      "solidity": 0.8813874264478169
    },
    "1": {
      "A": 6.391252746142775,
      "A_hull": 9.15759703037802,
      "solidity": 0.6979181028539917
    },
    "3": {
      "A": 3.040327264463019,
      "A_hull": 2.986035706169037,
      "solidity": 1.0
    },
    "4": {
      "A": 3.191838589934598,
      "A_hull": 3.38501552991086,
      "solidity": 0.9429317418873557
    },
    "5": {
      "A": 3.4771849195727387,
      "A_hull": 4.467058912653722,
      "solidity": 0.7784058790276992
    },
    "6": {
      "A": 5.494810737102599,
      "A_hull": 5.8180348981086345,
      "solidity": 0.9444444444444443
    },
    "7": {
      "A": 3.967071538597511,
      "A_hull": 6.108431605262493,
      "solidity": 0.6494419181479952
    },
    "8": {
      "A": 3.712027474053686,
      "A_hull": 4.119845458448018,
      "solidity": 0.9010113392583515
    },
    "13": {
      "A": 4.282720133329967,
      "A_hull": 4.3243857478346515,
      "solidity": 0.9903649635036496
    },
    "14": {
      "A": 5.515012247165476,
      "A_hull": 6.4278679831317405,
      "solidity": 0.8579846788450205
    },
    "16": {
      "A": 11.489608848261408,
      "A_hull": 14.692810787606374,
      "solidity": 0.7819884850047263
    },
    "22": {
      "A": 12.06030150753769,
      "A_hull": 12.502209540163125,
      "solidity": 0.9646536053322563
    },
    "23": {
      "A": 7.2371909800257574,
      "A_hull": 7.85965000883816,
      "solidity": 0.9208032128514058
    },
    "25": {
      "A": 7.886164490795688,
      "A_hull": 8.913916315244562,
      "solidity": 0.8847025495750712
    },
    "29": {
      "A": 6.249842175702635,
      "A_hull": 6.799070730537109,
      "solidity": 0.9192200557103063
    },
    "32": {
      "A": 2.5226635691017907,
      "A_hull": 2.6072573924900895,
      "solidity": 0.9675544794188861
    },
    "37": {
      "A": 3.926668518471756,
      "A_hull": 4.623620615641021,
      "solidity": 0.8492626979792461
    },
    "39": {
      "A": 6.969520971692635,
      "A_hull": 8.190449736117776,
      "solidity": 0.8509326344997687
    }
  },
  "globally_clustered_sites": [
    0,
    4,
    5,
    32
  ],
  "clustered_sites_radius": 1.3,
  "clustered_sites_min_sites": 4,
  "vague_text": "There's an unnecessary concentration of opened sites somewhere on the map. Multiple sites within walking distance of each other is wasteful. Close one or two.",
  "precise_text": "Polling places 0, 4, 5, 32 are clustered too tightly together \u2014 I count 4 sites within roughly 1.3 km of each other. Close one or two of them and let the optimiser redistribute coverage, but be mindful about creating clusters elsewhere.",
  "vague_template_idx": 3,
  "precise_template_idx": 0
}