{
  "archetype": "cluster",
  "cluster_center": [
    6.248005010850282,
    0.7652766443146806
  ],
  "cluster_radius": 1.3,
  "affected_sites": [
    6,
    33,
    36,
    38
  ],
  "cluster_size": 4,
  "cluster_density_ratio": 4.18553433509258,
  "cluster_min_sites": 4,
  "cluster_density_factor": 2.0,
  "base_seed": 8583,
  "attempt": 0,
  "pair_id": "cluster_med_22",
  "difficulty": "med",
  "tier_kwargs": {
    "cluster_radius": 1.3,
    "cluster_min_sites": 4,
    "cluster_density_factor": 2.0
  },
  "per_catchment_solidity": {
    "1": {
      "A": 3.4847604858463175,
      "A_hull": 3.9380318678821253,
      "solidity": 0.8848990060916959
    },
    "2": {
      "A": 3.3610262367111945,
      "A_hull": 3.2827453852175457,
      "solidity": 1.0
    },
    "3": {
      "A": 3.3231484053432996,
      "A_hull": 4.800383828691196,
      "solidity": 0.6922672277748553
    },
    "4": {
      "A": 6.742253983485266,
      "A_hull": 7.235928385646828,
      "solidity": 0.9317745594137149
    },
    "5": {
      "A": 4.004949369965406,
      "A_hull": 4.345849852276458,
      "solidity": 0.9215572341661826
    },
    "6": {
      "A": 3.770106815484458,
      "A_hull": 5.227140728769475,
      "solidity": 0.7212560386473431
    },
    "9": {
      "A": 7.282644377667231,
      "A_hull": 8.281356531400723,
      "solidity": 0.87940234791889
    },
    "10": {
      "A": 9.340673215322846,
      "A_hull": 10.204287770510843,
      "solidity": 0.9153674832962141
    },
    "11": {
      "A": 5.143809499760108,
      "A_hull": 5.022600439382843,
      "solidity": 1.0
    },
    "13": {
      "A": 6.43165576626853,
      "A_hull": 11.704249892679478,
      "solidity": 0.5495145631067962
    },
    "20": {
      "A": 8.131107800308074,
      "A_hull": 10.253528951289107,
      "solidity": 0.7930057874645982
    },
    "23": {
      "A": 7.906366000858565,
      "A_hull": 9.31163354460746,
      "solidity": 0.8490847457627119
    },
    "24": {
      "A": 5.477134415797582,
      "A_hull": 9.807833135526877,
      "solidity": 0.5584449021627191
    },
    "27": {
      "A": 6.979621726724074,
      "A_hull": 7.603343349915406,
      "solidity": 0.9179674526735305
    },
    "31": {
      "A": 4.706951844650388,
      "A_hull": 4.850887603848389,
      "solidity": 0.9703279541905255
    },
    "33": {
      "A": 7.100830787101336,
      "A_hull": 14.082977702583268,
      "solidity": 0.5042137349829658
    },
    "36": {
      "A": 5.843286785687231,
      "A_hull": 7.126082674679931,
      "solidity": 0.8199858256555637
    },
    "38": {
      "A": 1.9772227974041061,
      "A_hull": 1.9115678896997552,
      "solidity": 1.0
    }
  },
  "globally_clustered_sites": [
    6,
    33,
    36,
    38
  ],
  "clustered_sites_radius": 1.3,
  "clustered_sites_min_sites": 4,
  "vague_text": "The current solution clusters too many sites in a small area. It looks redundant \u2014 please thin the cluster out.",
  "precise_text": "I see 4 polling places (6, 33, 36, 38) bunched together. Spread them out by closing one or two, but be mindful about creating clusters elsewhere.",
  "vague_template_idx": 2,
  "precise_template_idx": 4
}