{
  "archetype": "coverage_gap",
  "current_max_distance_km": 2.685578133115528,
  "most_stranded_precinct": 65,
  "most_stranded_distance_km": 2.685578133115528,
  "best_candidate_idx": 9,
  "best_candidate_new_max_km": 1.5847006039481966,
  "best_improvement_km": 1.1008775291673314,
  "per_candidate_improvement": {
    "9": {
      "improvement_km": 1.1008775291673314,
      "new_max_km": 1.5847006039481966
    },
    "12": {
      "improvement_km": 1.1008775291673314,
      "new_max_km": 1.5847006039481966
    },
    "31": {
      "improvement_km": 0.9147154615940782,
      "new_max_km": 1.7708626715214497
    },
    "26": {
      "improvement_km": 0.9052474330112279,
      "new_max_km": 1.7803307001043
    },
    "11": {
      "improvement_km": 0.7555071554944934,
      "new_max_km": 1.9300709776210345
    },
    "6": {
      "improvement_km": 0.0,
      "new_max_km": 2.685578133115528
    },
    "8": {
      "improvement_km": 0.0,
      "new_max_km": 2.685578133115528
    },
    "14": {
      "improvement_km": 0.0,
      "new_max_km": 2.685578133115528
    },
    "15": {
      "improvement_km": 0.0,
      "new_max_km": 2.685578133115528
    },
    "16": {
      "improvement_km": 0.0,
      "new_max_km": 2.685578133115528
    },
    "17": {
      "improvement_km": 0.0,
      "new_max_km": 2.685578133115528
    },
    "18": {
      "improvement_km": 0.0,
      "new_max_km": 2.685578133115528
    },
    "20": {
      "improvement_km": 0.0,
      "new_max_km": 2.685578133115528
    },
    "21": {
      "improvement_km": 0.0,
      "new_max_km": 2.685578133115528
    },
    "22": {
      "improvement_km": 0.0,
      "new_max_km": 2.685578133115528
    },
    "23": {
      "improvement_km": 0.0,
      "new_max_km": 2.685578133115528
    },
    "27": {
      "improvement_km": 0.0,
      "new_max_km": 2.685578133115528
    },
    "28": {
      "improvement_km": 0.0,
      "new_max_km": 2.685578133115528
    },
    "33": {
      "improvement_km": 0.0,
      "new_max_km": 2.685578133115528
    },
    "35": {
      "improvement_km": 0.0,
      "new_max_km": 2.685578133115528
    },
    "38": {
      "improvement_km": 0.0,
      "new_max_km": 2.685578133115528
    },
    "39": {
      "improvement_km": 0.0,
      "new_max_km": 2.685578133115528
    }
  },
  "candidates_ranked_by_improvement": [
    9,
    12,
    31,
    26,
    11,
    6,
    8,
    14,
    15,
    16,
    17,
    18,
    20,
    21,
    22,
    23,
    27,
    28,
    33,
    35,
    38,
    39
  ],
  "coverage_gap_center": [
    9.027617776105153,
    8.860465573807144
  ],
  "coverage_gap_radius": 1.725533620355214,
  "affected_precincts": [
    36,
    51,
    62,
    65,
    71
  ],
  "coverage_gap_distance_threshold": 1.6331980857526132,
  "coverage_gap_baseline_strand_count": 5,
  "n_opened": 18,
  "n_closed_candidates": 22,
  "min_max_distance_threshold_km": 2.6,
  "min_improvement_threshold_km": 1.0,
  "base_seed": 17998,
  "attempt": 0,
  "uncapacitated": true,
  "pair_id": "coverage_gap_med_28",
  "difficulty": "med",
  "tier_kwargs": {
    "min_max_distance": 2.6,
    "min_improvement": 1.0
  },
  "per_catchment_solidity": {
    "0": {
      "A": 5.600868664932705,
      "A_hull": 6.5389762884775635,
      "solidity": 0.8565360108128984
    },
    "1": {
      "A": 7.065478144491301,
      "A_hull": 7.4493068356859675,
      "solidity": 0.9484745762711865
    },
    "2": {
      "A": 4.345849852276459,
      "A_hull": 4.522613065326634,
      "solidity": 0.9609156895589057
    },
    "3": {
      "A": 3.3458751041640364,
      "A_hull": 3.262543875154668,
      "solidity": 1.0
    },
    "4": {
      "A": 7.282644377667231,
      "A_hull": 7.489709855811721,
      "solidity": 0.9723533378287257
    },
    "5": {
      "A": 3.277695007701826,
      "A_hull": 3.290320951491124,
      "solidity": 0.9961627014581734
    },
    "7": {
      "A": 3.6413221888336156,
      "A_hull": 3.988535643039318,
      "solidity": 0.9129471351693573
    },
    "10": {
      "A": 7.042751445670564,
      "A_hull": 7.463195373854196,
      "solidity": 0.9436643545931315
    },
    "13": {
      "A": 6.689225019570213,
      "A_hull": 6.849574505694303,
      "solidity": 0.9765898617511518
    },
    "19": {
      "A": 10.540137875306181,
      "A_hull": 11.629756824322612,
      "solidity": 0.9063076756052552
    },
    "24": {
      "A": 4.33574909724502,
      "A_hull": 4.349637635413247,
      "solidity": 0.9968069666182876
    },
    "25": {
      "A": 6.234691043155476,
      "A_hull": 8.444231206282666,
      "solidity": 0.738337320574163
    },
    "29": {
      "A": 3.7271786066008437,
      "A_hull": 3.9860104542814567,
      "solidity": 0.9350649350649353
    },
    "30": {
      "A": 5.820560086866494,
      "A_hull": 6.037726320042423,
      "solidity": 0.9640317858636556
    },
    "32": {
      "A": 5.840761596929371,
      "A_hull": 5.762480745435723,
      "solidity": 1.0
    },
    "34": {
      "A": 3.1665867023560015,
      "A_hull": 3.044115047599809,
      "solidity": 1.0
    },
    "36": {
      "A": 7.820509583091337,
      "A_hull": 8.94043079720209,
      "solidity": 0.8747352068916822
    },
    "37": {
      "A": 5.229665917527336,
      "A_hull": 5.0819423751925425,
      "solidity": 1.0
    }
  },
  "globally_clustered_sites": [],
  "clustered_sites_radius": 1.35,
  "clustered_sites_min_sites": 4,
  "vague_text": "Some voters are travelling much farther than they should to reach a polling place. Reduce the worst travel distance, ideally by opening a closed candidate site near the most-stranded precinct.",
  "precise_text": "The current maximum travel distance is 2.7 km, set by precinct 65. Reduce this maximum without significantly increasing other precincts' travel distances.",
  "vague_template_idx": 4,
  "precise_template_idx": 1
}