{
  "archetype": "cluster",
  "cluster_center": [
    5.54345952233126,
    0.9671190503565562
  ],
  "cluster_radius": 1.3,
  "affected_sites": [
    5,
    8,
    35,
    36
  ],
  "cluster_size": 4,
  "cluster_density_ratio": 4.18553433509258,
  "cluster_min_sites": 4,
  "cluster_density_factor": 2.0,
  "base_seed": 8387,
  "attempt": 0,
  "pair_id": "cluster_med_14",
  "difficulty": "med",
  "tier_kwargs": {
    "cluster_radius": 1.3,
    "cluster_min_sites": 4,
    "cluster_density_factor": 2.0
  },
  "per_catchment_solidity": {
    "2": {
      "A": 3.7928335143051948,
      "A_hull": 4.63245877629353,
      "solidity": 0.8187517034614334
    },
    "3": {
      "A": 4.431706270043686,
      "A_hull": 5.430418423777177,
      "solidity": 0.8160892815624274
    },
    "4": {
      "A": 2.7852831999191943,
      "A_hull": 3.3749147748794237,
      "solidity": 0.8252899364010472
    },
    "5": {
      "A": 3.878689932072423,
      "A_hull": 3.9026792252720903,
      "solidity": 0.9938531219670008
    },
    "7": {
      "A": 7.792732506754881,
      "A_hull": 8.689174515795052,
      "solidity": 0.8968323161871553
    },
    "8": {
      "A": 4.318072775940002,
      "A_hull": 5.387490214893563,
      "solidity": 0.8014998828216546
    },
    "9": {
      "A": 5.292795636473827,
      "A_hull": 5.169061387338703,
      "solidity": 1.0
    },
    "10": {
      "A": 6.161460569177547,
      "A_hull": 8.387414459230829,
      "solidity": 0.7346078578955291
    },
    "13": {
      "A": 11.128506855887478,
      "A_hull": 12.118380848968458,
      "solidity": 0.9183163158991459
    },
    "16": {
      "A": 4.449382591348704,
      "A_hull": 4.4796848564430185,
      "solidity": 0.9932356257046226
    },
    "17": {
      "A": 7.0781040882805994,
      "A_hull": 7.5591525466528635,
      "solidity": 0.9363621179221646
    },
    "18": {
      "A": 8.002323173657231,
      "A_hull": 8.795232443625158,
      "solidity": 0.9098478323284528
    },
    "19": {
      "A": 6.9190171965354414,
      "A_hull": 8.21191384055958,
      "solidity": 0.8425584255842561
    },
    "32": {
      "A": 5.603393853690564,
      "A_hull": 6.571803742329738,
      "solidity": 0.8526416906820368
    },
    "34": {
      "A": 5.951869902275195,
      "A_hull": 7.237190980025758,
      "solidity": 0.8224005582693649
    },
    "35": {
      "A": 2.0403525163505973,
      "A_hull": 2.0113128456352114,
      "solidity": 1.0
    },
    "36": {
      "A": 4.830686093785511,
      "A_hull": 4.714527410923967,
      "solidity": 1.0
    },
    "37": {
      "A": 6.550339637887933,
      "A_hull": 7.915204161511076,
      "solidity": 0.827564204817355
    }
  },
  "globally_clustered_sites": [
    5,
    8,
    35,
    36
  ],
  "clustered_sites_radius": 1.3,
  "clustered_sites_min_sites": 4,
  "vague_text": "I see way too many polling locations bunched together. They're so close that closing one or two wouldn't really hurt coverage.",
  "precise_text": "Polling places 5, 8, 35, 36 are clustered too tightly together \u2014 I count 4 sites within roughly 1.3 km of each other. Close one or two of them and let the optimiser redistribute coverage, but be mindful about creating clusters elsewhere.",
  "vague_template_idx": 4,
  "precise_template_idx": 0
}