{
  "archetype": "shape_niceness",
  "per_catchment_npi": {
    "0": {
      "A": 3.6943511527486685,
      "P": 10.452261306532664,
      "NPI": 1.5340384314176163,
      "n_cells": 1463
    },
    "1": {
      "A": 6.098330850231055,
      "P": 17.185929648241206,
      "NPI": 1.9631912354311791,
      "n_cells": 2415
    },
    "3": {
      "A": 3.133759248503826,
      "P": 11.959798994974875,
      "NPI": 1.9058386684121602,
      "n_cells": 1241
    },
    "5": {
      "A": 11.123456478371759,
      "P": 16.582914572864322,
      "NPI": 1.402607159828511,
      "n_cells": 4405
    },
    "7": {
      "A": 5.833186030655792,
      "P": 13.768844221105528,
      "NPI": 1.6081984561506024,
      "n_cells": 2310
    },
    "8": {
      "A": 5.371076487967477,
      "P": 11.457286432160805,
      "NPI": 1.3945887903407657,
      "n_cells": 2127
    },
    "10": {
      "A": 6.131158304083231,
      "P": 13.165829145728644,
      "NPI": 1.4999335455899951,
      "n_cells": 2428
    },
    "11": {
      "A": 7.2321406025100385,
      "P": 15.979899497487438,
      "NPI": 1.6762379974920558,
      "n_cells": 2864
    },
    "14": {
      "A": 4.782707507386178,
      "P": 12.160804020100503,
      "NPI": 1.568629747216541,
      "n_cells": 1894
    },
    "22": {
      "A": 5.158960632307266,
      "P": 10.954773869346734,
      "NPI": 1.3605589961705107,
      "n_cells": 2043
    },
    "25": {
      "A": 6.99982323678695,
      "P": 14.170854271356784,
      "NPI": 1.5109411990801964,
      "n_cells": 2772
    },
    "28": {
      "A": 5.547839701017652,
      "P": 14.371859296482413,
      "NPI": 1.7212583998619386,
      "n_cells": 2197
    },
    "29": {
      "A": 3.747380116663721,
      "P": 10.251256281407036,
      "NPI": 1.493854449337698,
      "n_cells": 1484
    },
    "31": {
      "A": 7.691724956440495,
      "P": 14.070351758793972,
      "NPI": 1.4311598693492233,
      "n_cells": 3046
    },
    "36": {
      "A": 4.805434206206915,
      "P": 10.35175879396985,
      "NPI": 1.3321186059457308,
      "n_cells": 1903
    },
    "37": {
      "A": 4.575642029241687,
      "P": 9.547738693467338,
      "NPI": 1.2591271028584485,
      "n_cells": 1812
    },
    "38": {
      "A": 4.712002222166108,
      "P": 11.758793969849247,
      "NPI": 1.5281117168133085,
      "n_cells": 1866
    },
    "39": {
      "A": 4.3685765510971954,
      "P": 10.552763819095478,
      "NPI": 1.4242666696741442,
      "n_cells": 1730
    }
  },
  "mean_npi_baseline": 1.534147835609479,
  "max_npi_baseline": 1.9631912354311791,
  "p90_npi_baseline": 1.7766324804270053,
  "n_catchments_baseline": 18,
  "worst_catchment_site": 1,
  "worst_catchment_npi": 1.9631912354311791,
  "min_mean_npi_threshold": 1.3,
  "min_max_npi_threshold": 1.65,
  "base_seed": 9,
  "attempt": 0,
  "uncapacitated": true,
  "pair_id": "shape_niceness_easy_08",
  "difficulty": "easy",
  "tier_kwargs": {
    "min_mean_npi": 1.3,
    "min_max_npi": 1.65
  },
  "per_catchment_solidity": {
    "0": {
      "A": 3.6943511527486685,
      "A_hull": 3.9822226711446698,
      "solidity": 0.9277108433734937
    },
    "1": {
      "A": 6.098330850231055,
      "A_hull": 7.888689679553546,
      "solidity": 0.7730473751600513
    },
    "3": {
      "A": 3.133759248503826,
      "A_hull": 4.449382591348703,
      "solidity": 0.7043132803632237
    },
    "5": {
      "A": 11.123456478371759,
      "A_hull": 11.615868286154388,
      "solidity": 0.9576086956521741
    },
    "7": {
      "A": 5.833186030655792,
      "A_hull": 7.091992626448829,
      "solidity": 0.8225031155421042
    },
    "8": {
      "A": 5.371076487967477,
      "A_hull": 5.441781773187543,
      "solidity": 0.9870069605568452
    },
    "10": {
      "A": 6.131158304083231,
      "A_hull": 6.6892250195702125,
      "solidity": 0.9165722914307287
    },
    "11": {
      "A": 7.2321406025100385,
      "A_hull": 7.841973687533142,
      "solidity": 0.9222347448075997
    },
    "14": {
      "A": 4.782707507386178,
      "A_hull": 5.143809499760108,
      "solidity": 0.9297987236131565
    },
    "22": {
      "A": 5.158960632307266,
      "A_hull": 5.090780535845055,
      "solidity": 1.0
    },
    "25": {
      "A": 6.99982323678695,
      "A_hull": 7.8785889245221075,
      "solidity": 0.8884615384615385
    },
    "28": {
      "A": 5.547839701017652,
      "A_hull": 6.7776066260953005,
      "solidity": 0.818554396423249
    },
    "29": {
      "A": 3.747380116663721,
      "A_hull": 3.7839953536526862,
      "solidity": 0.9903236569903235
    },
    "31": {
      "A": 7.691724956440495,
      "A_hull": 8.051564354435495,
      "solidity": 0.955308138623177
    },
    "36": {
      "A": 4.805434206206915,
      "A_hull": 4.797858639933334,
      "solidity": 1.0
    },
    "37": {
      "A": 4.575642029241687,
      "A_hull": 4.521350470947703,
      "solidity": 1.0
    },
    "38": {
      "A": 4.712002222166108,
      "A_hull": 4.953157748541703,
      "solidity": 0.9513127708386441
    },
    "39": {
      "A": 4.3685765510971954,
      "A_hull": 4.4178177318754575,
      "solidity": 0.9888539582737927
    }
  },
  "globally_clustered_sites": [],
  "clustered_sites_radius": 1.35,
  "clustered_sites_min_sites": 4
}