{
  "archetype": "contiguity",
  "culprits": [
    {
      "site": 1,
      "n_components": 2,
      "components": [
        [
          19
        ],
        [
          79
        ]
      ],
      "component_voters": [
        1276,
        522
      ],
      "largest_component_voters": 1276,
      "disjoint_excess_voters": 522,
      "worst_pair_separation_km": 2.431268783287245
    }
  ],
  "n_split_sites_baseline": 1,
  "total_disjoint_excess_voters_baseline": 522,
  "worst_culprit_site": 1,
  "worst_culprit_disjoint_voters": 522,
  "smallest_component_centroid": [
    1.1552414478811184,
    0.348534114422379
  ],
  "min_split_voters_threshold": 1,
  "min_separation_threshold_km": 1.8,
  "base_seed": 7943,
  "attempt": 0,
  "pair_id": "contiguity_med_15",
  "difficulty": "med",
  "tier_kwargs": {
    "min_split_voters": 1,
    "min_separation": 1.8
  },
  "per_catchment_solidity": {
    "0": {
      "A": 7.136183429711371,
      "A_hull": 9.070478018231864,
      "solidity": 0.7867483296213809
    },
    "1": {
      "A": 2.330749223504457,
      "A_hull": 4.3862528724022125,
      "solidity": 0.5313759355210133
    },
    "5": {
      "A": 4.777657129870458,
      "A_hull": 4.835736471301229,
      "solidity": 0.9879895561357704
    },
    "6": {
      "A": 4.451907780106564,
      "A_hull": 4.953157748541705,
      "solidity": 0.8988019372928879
    },
    "7": {
      "A": 4.919067700310599,
      "A_hull": 6.4190298224792315,
      "solidity": 0.7663257277734067
    },
    "8": {
      "A": 1.934294588520492,
      "A_hull": 2.277720259589404,
      "solidity": 0.8492239467849225
    },
    "9": {
      "A": 6.085704906441757,
      "A_hull": 6.864725638241457,
      "solidity": 0.8865183005333827
    },
    "14": {
      "A": 4.11858286406909,
      "A_hull": 4.935481427236687,
      "solidity": 0.8344845228958813
    },
    "16": {
      "A": 3.709502285295826,
      "A_hull": 4.035251635059721,
      "solidity": 0.9192740926157698
    },
    "21": {
      "A": 8.81290876493018,
      "A_hull": 9.080578773263303,
      "solidity": 0.9705228031145717
    },
    "22": {
      "A": 6.49983586273074,
      "A_hull": 7.946769020984316,
      "solidity": 0.8179218303145857
    },
    "23": {
      "A": 15.040024241812077,
      "A_hull": 16.65614504684225,
      "solidity": 0.9029714978775016
    },
    "27": {
      "A": 8.38110148733618,
      "A_hull": 8.540188379081334,
      "solidity": 0.9813719692489655
    },
    "32": {
      "A": 4.454432968864423,
      "A_hull": 4.41150475998081,
      "solidity": 1.0
    },
    "33": {
      "A": 2.8282114088028085,
      "A_hull": 3.2410797707128616,
      "solidity": 0.872613946240748
    },
    "36": {
      "A": 3.0782050958309135,
      "A_hull": 4.398878816191511,
      "solidity": 0.6997703788748565
    },
    "37": {
      "A": 6.636196055655161,
      "A_hull": 8.0856544026666,
      "solidity": 0.820737039350406
    },
    "39": {
      "A": 5.812984520592915,
      "A_hull": 6.48089694704679,
      "solidity": 0.8969413598285606
    }
  },
  "globally_clustered_sites": [],
  "clustered_sites_radius": 1.35,
  "clustered_sites_min_sites": 4,
  "vague_text": "Some opened sites cover patches of precincts that aren't joined to each other. Each polling place's catchment should be a single connected region. Reassign so no site has a fragmented service area.",
  "precise_text": "The catchment of polling place 1 is non-contiguous: its assigned precincts come in disjoint clumps. Reassign so the service area is one connected piece, but be mindful about causing this issue elsewhere.",
  "vague_template_idx": 2,
  "precise_template_idx": 1
}