{
  "archetype": "coverage_gap",
  "current_max_distance_km": 2.835400948435984,
  "most_stranded_precinct": 79,
  "most_stranded_distance_km": 2.835400948435984,
  "best_candidate_idx": 16,
  "best_candidate_new_max_km": 2.227850270089384,
  "best_improvement_km": 0.6075506783466,
  "per_candidate_improvement": {
    "16": {
      "improvement_km": 0.6075506783466,
      "new_max_km": 2.227850270089384
    },
    "0": {
      "improvement_km": 0.0,
      "new_max_km": 2.835400948435984
    },
    "2": {
      "improvement_km": 0.0,
      "new_max_km": 2.835400948435984
    },
    "4": {
      "improvement_km": 0.0,
      "new_max_km": 2.835400948435984
    },
    "5": {
      "improvement_km": 0.0,
      "new_max_km": 2.835400948435984
    },
    "9": {
      "improvement_km": 0.0,
      "new_max_km": 2.835400948435984
    },
    "13": {
      "improvement_km": 0.0,
      "new_max_km": 2.835400948435984
    },
    "14": {
      "improvement_km": 0.0,
      "new_max_km": 2.835400948435984
    },
    "17": {
      "improvement_km": 0.0,
      "new_max_km": 2.835400948435984
    },
    "18": {
      "improvement_km": 0.0,
      "new_max_km": 2.835400948435984
    },
    "19": {
      "improvement_km": 0.0,
      "new_max_km": 2.835400948435984
    },
    "20": {
      "improvement_km": 0.0,
      "new_max_km": 2.835400948435984
    },
    "21": {
      "improvement_km": 0.0,
      "new_max_km": 2.835400948435984
    },
    "22": {
      "improvement_km": 0.0,
      "new_max_km": 2.835400948435984
    },
    "23": {
      "improvement_km": 0.0,
      "new_max_km": 2.835400948435984
    },
    "25": {
      "improvement_km": 0.0,
      "new_max_km": 2.835400948435984
    },
    "26": {
      "improvement_km": 0.0,
      "new_max_km": 2.835400948435984
    },
    "27": {
      "improvement_km": 0.0,
      "new_max_km": 2.835400948435984
    },
    "31": {
      "improvement_km": 0.0,
      "new_max_km": 2.835400948435984
    },
    "32": {
      "improvement_km": 0.0,
      "new_max_km": 2.835400948435984
    },
    "34": {
      "improvement_km": 0.0,
      "new_max_km": 2.835400948435984
    },
    "35": {
      "improvement_km": 0.0,
      "new_max_km": 2.835400948435984
    }
  },
  "candidates_ranked_by_improvement": [
    16,
    0,
    2,
    4,
    5,
    9,
    13,
    14,
    17,
    18,
    19,
    20,
    21,
    22,
    23,
    25,
    26,
    27,
    31,
    32,
    34,
    35
  ],
  "n_opened": 18,
  "n_closed_candidates": 22,
  "min_max_distance_threshold_km": 2.2,
  "min_improvement_threshold_km": 0.6,
  "base_seed": 16072,
  "attempt": 0,
  "uncapacitated": true,
  "pair_id": "coverage_gap_hard_05",
  "difficulty": "hard",
  "tier_kwargs": {
    "min_max_distance": 2.2,
    "min_improvement": 0.6
  },
  "per_catchment_solidity": {
    "1": {
      "A": 4.578167217999546,
      "A_hull": 4.717052599681827,
      "solidity": 0.9705567451820128
    },
    "3": {
      "A": 6.444281710057828,
      "A_hull": 6.943006489735107,
      "solidity": 0.9281687579559922
    },
    "6": {
      "A": 4.507461932779476,
      "A_hull": 5.040276760687862,
      "solidity": 0.8942885771543088
    },
    "7": {
      "A": 3.8231357793995104,
      "A_hull": 4.415292543117598,
      "solidity": 0.8658850443237062
    },
    "8": {
      "A": 7.982121663594355,
      "A_hull": 9.661372187571024,
      "solidity": 0.8261892315734447
    },
    "10": {
      "A": 5.891265372086564,
      "A_hull": 6.834423373147146,
      "solidity": 0.8619988915573615
    },
    "11": {
      "A": 6.8786141764096875,
      "A_hull": 7.7510668922501935,
      "solidity": 0.8874409512949996
    },
    "12": {
      "A": 10.312870887098812,
      "A_hull": 10.561601979747985,
      "solidity": 0.9764494919306637
    },
    "15": {
      "A": 6.797808136158179,
      "A_hull": 7.257392490088637,
      "solidity": 0.9366736256089072
    },
    "24": {
      "A": 5.335723845357441,
      "A_hull": 5.463245877629354,
      "solidity": 0.97665819274324
    },
    "28": {
      "A": 4.11605767531123,
      "A_hull": 4.499886366505897,
      "solidity": 0.914702581369248
    },
    "29": {
      "A": 5.8887401833287045,
      "A_hull": 5.8192974924875625,
      "solidity": 1.0
    },
    "30": {
      "A": 3.3382995378904576,
      "A_hull": 3.3143102446907897,
      "solidity": 1.0
    },
    "33": {
      "A": 6.2599429307340735,
      "A_hull": 6.35463750915381,
      "solidity": 0.9850983508841645
    },
    "36": {
      "A": 3.5276886947299313,
      "A_hull": 3.432994116310194,
      "solidity": 1.0
    },
    "37": {
      "A": 7.133658240953512,
      "A_hull": 7.166485694805687,
      "solidity": 0.9954193093727978
    },
    "38": {
      "A": 5.532688568470494,
      "A_hull": 6.13368349284109,
      "solidity": 0.9020172910662825
    },
    "39": {
      "A": 2.659023762026212,
      "A_hull": 2.5580162117118244,
      "solidity": 1.0
    }
  },
  "globally_clustered_sites": [],
  "clustered_sites_radius": 1.35,
  "clustered_sites_min_sites": 4
}