{
  "archetype": "cluster",
  "cluster_center": [
    4.4845891828034015,
    1.8177162523131218
  ],
  "cluster_radius": 1.3,
  "affected_sites": [
    6,
    7,
    8,
    36
  ],
  "cluster_size": 4,
  "cluster_density_ratio": 4.18553433509258,
  "cluster_min_sites": 4,
  "cluster_density_factor": 2.0,
  "base_seed": 8617,
  "attempt": 0,
  "pair_id": "cluster_med_24",
  "difficulty": "med",
  "tier_kwargs": {
    "cluster_radius": 1.3,
    "cluster_min_sites": 4,
    "cluster_density_factor": 2.0
  },
  "per_catchment_solidity": {
    "0": {
      "A": 6.840736345041793,
      "A_hull": 7.979596474836495,
      "solidity": 0.8572784810126582
    },
    "1": {
      "A": 4.868563925153405,
      "A_hull": 4.954420342920635,
      "solidity": 0.9826707441386338
    },
    "3": {
      "A": 2.88881593899144,
      "A_hull": 2.787808388677054,
      "solidity": 1.0
    },
    "4": {
      "A": 4.9518951541627745,
      "A_hull": 7.651321936314738,
      "solidity": 0.6471947194719474
    },
    "6": {
      "A": 5.785207444256459,
      "A_hull": 6.36473826418525,
      "solidity": 0.9089466375719102
    },
    "7": {
      "A": 4.434231458801546,
      "A_hull": 5.343299411631019,
      "solidity": 0.8298676748582232
    },
    "8": {
      "A": 1.5125880659579305,
      "A_hull": 1.475972828968966,
      "solidity": 1.0
    },
    "10": {
      "A": 9.136132925936215,
      "A_hull": 10.444180702507513,
      "solidity": 0.8747582205029014
    },
    "15": {
      "A": 8.966945279159619,
      "A_hull": 11.038862654983458,
      "solidity": 0.8123069884479015
    },
    "18": {
      "A": 11.896164238276812,
      "A_hull": 13.249665412489584,
      "solidity": 0.8978463884124261
    },
    "20": {
      "A": 9.133607737178355,
      "A_hull": 10.055301633797123,
      "solidity": 0.9083375188347568
    },
    "23": {
      "A": 3.669099265170072,
      "A_hull": 3.564303931718896,
      "solidity": 1.0
    },
    "26": {
      "A": 4.5630160854523885,
      "A_hull": 4.718315194060755,
      "solidity": 0.9670858977789676
    },
    "29": {
      "A": 4.5806924067574055,
      "A_hull": 5.920305042801948,
      "solidity": 0.7737257410961829
    },
    "31": {
      "A": 5.3230979015681426,
      "A_hull": 5.4480947450821935,
      "solidity": 0.977056778679027
    },
    "32": {
      "A": 3.416580389384107,
      "A_hull": 3.431731521931265,
      "solidity": 0.9955849889624724
    },
    "35": {
      "A": 5.116032423423651,
      "A_hull": 5.3142597409156345,
      "solidity": 0.9626989783796626
    },
    "36": {
      "A": 3.9241433297138966,
      "A_hull": 3.8925784702406503,
      "solidity": 1.0
    }
  },
  "globally_clustered_sites": [
    6,
    7,
    8,
    36
  ],
  "clustered_sites_radius": 1.3,
  "clustered_sites_min_sites": 4,
  "vague_text": "Looking at the solution, I see an over-concentration of polling sites \u2014 several bunched together in a small area while other regions are sparser. Re-balance by reducing the cluster.",
  "precise_text": "Polling places 6, 7, 8, 36 are clustered too tightly together \u2014 I count 4 sites within roughly 1.3 km of each other. Close one or two of them and let the optimiser redistribute coverage, but be mindful about creating clusters elsewhere.",
  "vague_template_idx": 1,
  "precise_template_idx": 0
}