{
  "archetype": "shape_niceness",
  "per_catchment_npi": {
    "0": {
      "A": 1.9595464760990886,
      "P": 6.834170854271358,
      "NPI": 1.3772193493518692,
      "n_cells": 776
    },
    "2": {
      "A": 3.770106815484458,
      "P": 10.954773869346734,
      "NPI": 1.591555023554138,
      "n_cells": 1493
    },
    "4": {
      "A": 5.469558849524002,
      "P": 11.859296482412061,
      "NPI": 1.4304670048286874,
      "n_cells": 2166
    },
    "5": {
      "A": 2.6615489507840713,
      "P": 8.341708542713569,
      "NPI": 1.4423904908856933,
      "n_cells": 1054
    },
    "7": {
      "A": 3.4746597308148788,
      "P": 11.758793969849247,
      "NPI": 1.7795152266385914,
      "n_cells": 1376
    },
    "8": {
      "A": 3.8105098356102123,
      "P": 10.753768844221106,
      "NPI": 1.5540472581815234,
      "n_cells": 1509
    },
    "10": {
      "A": 6.580641902982249,
      "P": 14.874371859296483,
      "NPI": 1.6356846322039893,
      "n_cells": 2606
    },
    "12": {
      "A": 5.913992070907301,
      "P": 11.155778894472363,
      "NPI": 1.2940605479742573,
      "n_cells": 2342
    },
    "14": {
      "A": 6.484684730183582,
      "P": 14.170854271356784,
      "NPI": 1.569808464914962,
      "n_cells": 2568
    },
    "16": {
      "A": 6.984672104239793,
      "P": 18.79396984924623,
      "NPI": 2.006044590420831,
      "n_cells": 2766
    },
    "21": {
      "A": 4.98219741925709,
      "P": 12.56281407035176,
      "NPI": 1.587711293770952,
      "n_cells": 1973
    },
    "22": {
      "A": 8.118481856518775,
      "P": 15.376884422110553,
      "NPI": 1.5223902918872214,
      "n_cells": 3215
    },
    "28": {
      "A": 4.340799474760739,
      "P": 11.155778894472363,
      "NPI": 1.510463044334955,
      "n_cells": 1719
    },
    "29": {
      "A": 8.01999949496225,
      "P": 16.381909547738694,
      "NPI": 1.6318206369926869,
      "n_cells": 3176
    },
    "31": {
      "A": 4.903916567763441,
      "P": 12.261306532663317,
      "NPI": 1.5619253787404905,
      "n_cells": 1942
    },
    "33": {
      "A": 8.512411302744882,
      "P": 15.075376884422113,
      "NPI": 1.4575952570224566,
      "n_cells": 3371
    },
    "34": {
      "A": 7.4265801368652316,
      "P": 14.673366834170857,
      "NPI": 1.518904284587214,
      "n_cells": 2941
    },
    "38": {
      "A": 7.593242594883969,
      "P": 15.678391959798997,
      "NPI": 1.605029237345289,
      "n_cells": 3007
    }
  },
  "mean_npi_baseline": 1.5598128896464338,
  "max_npi_baseline": 2.006044590420831,
  "p90_npi_baseline": 1.67883381053437,
  "n_catchments_baseline": 18,
  "worst_catchment_site": 16,
  "worst_catchment_npi": 2.006044590420831,
  "min_mean_npi_threshold": 1.2,
  "min_max_npi_threshold": 1.45,
  "base_seed": 7942,
  "attempt": 0,
  "uncapacitated": true,
  "pair_id": "shape_niceness_med_22",
  "difficulty": "med",
  "tier_kwargs": {
    "min_mean_npi": 1.2,
    "min_max_npi": 1.45
  },
  "per_catchment_solidity": {
    "0": {
      "A": 1.9595464760990886,
      "A_hull": 1.919143455973335,
      "solidity": 1.0
    },
    "2": {
      "A": 3.770106815484458,
      "A_hull": 4.422868109391178,
      "solidity": 0.8524122180987723
    },
    "4": {
      "A": 5.469558849524002,
      "A_hull": 5.647584656953109,
      "solidity": 0.9684775318578134
    },
    "5": {
      "A": 2.6615489507840713,
      "A_hull": 2.6703871114365807,
      "solidity": 0.996690307328605
    },
    "7": {
      "A": 3.4746597308148788,
      "A_hull": 4.063028711396178,
      "solidity": 0.8551895587321316
    },
    "8": {
      "A": 3.8105098356102123,
      "A_hull": 4.0024241812075445,
      "solidity": 0.9520504731861201
    },
    "10": {
      "A": 6.580641902982249,
      "A_hull": 7.844498876290999,
      "solidity": 0.8388862063415425
    },
    "12": {
      "A": 5.913992070907301,
      "A_hull": 6.0970682558521245,
      "solidity": 0.9699730793124872
    },
    "14": {
      "A": 6.484684730183582,
      "A_hull": 7.270018433877932,
      "solidity": 0.8919763806877389
    },
    "16": {
      "A": 6.984672104239793,
      "A_hull": 9.340673215322846,
      "solidity": 0.7477696674776967
    },
    "21": {
      "A": 4.98219741925709,
      "A_hull": 5.4253680462614575,
      "solidity": 0.9183151035606238
    },
    "22": {
      "A": 8.118481856518775,
      "A_hull": 8.676548572005759,
      "solidity": 0.9356810244470314
    },
    "28": {
      "A": 4.340799474760739,
      "A_hull": 4.446857402590842,
      "solidity": 0.9761499148211248
    },
    "29": {
      "A": 8.01999949496225,
      "A_hull": 9.459357086942248,
      "solidity": 0.8478376935397759
    },
    "31": {
      "A": 4.903916567763441,
      "A_hull": 5.170323981717634,
      "solidity": 0.9484737484737485
    },
    "33": {
      "A": 8.512411302744882,
      "A_hull": 9.567940203530211,
      "solidity": 0.8896806545262607
    },
    "34": {
      "A": 7.4265801368652316,
      "A_hull": 8.089442185803389,
      "solidity": 0.9180583736538163
    },
    "38": {
      "A": 7.593242594883969,
      "A_hull": 8.203075679907073,
      "solidity": 0.9256579959981531
    }
  },
  "globally_clustered_sites": [],
  "clustered_sites_radius": 1.35,
  "clustered_sites_min_sites": 4,
  "vague_text": "Several polling places have catchments that look bizarre \u2014 stringy or with awkward protrusions. Reshape so the service areas are visually compact.",
  "precise_text": "Polling place 16's service region has an ugly shape on the map \u2014 long and thin with awkward bumps. Tidy it up, but be mindful about causing this issue elsewhere.",
  "vague_template_idx": 3,
  "precise_template_idx": 3
}