{
  "archetype": "shape_niceness",
  "per_catchment_npi": {
    "0": {
      "A": 5.613494608722003,
      "P": 11.155778894472363,
      "NPI": 1.3282453711320215,
      "n_cells": 2223
    },
    "2": {
      "A": 2.5580162117118257,
      "P": 8.442211055276383,
      "NPI": 1.4890169003834939,
      "n_cells": 1013
    },
    "4": {
      "A": 4.886240246458423,
      "P": 12.864321608040202,
      "NPI": 1.6417028367691673,
      "n_cells": 1935
    },
    "5": {
      "A": 2.497411681523194,
      "P": 8.442211055276383,
      "NPI": 1.5069755422860582,
      "n_cells": 989
    },
    "6": {
      "A": 3.0958814171359315,
      "P": 8.14070351758794,
      "NPI": 1.3051632823202648,
      "n_cells": 1226
    },
    "7": {
      "A": 5.63369611878488,
      "P": 14.472361809045228,
      "NPI": 1.7200369264050148,
      "n_cells": 2231
    },
    "8": {
      "A": 4.732203732228984,
      "P": 11.155778894472363,
      "NPI": 1.4466492598187337,
      "n_cells": 1874
    },
    "15": {
      "A": 6.232165854397617,
      "P": 12.763819095477388,
      "NPI": 1.4423020039530954,
      "n_cells": 2468
    },
    "16": {
      "A": 10.987096285447338,
      "P": 15.175879396984925,
      "NPI": 1.2915388346665233,
      "n_cells": 4351
    },
    "18": {
      "A": 7.7977828842706005,
      "P": 12.964824120603016,
      "NPI": 1.3097129693834193,
      "n_cells": 3088
    },
    "19": {
      "A": 7.1134567308906345,
      "P": 13.969849246231156,
      "NPI": 1.4775644735518885,
      "n_cells": 2817
    },
    "22": {
      "A": 7.9568697760157585,
      "P": 13.366834170854272,
      "NPI": 1.3367571109564003,
      "n_cells": 3151
    },
    "26": {
      "A": 5.186737708643721,
      "P": 13.366834170854272,
      "NPI": 1.6556803137138543,
      "n_cells": 2054
    },
    "27": {
      "A": 4.237266735688493,
      "P": 9.748743718592966,
      "NPI": 1.3359826547586697,
      "n_cells": 1678
    },
    "30": {
      "A": 5.194313274917301,
      "P": 15.477386934673369,
      "NPI": 1.915705025986409,
      "n_cells": 2057
    },
    "33": {
      "A": 8.545238756597056,
      "P": 13.969849246231156,
      "NPI": 1.3481080025179808,
      "n_cells": 3384
    },
    "37": {
      "A": 4.2625186232670895,
      "P": 11.959798994974875,
      "NPI": 1.6341269931581706,
      "n_cells": 1688
    },
    "39": {
      "A": 4.47715966768516,
      "P": 11.457286432160805,
      "NPI": 1.5274800515440268,
      "n_cells": 1773
    }
  },
  "mean_npi_baseline": 1.484041586294733,
  "max_npi_baseline": 1.915705025986409,
  "p90_npi_baseline": 1.6749872975212026,
  "n_catchments_baseline": 18,
  "worst_catchment_site": 30,
  "worst_catchment_npi": 1.915705025986409,
  "min_mean_npi_threshold": 1.3,
  "min_max_npi_threshold": 1.65,
  "base_seed": 7,
  "attempt": 0,
  "uncapacitated": true,
  "pair_id": "shape_niceness_easy_06",
  "difficulty": "easy",
  "tier_kwargs": {
    "min_mean_npi": 1.3,
    "min_max_npi": 1.65
  },
  "per_catchment_solidity": {
    "0": {
      "A": 5.613494608722003,
      "A_hull": 5.709451781520668,
      "solidity": 0.9831932773109245
    },
    "2": {
      "A": 2.5580162117118257,
      "A_hull": 2.681750460846948,
      "solidity": 0.9538606403013186
    },
    "4": {
      "A": 4.886240246458423,
      "A_hull": 5.62864574126916,
      "solidity": 0.8681022880215343
    },
    "5": {
      "A": 2.497411681523194,
      "A_hull": 2.674174894573369,
      "solidity": 0.9338999055712939
    },
    "6": {
      "A": 3.0958814171359315,
      "A_hull": 3.0239135375369317,
      "solidity": 1.0
    },
    "7": {
      "A": 5.63369611878488,
      "A_hull": 6.990985076134442,
      "solidity": 0.805851544157486
    },
    "8": {
      "A": 4.732203732228984,
      "A_hull": 5.392540592409284,
      "solidity": 0.8775462420978692
    },
    "15": {
      "A": 6.232165854397617,
      "A_hull": 6.451857276331405,
      "solidity": 0.965949119373777
    },
    "16": {
      "A": 10.987096285447338,
      "A_hull": 11.171435064771096,
      "solidity": 0.9834990958408677
    },
    "18": {
      "A": 7.7977828842706005,
      "A_hull": 7.9101537839953515,
      "solidity": 0.9857940941739829
    },
    "19": {
      "A": 7.1134567308906345,
      "A_hull": 8.123532234034494,
      "solidity": 0.8756605533105378
    },
    "22": {
      "A": 7.9568697760157585,
      "A_hull": 8.244741294411755,
      "solidity": 0.9650842266462485
    },
    "26": {
      "A": 5.186737708643721,
      "A_hull": 6.2637307138708636,
      "solidity": 0.8280588591009875
    },
    "27": {
      "A": 4.237266735688493,
      "A_hull": 4.26125602888816,
      "solidity": 0.9943703703703703
    },
    "30": {
      "A": 5.194313274917301,
      "A_hull": 7.129870457816724,
      "solidity": 0.7285284221710642
    },
    "33": {
      "A": 8.545238756597056,
      "A_hull": 8.913916315244567,
      "solidity": 0.958640226628895
    },
    "37": {
      "A": 4.2625186232670895,
      "A_hull": 4.9922981742885275,
      "solidity": 0.8538189175518464
    },
    "39": {
      "A": 4.47715966768516,
      "A_hull": 5.0617408651296705,
      "solidity": 0.8845098528311297
    }
  },
  "globally_clustered_sites": [],
  "clustered_sites_radius": 1.35,
  "clustered_sites_min_sites": 4
}