{
  "archetype": "coverage_gap",
  "current_max_distance_km": 2.9153229476389377,
  "most_stranded_precinct": 75,
  "most_stranded_distance_km": 2.9153229476389377,
  "best_candidate_idx": 17,
  "best_candidate_new_max_km": 2.148431638313721,
  "best_improvement_km": 0.7668913093252168,
  "per_candidate_improvement": {
    "17": {
      "improvement_km": 0.7668913093252168,
      "new_max_km": 2.148431638313721
    },
    "20": {
      "improvement_km": 0.7668913093252168,
      "new_max_km": 2.148431638313721
    },
    "25": {
      "improvement_km": 0.5500495952104307,
      "new_max_km": 2.365273352428507
    },
    "19": {
      "improvement_km": 0.38277349376075565,
      "new_max_km": 2.532549453878182
    },
    "26": {
      "improvement_km": 0.30872877961777334,
      "new_max_km": 2.6065941680211644
    },
    "12": {
      "improvement_km": 0.13087061348451234,
      "new_max_km": 2.7844523341544254
    },
    "0": {
      "improvement_km": 0.0,
      "new_max_km": 2.9153229476389377
    },
    "6": {
      "improvement_km": 0.0,
      "new_max_km": 2.9153229476389377
    },
    "7": {
      "improvement_km": 0.0,
      "new_max_km": 2.9153229476389377
    },
    "9": {
      "improvement_km": 0.0,
      "new_max_km": 2.9153229476389377
    },
    "11": {
      "improvement_km": 0.0,
      "new_max_km": 2.9153229476389377
    },
    "15": {
      "improvement_km": 0.0,
      "new_max_km": 2.9153229476389377
    },
    "18": {
      "improvement_km": 0.0,
      "new_max_km": 2.9153229476389377
    },
    "22": {
      "improvement_km": 0.0,
      "new_max_km": 2.9153229476389377
    },
    "23": {
      "improvement_km": 0.0,
      "new_max_km": 2.9153229476389377
    },
    "24": {
      "improvement_km": 0.0,
      "new_max_km": 2.9153229476389377
    },
    "27": {
      "improvement_km": 0.0,
      "new_max_km": 2.9153229476389377
    },
    "29": {
      "improvement_km": 0.0,
      "new_max_km": 2.9153229476389377
    },
    "30": {
      "improvement_km": 0.0,
      "new_max_km": 2.9153229476389377
    },
    "32": {
      "improvement_km": 0.0,
      "new_max_km": 2.9153229476389377
    },
    "33": {
      "improvement_km": 0.0,
      "new_max_km": 2.9153229476389377
    },
    "37": {
      "improvement_km": 0.0,
      "new_max_km": 2.9153229476389377
    }
  },
  "candidates_ranked_by_improvement": [
    17,
    20,
    25,
    19,
    26,
    12,
    0,
    6,
    7,
    9,
    11,
    15,
    18,
    22,
    23,
    24,
    27,
    29,
    30,
    32,
    33,
    37
  ],
  "n_opened": 18,
  "n_closed_candidates": 22,
  "min_max_distance_threshold_km": 2.2,
  "min_improvement_threshold_km": 0.6,
  "base_seed": 15938,
  "attempt": 0,
  "uncapacitated": true,
  "pair_id": "coverage_gap_hard_01",
  "difficulty": "hard",
  "tier_kwargs": {
    "min_max_distance": 2.2,
    "min_improvement": 0.6
  },
  "per_catchment_solidity": {
    "1": {
      "A": 3.967071538597511,
      "A_hull": 4.402666599328299,
      "solidity": 0.9010610840263841
    },
    "2": {
      "A": 4.9872477967728095,
      "A_hull": 6.459432842604986,
      "solidity": 0.7720875684128224
    },
    "3": {
      "A": 4.292820888361406,
      "A_hull": 4.811747178101562,
      "solidity": 0.8921542902125429
    },
    "4": {
      "A": 7.8331355268806355,
      "A_hull": 7.706876088987653,
      "solidity": 1.0
    },
    "5": {
      "A": 4.901391379005581,
      "A_hull": 5.4783970101765105,
      "solidity": 0.8946761926711224
    },
    "8": {
      "A": 4.608469483093862,
      "A_hull": 6.013737026842759,
      "solidity": 0.766323745538526
    },
    "10": {
      "A": 4.242317113204212,
      "A_hull": 4.294083482740334,
      "solidity": 0.9879447221405472
    },
    "13": {
      "A": 6.126107926567512,
      "A_hull": 6.792757758642457,
      "solidity": 0.9018587360594799
    },
    "14": {
      "A": 6.520037372793617,
      "A_hull": 7.167748289184617,
      "solidity": 0.9096353707944337
    },
    "16": {
      "A": 4.876139491426985,
      "A_hull": 5.044064543824652,
      "solidity": 0.9667083854818522
    },
    "21": {
      "A": 8.15888487664453,
      "A_hull": 8.769980556046564,
      "solidity": 0.9303196084077168
    },
    "28": {
      "A": 8.234640539380319,
      "A_hull": 8.762404989772984,
      "solidity": 0.9397694524495679
    },
    "31": {
      "A": 6.4897351076993015,
      "A_hull": 6.7056387464963,
      "solidity": 0.9678026736961027
    },
    "34": {
      "A": 3.545365016034949,
      "A_hull": 3.4191055781419655,
      "solidity": 1.0
    },
    "35": {
      "A": 7.138708618469232,
      "A_hull": 7.240978763162547,
      "solidity": 0.9858761987794247
    },
    "36": {
      "A": 4.0327264463018615,
      "A_hull": 3.984747859902528,
      "solidity": 1.0
    },
    "38": {
      "A": 5.603393853690564,
      "A_hull": 5.5276381909547725,
      "solidity": 1.0
    },
    "39": {
      "A": 5.449357339461125,
      "A_hull": 6.294032978965178,
      "solidity": 0.8657973921765296
    }
  },
  "globally_clustered_sites": [],
  "clustered_sites_radius": 1.35,
  "clustered_sites_min_sites": 4
}