{
  "archetype": "cluster",
  "cluster_center": [
    6.898352896900268,
    3.3378079888968215
  ],
  "cluster_radius": 1.3,
  "affected_sites": [
    0,
    2,
    6,
    8
  ],
  "cluster_size": 4,
  "cluster_density_ratio": 4.18553433509258,
  "cluster_min_sites": 4,
  "cluster_density_factor": 2.0,
  "base_seed": 8124,
  "attempt": 0,
  "pair_id": "cluster_med_07",
  "difficulty": "med",
  "tier_kwargs": {
    "cluster_radius": 1.3,
    "cluster_min_sites": 4,
    "cluster_density_factor": 2.0
  },
  "per_catchment_solidity": {
    "0": {
      "A": 4.123633241584809,
      "A_hull": 4.749880053534001,
      "solidity": 0.8681552365762893
    },
    "2": {
      "A": 3.6135451124971594,
      "A_hull": 4.671599202040353,
      "solidity": 0.7735135135135135
    },
    "3": {
      "A": 5.8887401833287045,
      "A_hull": 7.329360369687636,
      "solidity": 0.803445305770887
    },
    "4": {
      "A": 3.272644630186107,
      "A_hull": 3.7233908234640545,
      "solidity": 0.878942014242116
    },
    "6": {
      "A": 1.9039923234261764,
      "A_hull": 1.8484381707532644,
      "solidity": 1.0
    },
    "7": {
      "A": 4.717052599681827,
      "A_hull": 6.006161460569179,
      "solidity": 0.7853689299978978
    },
    "8": {
      "A": 4.469584101411581,
      "A_hull": 4.426655892527967,
      "solidity": 1.0
    },
    "9": {
      "A": 10.166409939142952,
      "A_hull": 10.74341557031388,
      "solidity": 0.946292161241039
    },
    "16": {
      "A": 5.714502159036389,
      "A_hull": 5.689250271457787,
      "solidity": 1.0
    },
    "20": {
      "A": 8.711901214615793,
      "A_hull": 10.857049064417566,
      "solidity": 0.8024188859169671
    },
    "21": {
      "A": 7.775056185449864,
      "A_hull": 9.30784576147067,
      "solidity": 0.8353228431904505
    },
    "24": {
      "A": 5.280169692684529,
      "A_hull": 5.506174086512967,
      "solidity": 0.9589543682641597
    },
    "25": {
      "A": 13.327946263983234,
      "A_hull": 14.417565212999673,
      "solidity": 0.9244242052719153
    },
    "31": {
      "A": 4.222115603141336,
      "A_hull": 4.446857402590845,
      "solidity": 0.9494605337876206
    },
    "33": {
      "A": 6.767505871063863,
      "A_hull": 8.230852756243529,
      "solidity": 0.8222119957048628
    },
    "35": {
      "A": 1.755006186712457,
      "A_hull": 1.7234413272392113,
      "solidity": 1.0
    },
    "38": {
      "A": 6.939218706598319,
      "A_hull": 7.312946642761546,
      "solidity": 0.9488950276243094
    },
    "39": {
      "A": 2.3585262998409133,
      "A_hull": 2.296659175273352,
      "solidity": 1.0
    }
  },
  "globally_clustered_sites": [
    0,
    2,
    6,
    8
  ],
  "clustered_sites_radius": 1.3,
  "clustered_sites_min_sites": 4,
  "vague_text": "There's an unnecessary concentration of opened sites somewhere on the map. Multiple sites within walking distance of each other is wasteful. Close one or two.",
  "precise_text": "Sites 0, 2, 6, 8 form a tight cluster of 4 polling places in a small area. That's redundant \u2014 please thin it out, but be mindful about creating clusters elsewhere.",
  "vague_template_idx": 3,
  "precise_template_idx": 1
}