{
  "archetype": "coverage_gap",
  "current_max_distance_km": 2.847465637217963,
  "most_stranded_precinct": 51,
  "most_stranded_distance_km": 2.847465637217963,
  "best_candidate_idx": 31,
  "best_candidate_new_max_km": 1.8057947280821005,
  "best_improvement_km": 1.0416709091358625,
  "per_candidate_improvement": {
    "31": {
      "improvement_km": 1.0416709091358625,
      "new_max_km": 1.8057947280821005
    },
    "36": {
      "improvement_km": 1.0416709091358625,
      "new_max_km": 1.8057947280821005
    },
    "38": {
      "improvement_km": 1.0416709091358625,
      "new_max_km": 1.8057947280821005
    },
    "30": {
      "improvement_km": 0.02068058675246487,
      "new_max_km": 2.826785050465498
    },
    "5": {
      "improvement_km": 0.0,
      "new_max_km": 2.847465637217963
    },
    "8": {
      "improvement_km": 0.0,
      "new_max_km": 2.847465637217963
    },
    "9": {
      "improvement_km": 0.0,
      "new_max_km": 2.847465637217963
    },
    "10": {
      "improvement_km": 0.0,
      "new_max_km": 2.847465637217963
    },
    "11": {
      "improvement_km": 0.0,
      "new_max_km": 2.847465637217963
    },
    "13": {
      "improvement_km": 0.0,
      "new_max_km": 2.847465637217963
    },
    "14": {
      "improvement_km": 0.0,
      "new_max_km": 2.847465637217963
    },
    "15": {
      "improvement_km": 0.0,
      "new_max_km": 2.847465637217963
    },
    "19": {
      "improvement_km": 0.0,
      "new_max_km": 2.847465637217963
    },
    "20": {
      "improvement_km": 0.0,
      "new_max_km": 2.847465637217963
    },
    "21": {
      "improvement_km": 0.0,
      "new_max_km": 2.847465637217963
    },
    "22": {
      "improvement_km": 0.0,
      "new_max_km": 2.847465637217963
    },
    "23": {
      "improvement_km": 0.0,
      "new_max_km": 2.847465637217963
    },
    "25": {
      "improvement_km": 0.0,
      "new_max_km": 2.847465637217963
    },
    "27": {
      "improvement_km": 0.0,
      "new_max_km": 2.847465637217963
    },
    "28": {
      "improvement_km": 0.0,
      "new_max_km": 2.847465637217963
    },
    "35": {
      "improvement_km": 0.0,
      "new_max_km": 2.847465637217963
    },
    "37": {
      "improvement_km": 0.0,
      "new_max_km": 2.847465637217963
    }
  },
  "candidates_ranked_by_improvement": [
    31,
    36,
    38,
    30,
    5,
    8,
    9,
    10,
    11,
    13,
    14,
    15,
    19,
    20,
    21,
    22,
    23,
    25,
    27,
    28,
    35,
    37
  ],
  "coverage_gap_center": [
    5.57264241877846,
    6.469958102598516
  ],
  "coverage_gap_radius": 7.526804388537184,
  "affected_precincts": [
    51,
    61,
    62,
    75,
    78
  ],
  "coverage_gap_distance_threshold": 1.6424847033195262,
  "coverage_gap_baseline_strand_count": 5,
  "n_opened": 18,
  "n_closed_candidates": 22,
  "min_max_distance_threshold_km": 2.6,
  "min_improvement_threshold_km": 1.0,
  "base_seed": 17006,
  "attempt": 0,
  "uncapacitated": true,
  "pair_id": "coverage_gap_med_23",
  "difficulty": "med",
  "tier_kwargs": {
    "min_max_distance": 2.6,
    "min_improvement": 1.0
  },
  "per_catchment_solidity": {
    "0": {
      "A": 7.4442564581702495,
      "A_hull": 8.427817479356584,
      "solidity": 0.8832958801498126
    },
    "1": {
      "A": 3.1665867023560015,
      "A_hull": 4.0327264463018615,
      "solidity": 0.7852222917971196
    },
    "2": {
      "A": 2.2751950708315447,
      "A_hull": 2.8080098987399307,
      "solidity": 0.8102517985611511
    },
    "3": {
      "A": 4.451907780106564,
      "A_hull": 4.980934824878161,
      "solidity": 0.8937896070975918
    },
    "4": {
      "A": 4.469584101411581,
      "A_hull": 5.037751571930003,
      "solidity": 0.8872180451127818
    },
    "6": {
      "A": 5.805408954319336,
      "A_hull": 6.511199212141109,
      "solidity": 0.8916036455303471
    },
    "7": {
      "A": 3.5352642610035105,
      "A_hull": 3.983485265523598,
      "solidity": 0.8874801901743266
    },
    "12": {
      "A": 9.618443978687408,
      "A_hull": 11.002247417994493,
      "solidity": 0.8742253844388344
    },
    "16": {
      "A": 4.169086639226283,
      "A_hull": 4.219590414383475,
      "solidity": 0.9880311190903651
    },
    "17": {
      "A": 6.078129340168179,
      "A_hull": 6.134946087220019,
      "solidity": 0.9907388351512659
    },
    "18": {
      "A": 6.86093785510467,
      "A_hull": 7.9530819928789676,
      "solidity": 0.8626766153357677
    },
    "24": {
      "A": 6.944269084114039,
      "A_hull": 8.001060579278302,
      "solidity": 0.8679185734574719
    },
    "26": {
      "A": 5.0226004393828445,
      "A_hull": 5.640009090679527,
      "solidity": 0.8905305574210883
    },
    "29": {
      "A": 4.977147041741371,
      "A_hull": 5.614757203100932,
      "solidity": 0.8864402968293232
    },
    "32": {
      "A": 3.409004823110528,
      "A_hull": 3.383752935531932,
      "solidity": 1.0
    },
    "33": {
      "A": 6.032675942526705,
      "A_hull": 6.316759677785916,
      "solidity": 0.9550269838097142
    },
    "34": {
      "A": 9.949243705967023,
      "A_hull": 10.195449609858336,
      "solidity": 0.9758513931888547
    },
    "39": {
      "A": 6.797808136158179,
      "A_hull": 7.230878008131108,
      "solidity": 0.9401082591234504
    }
  },
  "globally_clustered_sites": [],
  "clustered_sites_radius": 1.35,
  "clustered_sites_min_sites": 4,
  "vague_text": "I see a precinct (or a small set) whose voters face an unusually long trip to reach their assigned polling place. The worst case sticks out from the rest of the map. Address it without creating new long-travel precincts elsewhere.",
  "precise_text": "Voters in precinct 51 face a 2.8 km trip to their nearest polling place \u2014 far above the typical precinct. Address this worst case, ideally by opening a candidate site closer to it.",
  "vague_template_idx": 2,
  "precise_template_idx": 2
}