{
  "archetype": "coverage_gap",
  "current_max_distance_km": 2.9130293688182296,
  "most_stranded_precinct": 76,
  "most_stranded_distance_km": 2.9130293688182296,
  "best_candidate_idx": 22,
  "best_candidate_new_max_km": 1.7695064508172653,
  "best_improvement_km": 1.1435229180009643,
  "per_candidate_improvement": {
    "22": {
      "improvement_km": 1.1435229180009643,
      "new_max_km": 1.7695064508172653
    },
    "17": {
      "improvement_km": 0.8192824546114705,
      "new_max_km": 2.093746914206759
    },
    "21": {
      "improvement_km": 0.7197779767762906,
      "new_max_km": 2.193251392041939
    },
    "3": {
      "improvement_km": 0.0,
      "new_max_km": 2.9130293688182296
    },
    "6": {
      "improvement_km": 0.0,
      "new_max_km": 2.9130293688182296
    },
    "7": {
      "improvement_km": 0.0,
      "new_max_km": 2.9130293688182296
    },
    "8": {
      "improvement_km": 0.0,
      "new_max_km": 2.9130293688182296
    },
    "9": {
      "improvement_km": 0.0,
      "new_max_km": 2.9130293688182296
    },
    "10": {
      "improvement_km": 0.0,
      "new_max_km": 2.9130293688182296
    },
    "11": {
      "improvement_km": 0.0,
      "new_max_km": 2.9130293688182296
    },
    "12": {
      "improvement_km": 0.0,
      "new_max_km": 2.9130293688182296
    },
    "13": {
      "improvement_km": 0.0,
      "new_max_km": 2.9130293688182296
    },
    "14": {
      "improvement_km": 0.0,
      "new_max_km": 2.9130293688182296
    },
    "15": {
      "improvement_km": 0.0,
      "new_max_km": 2.9130293688182296
    },
    "16": {
      "improvement_km": 0.0,
      "new_max_km": 2.9130293688182296
    },
    "24": {
      "improvement_km": 0.0,
      "new_max_km": 2.9130293688182296
    },
    "27": {
      "improvement_km": 0.0,
      "new_max_km": 2.9130293688182296
    },
    "28": {
      "improvement_km": 0.0,
      "new_max_km": 2.9130293688182296
    },
    "31": {
      "improvement_km": 0.0,
      "new_max_km": 2.9130293688182296
    },
    "33": {
      "improvement_km": 0.0,
      "new_max_km": 2.9130293688182296
    },
    "36": {
      "improvement_km": 0.0,
      "new_max_km": 2.9130293688182296
    },
    "37": {
      "improvement_km": 0.0,
      "new_max_km": 2.9130293688182296
    }
  },
  "candidates_ranked_by_improvement": [
    22,
    17,
    21,
    3,
    6,
    7,
    8,
    9,
    10,
    11,
    12,
    13,
    14,
    15,
    16,
    24,
    27,
    28,
    31,
    33,
    36,
    37
  ],
  "coverage_gap_center": [
    2.3142243205105104,
    8.234442806795663
  ],
  "coverage_gap_radius": 6.962342822960956,
  "affected_precincts": [
    49,
    58,
    65,
    70,
    76
  ],
  "coverage_gap_distance_threshold": 1.7062254637833398,
  "coverage_gap_baseline_strand_count": 5,
  "n_opened": 18,
  "n_closed_candidates": 22,
  "min_max_distance_threshold_km": 2.6,
  "min_improvement_threshold_km": 1.0,
  "base_seed": 14806,
  "attempt": 0,
  "uncapacitated": true,
  "pair_id": "coverage_gap_med_18",
  "difficulty": "med",
  "tier_kwargs": {
    "min_max_distance": 2.6,
    "min_improvement": 1.0
  },
  "per_catchment_solidity": {
    "0": {
      "A": 5.4468321507032655,
      "A_hull": 5.812984520592915,
      "solidity": 0.9370112945264987
    },
    "1": {
      "A": 3.7877831367894754,
      "A_hull": 3.7726320042423174,
      "solidity": 1.0
    },
    "2": {
      "A": 5.224615540011617,
      "A_hull": 5.681674705184213,
      "solidity": 0.9195555555555556
    },
    "4": {
      "A": 4.499886366505897,
      "A_hull": 5.129920961591878,
      "solidity": 0.8771843465419643
    },
    "5": {
      "A": 3.113557738440949,
      "A_hull": 3.7259160122219135,
      "solidity": 0.8356489325652323
    },
    "18": {
      "A": 4.939269210373476,
      "A_hull": 5.562990833564809,
      "solidity": 0.8878801634135272
    },
    "19": {
      "A": 5.99227292240095,
      "A_hull": 7.536425847832123,
      "solidity": 0.7951080583012233
    },
    "20": {
      "A": 6.871038610136108,
      "A_hull": 7.182899421731772,
      "solidity": 0.9565828792406402
    },
    "23": {
      "A": 5.684199893942073,
      "A_hull": 6.252367364460495,
      "solidity": 0.9091276252019385
    },
    "25": {
      "A": 5.739754046614985,
      "A_hull": 5.8306608418979335,
      "solidity": 0.9844088349935035
    },
    "26": {
      "A": 2.770132067372036,
      "A_hull": 2.8004343324663523,
      "solidity": 0.9891794409377817
    },
    "29": {
      "A": 7.668998257619758,
      "A_hull": 8.144996338476298,
      "solidity": 0.9415594481475744
    },
    "30": {
      "A": 13.815307694250146,
      "A_hull": 15.825357945506427,
      "solidity": 0.8729854794957715
    },
    "32": {
      "A": 4.69937627837681,
      "A_hull": 5.080679780813616,
      "solidity": 0.9249502982107357
    },
    "34": {
      "A": 5.0503775157193,
      "A_hull": 5.273856720789879,
      "solidity": 0.9576250897773523
    },
    "35": {
      "A": 5.843286785687231,
      "A_hull": 5.960708062927704,
      "solidity": 0.9803007837322602
    },
    "38": {
      "A": 4.583217595515265,
      "A_hull": 4.585742784273124,
      "solidity": 0.9994493392070485
    },
    "39": {
      "A": 5.277644503926669,
      "A_hull": 6.3041337339966175,
      "solidity": 0.8371720408572
    }
  },
  "globally_clustered_sites": [],
  "clustered_sites_radius": 1.35,
  "clustered_sites_min_sites": 4,
  "vague_text": "Some voters are travelling much farther than they should to reach a polling place. Reduce the worst travel distance, ideally by opening a closed candidate site near the most-stranded precinct.",
  "precise_text": "The current maximum travel distance is 2.9 km, set by precinct 76. Reduce this maximum without significantly increasing other precincts' travel distances.",
  "vague_template_idx": 4,
  "precise_template_idx": 1
}