{
  "archetype": "contiguity",
  "culprits": [
    {
      "site": 4,
      "n_components": 2,
      "components": [
        [
          27
        ],
        [
          72
        ]
      ],
      "component_voters": [
        1084,
        279
      ],
      "largest_component_voters": 1084,
      "disjoint_excess_voters": 279,
      "worst_pair_separation_km": 3.47408675380502
    }
  ],
  "n_split_sites_baseline": 1,
  "total_disjoint_excess_voters_baseline": 279,
  "worst_culprit_site": 4,
  "worst_culprit_disjoint_voters": 279,
  "smallest_component_centroid": [
    9.699495259000079,
    0.8608452461865875
  ],
  "min_split_voters_threshold": 1,
  "min_separation_threshold_km": 1.0,
  "base_seed": 15848,
  "attempt": 0,
  "pair_id": "contiguity_hard_09",
  "difficulty": "hard",
  "tier_kwargs": {
    "min_split_voters": 1,
    "min_separation": 1.0
  },
  "per_catchment_solidity": {
    "0": {
      "A": 3.7271786066008437,
      "A_hull": 4.735991515365774,
      "solidity": 0.7869901359637429
    },
    "1": {
      "A": 6.977096537966214,
      "A_hull": 10.459331835054675,
      "solidity": 0.6670690487687106
    },
    "3": {
      "A": 6.9669957829347755,
      "A_hull": 9.658846998813159,
      "solidity": 0.721307189542484
    },
    "4": {
      "A": 2.8837655614757205,
      "A_hull": 6.708163935254159,
      "solidity": 0.42988895162808216
    },
    "5": {
      "A": 4.855937981364107,
      "A_hull": 9.030074998106109,
      "solidity": 0.537751677852349
    },
    "6": {
      "A": 4.0680790889118965,
      "A_hull": 4.215802631246687,
      "solidity": 0.9649595687331535
    },
    "7": {
      "A": 4.325648342213581,
      "A_hull": 4.759980808565441,
      "solidity": 0.9087533156498674
    },
    "8": {
      "A": 3.3382995378904576,
      "A_hull": 5.141284311002248,
      "solidity": 0.6493123772102162
    },
    "9": {
      "A": 6.411454256205652,
      "A_hull": 7.888689679553545,
      "solidity": 0.8127400768245842
    },
    "19": {
      "A": 10.25226635691018,
      "A_hull": 11.081790863867075,
      "solidity": 0.925145266036231
    },
    "22": {
      "A": 6.974571349208354,
      "A_hull": 6.908916441503998,
      "solidity": 1.0
    },
    "23": {
      "A": 3.2372919875760715,
      "A_hull": 3.3736521805004913,
      "solidity": 0.9595808383233536
    },
    "25": {
      "A": 6.4013535011742135,
      "A_hull": 8.196762708012422,
      "solidity": 0.780961182994455
    },
    "27": {
      "A": 11.504759980808567,
      "A_hull": 11.670159844448369,
      "solidity": 0.9858271124093914
    },
    "28": {
      "A": 5.153910254791546,
      "A_hull": 6.713214312769881,
      "solidity": 0.767726161369193
    },
    "32": {
      "A": 5.153910254791546,
      "A_hull": 5.098356102118634,
      "solidity": 1.0
    },
    "35": {
      "A": 3.164061513598142,
      "A_hull": 3.450670437615212,
      "solidity": 0.9169410903768753
    },
    "36": {
      "A": 5.610969419964143,
      "A_hull": 6.7460417666220565,
      "solidity": 0.8317424667789631
    }
  },
  "globally_clustered_sites": [
    1,
    3,
    5,
    23
  ],
  "clustered_sites_radius": 1.35,
  "clustered_sites_min_sites": 4
}