{
  "archetype": "shape_niceness",
  "per_catchment_npi": {
    "1": {
      "A": 4.780182318628318,
      "P": 13.5678391959799,
      "NPI": 1.7505862991452878,
      "n_cells": 1893
    },
    "2": {
      "A": 4.194338526804879,
      "P": 10.653266331658292,
      "NPI": 1.4673918839547841,
      "n_cells": 1661
    },
    "4": {
      "A": 3.926668518471756,
      "P": 10.552763819095478,
      "NPI": 1.502274052257992,
      "n_cells": 1555
    },
    "7": {
      "A": 3.646372566349335,
      "P": 14.2713567839196,
      "NPI": 2.108287391152142,
      "n_cells": 1444
    },
    "8": {
      "A": 3.545365016034949,
      "P": 10.150753768844222,
      "NPI": 1.5207677128943136,
      "n_cells": 1404
    },
    "12": {
      "A": 6.941743895356178,
      "P": 15.477386934673369,
      "NPI": 1.6571370013891873,
      "n_cells": 2749
    },
    "13": {
      "A": 2.5681169667432644,
      "P": 8.040201005025127,
      "NPI": 1.4153197732480678,
      "n_cells": 1017
    },
    "24": {
      "A": 6.71447690714881,
      "P": 14.371859296482413,
      "NPI": 1.5645949799026724,
      "n_cells": 2659
    },
    "26": {
      "A": 10.701749955809198,
      "P": 16.48241206030151,
      "NPI": 1.4213087690537074,
      "n_cells": 4238
    },
    "28": {
      "A": 9.805307946769021,
      "P": 18.090452261306535,
      "NPI": 1.629723295586996,
      "n_cells": 3883
    },
    "29": {
      "A": 9.762379737885409,
      "P": 16.180904522613066,
      "NPI": 1.4608984047262568,
      "n_cells": 3866
    },
    "31": {
      "A": 5.280169692684529,
      "P": 11.557788944723619,
      "NPI": 1.4188807203917773,
      "n_cells": 2091
    },
    "32": {
      "A": 2.9090174490543173,
      "P": 8.241206030150755,
      "NPI": 1.3630527913715618,
      "n_cells": 1152
    },
    "33": {
      "A": 5.277644503926669,
      "P": 12.964824120603016,
      "NPI": 1.5919947488529416,
      "n_cells": 2090
    },
    "34": {
      "A": 4.494835988990178,
      "P": 9.547738693467338,
      "NPI": 1.2703946840503233,
      "n_cells": 1780
    },
    "36": {
      "A": 5.568041211080529,
      "P": 17.386934673366838,
      "NPI": 2.0785806014737513,
      "n_cells": 2205
    },
    "38": {
      "A": 6.482159541425722,
      "P": 11.758793969849247,
      "NPI": 1.302860721037459,
      "n_cells": 2567
    },
    "39": {
      "A": 4.408979571222949,
      "P": 16.78391959798995,
      "NPI": 2.2548591308015897,
      "n_cells": 1746
    }
  },
  "mean_npi_baseline": 1.5988284978494893,
  "max_npi_baseline": 2.2548591308015897,
  "p90_npi_baseline": 2.0874926383772685,
  "n_catchments_baseline": 18,
  "worst_catchment_site": 39,
  "worst_catchment_npi": 2.2548591308015897,
  "min_mean_npi_threshold": 1.5,
  "min_max_npi_threshold": 2.0,
  "base_seed": 10,
  "attempt": 0,
  "vague_text": "The catchments on the map have odd, elongated shapes. Real-world service areas should look reasonably compact. Address the worst offenders.",
  "precise_text": "Site 39 is serving an awkwardly-shaped catchment. The service area should be more circular / compact, not elongated.",
  "vague_template_idx": 4,
  "precise_template_idx": 2,
  "pair_id": "09"
}