{
  "archetype": "cluster",
  "cluster_center": [
    5.865052763156666,
    0.4
  ],
  "cluster_radius": 1.3,
  "affected_sites": [
    3,
    8,
    31,
    39
  ],
  "cluster_size": 4,
  "cluster_density_ratio": 4.18553433509258,
  "cluster_min_sites": 4,
  "cluster_density_factor": 2.0,
  "base_seed": 7928,
  "attempt": 0,
  "pair_id": "cluster_med_00",
  "difficulty": "med",
  "tier_kwargs": {
    "cluster_radius": 1.3,
    "cluster_min_sites": 4,
    "cluster_density_factor": 2.0
  },
  "per_catchment_solidity": {
    "0": {
      "A": 4.527663442842353,
      "A_hull": 5.5213252190601265,
      "solidity": 0.8200320146352615
    },
    "1": {
      "A": 5.802883765561476,
      "A_hull": 7.391227494255197,
      "solidity": 0.7851042022548683
    },
    "2": {
      "A": 5.666523572637055,
      "A_hull": 6.088230095199616,
      "solidity": 0.9307341352136043
    },
    "3": {
      "A": 3.6084947349814405,
      "A_hull": 6.382414585490264,
      "solidity": 0.5653808110781406
    },
    "4": {
      "A": 2.6691245170576505,
      "A_hull": 2.655235978889422,
      "solidity": 1.0
    },
    "5": {
      "A": 4.479684856443019,
      "A_hull": 4.781444913007248,
      "solidity": 0.9368893583311327
    },
    "7": {
      "A": 2.5908436655640013,
      "A_hull": 2.5188757859650015,
      "solidity": 1.0
    },
    "8": {
      "A": 1.848438170753264,
      "A_hull": 1.7625817529860357,
      "solidity": 1.0
    },
    "10": {
      "A": 6.85841266634681,
      "A_hull": 7.256129895709704,
      "solidity": 0.9451887941534715
    },
    "19": {
      "A": 8.749779045983688,
      "A_hull": 9.288906845786723,
      "solidity": 0.9419600380589914
    },
    "23": {
      "A": 9.143708492209793,
      "A_hull": 9.38486401858539,
      "solidity": 0.9743037804385847
    },
    "24": {
      "A": 7.307896265245828,
      "A_hull": 8.089442185803387,
      "solidity": 0.9033869205556426
    },
    "29": {
      "A": 10.423979192444637,
      "A_hull": 10.682811040125246,
      "solidity": 0.9757711854390738
    },
    "30": {
      "A": 5.8887401833287045,
      "A_hull": 6.196813211787581,
      "solidity": 0.9502852485737573
    },
    "31": {
      "A": 6.1362086815989505,
      "A_hull": 7.94929420974218,
      "solidity": 0.7719186785260482
    },
    "33": {
      "A": 5.085730158329335,
      "A_hull": 8.336910684073636,
      "solidity": 0.6100257458730879
    },
    "35": {
      "A": 5.823085275624353,
      "A_hull": 6.222065099366176,
      "solidity": 0.9358766233766237
    },
    "39": {
      "A": 4.396353627433651,
      "A_hull": 5.63622130754274,
      "solidity": 0.7800179211469533
    }
  },
  "globally_clustered_sites": [
    3,
    8,
    31,
    39
  ],
  "clustered_sites_radius": 1.3,
  "clustered_sites_min_sites": 4,
  "vague_text": "The current solution clusters too many sites in a small area. It looks redundant \u2014 please thin the cluster out.",
  "precise_text": "Polling sites 3, 8, 31, 39 are clustered together. That's wasteful \u2014 please reduce the cluster, but be mindful about creating clusters elsewhere.",
  "vague_template_idx": 2,
  "precise_template_idx": 3
}