{
  "archetype": "cluster",
  "cluster_center": [
    4.721375847450468,
    1.398978204132027
  ],
  "cluster_radius": 1.3,
  "affected_sites": [
    2,
    3,
    6,
    7,
    39
  ],
  "cluster_size": 5,
  "cluster_density_ratio": 5.231917918865725,
  "cluster_min_sites": 5,
  "cluster_density_factor": 2.5,
  "base_seed": 1245,
  "attempt": 0,
  "pair_id": "cluster_easy_04",
  "difficulty": "easy",
  "tier_kwargs": {
    "cluster_radius": 1.3,
    "cluster_min_sites": 5,
    "cluster_density_factor": 2.5
  },
  "per_catchment_solidity": {
    "2": {
      "A": 1.7348046766495797,
      "A_hull": 1.666624580187369,
      "solidity": 1.0
    },
    "3": {
      "A": 3.3408247266483175,
      "A_hull": 5.039014166308933,
      "solidity": 0.6629917313956402
    },
    "4": {
      "A": 6.49478548521502,
      "A_hull": 7.272543622635794,
      "solidity": 0.8930555555555554
    },
    "5": {
      "A": 4.954420342920634,
      "A_hull": 5.570566399838389,
      "solidity": 0.8893925657298276
    },
    "6": {
      "A": 4.343324663518598,
      "A_hull": 6.031413348147776,
      "solidity": 0.7201172283860161
    },
    "7": {
      "A": 4.464533723895862,
      "A_hull": 5.8622257013711785,
      "solidity": 0.7615765668748653
    },
    "9": {
      "A": 6.06297820762102,
      "A_hull": 6.083179717683896,
      "solidity": 0.9966791199667915
    },
    "13": {
      "A": 6.126107926567512,
      "A_hull": 6.459432842604984,
      "solidity": 0.9483971853010167
    },
    "14": {
      "A": 7.636170803767582,
      "A_hull": 8.280093937021793,
      "solidity": 0.9222323879231473
    },
    "19": {
      "A": 5.545314512259792,
      "A_hull": 6.448069493194617,
      "solidity": 0.85999608380654
    },
    "21": {
      "A": 4.320597964697861,
      "A_hull": 4.222115603141333,
      "solidity": 1.0
    },
    "22": {
      "A": 5.065528648266459,
      "A_hull": 5.855912729476528,
      "solidity": 0.8650280293229843
    },
    "24": {
      "A": 8.108381101487337,
      "A_hull": 8.174036009191685,
      "solidity": 0.9919678714859442
    },
    "28": {
      "A": 4.3685765510971954,
      "A_hull": 5.295320825231684,
      "solidity": 0.8249880782069628
    },
    "33": {
      "A": 2.8913411277492997,
      "A_hull": 2.842099946971037,
      "solidity": 1.0
    },
    "37": {
      "A": 7.484659478296003,
      "A_hull": 9.031337592485036,
      "solidity": 0.8287431846777579
    },
    "38": {
      "A": 10.89871467892225,
      "A_hull": 11.91762834271862,
      "solidity": 0.9145036550482042
    },
    "39": {
      "A": 7.166485694805687,
      "A_hull": 10.666397313199163,
      "solidity": 0.671875
    }
  },
  "globally_clustered_sites": [
    2,
    3,
    6,
    7,
    39
  ],
  "clustered_sites_radius": 1.3,
  "clustered_sites_min_sites": 5
}