{
  "archetype": "shape_niceness",
  "per_catchment_npi": {
    "4": {
      "A": 4.4923108002323175,
      "P": 16.080402010050253,
      "NPI": 2.140213367442972,
      "n_cells": 1779
    },
    "5": {
      "A": 6.249842175702635,
      "P": 12.964824120603016,
      "NPI": 1.4629422154173715,
      "n_cells": 2475
    },
    "6": {
      "A": 4.002424181207545,
      "P": 11.457286432160805,
      "NPI": 1.6155309468656023,
      "n_cells": 1585
    },
    "7": {
      "A": 6.229640665639757,
      "P": 18.391959798994975,
      "NPI": 2.078698863643065,
      "n_cells": 2467
    },
    "8": {
      "A": 6.4367061437842485,
      "P": 21.507537688442213,
      "NPI": 2.391409329839913,
      "n_cells": 2549
    },
    "12": {
      "A": 8.631095174364285,
      "P": 14.57286432160804,
      "NPI": 1.3992877646842434,
      "n_cells": 3418
    },
    "13": {
      "A": 4.742304487260423,
      "P": 12.361809045226131,
      "NPI": 1.6013356825134526,
      "n_cells": 1878
    },
    "14": {
      "A": 9.146233680967653,
      "P": 15.879396984924625,
      "NPI": 1.481180301390411,
      "n_cells": 3622
    },
    "16": {
      "A": 1.9469205323097905,
      "P": 6.733668341708543,
      "NPI": 1.361359032895042,
      "n_cells": 771
    },
    "24": {
      "A": 6.5250877503093365,
      "P": 13.467336683417086,
      "NPI": 1.4872487321036854,
      "n_cells": 2584
    },
    "25": {
      "A": 4.03777682381758,
      "P": 10.954773869346734,
      "NPI": 1.5378972831847475,
      "n_cells": 1599
    },
    "27": {
      "A": 9.966920027272039,
      "P": 21.4070351758794,
      "NPI": 1.912806786227282,
      "n_cells": 3947
    },
    "31": {
      "A": 7.65637231383046,
      "P": 13.969849246231156,
      "NPI": 1.4242140487469197,
      "n_cells": 3032
    },
    "32": {
      "A": 6.386202368627056,
      "P": 13.266331658291458,
      "NPI": 1.4808960686087012,
      "n_cells": 2529
    },
    "34": {
      "A": 2.7751824448877556,
      "P": 8.14070351758794,
      "NPI": 1.3785141752769012,
      "n_cells": 1099
    },
    "35": {
      "A": 2.9468952804222117,
      "P": 8.542713567839197,
      "NPI": 1.4038107420705268,
      "n_cells": 1167
    },
    "36": {
      "A": 5.406429130577512,
      "P": 13.065326633165832,
      "NPI": 1.5851124691024,
      "n_cells": 2141
    },
    "37": {
      "A": 3.429206333173405,
      "P": 11.155778894472363,
      "NPI": 1.6994099529748175,
      "n_cells": 1358
    }
  },
  "mean_npi_baseline": 1.635659320166003,
  "max_npi_baseline": 2.391409329839913,
  "p90_npi_baseline": 2.097153214783037,
  "n_catchments_baseline": 18,
  "worst_catchment_site": 8,
  "worst_catchment_npi": 2.391409329839913,
  "min_mean_npi_threshold": 1.3,
  "min_max_npi_threshold": 1.65,
  "base_seed": 5,
  "attempt": 0,
  "uncapacitated": true,
  "pair_id": "shape_niceness_easy_04",
  "difficulty": "easy",
  "tier_kwargs": {
    "min_mean_npi": 1.3,
    "min_max_npi": 1.65
  },
  "per_catchment_solidity": {
    "4": {
      "A": 4.4923108002323175,
      "A_hull": 5.90010353273907,
      "solidity": 0.7613952493045156
    },
    "5": {
      "A": 6.249842175702635,
      "A_hull": 6.670286103886266,
      "solidity": 0.9369676320272573
    },
    "6": {
      "A": 4.002424181207545,
      "A_hull": 4.7094770334082465,
      "solidity": 0.8498659517426275
    },
    "7": {
      "A": 6.229640665639757,
      "A_hull": 8.835635463750917,
      "solidity": 0.705058588168048
    },
    "8": {
      "A": 6.4367061437842485,
      "A_hull": 8.53387540718669,
      "solidity": 0.7542535878088473
    },
    "12": {
      "A": 8.631095174364285,
      "A_hull": 9.15380924724123,
      "solidity": 0.9428965517241383
    },
    "13": {
      "A": 4.742304487260423,
      "A_hull": 5.157698037928333,
      "solidity": 0.9194614443084459
    },
    "14": {
      "A": 9.146233680967653,
      "A_hull": 9.716926340243932,
      "solidity": 0.9412681912681914
    },
    "16": {
      "A": 1.9469205323097905,
      "A_hull": 1.9039923234261755,
      "solidity": 1.0
    },
    "24": {
      "A": 6.5250877503093365,
      "A_hull": 7.191737582384284,
      "solidity": 0.9073033707865169
    },
    "25": {
      "A": 4.03777682381758,
      "A_hull": 4.051665361985809,
      "solidity": 0.9965721408538484
    },
    "27": {
      "A": 9.966920027272039,
      "A_hull": 12.819120729274513,
      "solidity": 0.7775041859548902
    },
    "31": {
      "A": 7.65637231383046,
      "A_hull": 8.21317643493851,
      "solidity": 0.9322059953881632
    },
    "32": {
      "A": 6.386202368627056,
      "A_hull": 6.656397565718039,
      "solidity": 0.9594081942336874
    },
    "34": {
      "A": 2.7751824448877556,
      "A_hull": 2.794121360571704,
      "solidity": 0.9932218707636689
    },
    "35": {
      "A": 2.9468952804222117,
      "A_hull": 2.915330420948965,
      "solidity": 1.0
    },
    "36": {
      "A": 5.406429130577512,
      "A_hull": 5.710714375899599,
      "solidity": 0.9467167808976344
    },
    "37": {
      "A": 3.429206333173405,
      "A_hull": 4.350900229792177,
      "solidity": 0.7881601857225771
    }
  },
  "globally_clustered_sites": [],
  "clustered_sites_radius": 1.35,
  "clustered_sites_min_sites": 4
}