{
  "archetype": "shape_niceness",
  "per_catchment_npi": {
    "3": {
      "A": 3.196888967450317,
      "P": 10.552763819095478,
      "NPI": 1.6649358695115946,
      "n_cells": 1266
    },
    "5": {
      "A": 6.527612939067196,
      "P": 14.371859296482413,
      "NPI": 1.586831552571627,
      "n_cells": 2585
    },
    "6": {
      "A": 3.6918259639908086,
      "P": 8.84422110552764,
      "NPI": 1.2984763665775283,
      "n_cells": 1462
    },
    "7": {
      "A": 6.28266962955481,
      "P": 13.165829145728644,
      "NPI": 1.4817371557445127,
      "n_cells": 2488
    },
    "12": {
      "A": 4.212014848109897,
      "P": 10.050251256281408,
      "NPI": 1.3814241386996098,
      "n_cells": 1668
    },
    "14": {
      "A": 4.610994671851722,
      "P": 12.964824120603016,
      "NPI": 1.7031950543612702,
      "n_cells": 1826
    },
    "16": {
      "A": 6.307921517133407,
      "P": 14.170854271356784,
      "NPI": 1.5916514135531652,
      "n_cells": 2498
    },
    "17": {
      "A": 10.242165601878742,
      "P": 19.095477386934675,
      "NPI": 1.683176625629583,
      "n_cells": 4056
    },
    "18": {
      "A": 6.838211156283933,
      "P": 13.969849246231156,
      "NPI": 1.5070079171139408,
      "n_cells": 2708
    },
    "20": {
      "A": 7.530112875937477,
      "P": 14.371859296482413,
      "NPI": 1.477431252600634,
      "n_cells": 2982
    },
    "28": {
      "A": 4.088280598974774,
      "P": 12.06030150753769,
      "NPI": 1.6826077515607933,
      "n_cells": 1619
    },
    "29": {
      "A": 6.64124643317088,
      "P": 12.964824120603016,
      "NPI": 1.4191780966306058,
      "n_cells": 2630
    },
    "30": {
      "A": 4.0428272013333,
      "P": 9.949748743718594,
      "NPI": 1.3959330583394678,
      "n_cells": 1601
    },
    "31": {
      "A": 6.4543824650892665,
      "P": 11.859296482412061,
      "NPI": 1.316820704013728,
      "n_cells": 2556
    },
    "32": {
      "A": 5.754905179162143,
      "P": 12.361809045226131,
      "NPI": 1.4536438408374446,
      "n_cells": 2279
    },
    "34": {
      "A": 6.451857276331406,
      "P": 17.286432160804022,
      "NPI": 1.9198091548234015,
      "n_cells": 2555
    },
    "35": {
      "A": 4.143834751647686,
      "P": 9.547738693467338,
      "NPI": 1.3231052064941726,
      "n_cells": 1641
    },
    "39": {
      "A": 3.9897982374182477,
      "P": 11.055276381909549,
      "NPI": 1.5613102301268156,
      "n_cells": 1580
    }
  },
  "mean_npi_baseline": 1.5249041882883274,
  "max_npi_baseline": 1.9198091548234015,
  "p90_npi_baseline": 1.6891821542490892,
  "n_catchments_baseline": 18,
  "worst_catchment_site": 34,
  "worst_catchment_npi": 1.9198091548234015,
  "min_mean_npi_threshold": 1.15,
  "min_max_npi_threshold": 1.3,
  "base_seed": 15840,
  "attempt": 0,
  "uncapacitated": true,
  "pair_id": "shape_niceness_hard_01",
  "difficulty": "hard",
  "tier_kwargs": {
    "min_mean_npi": 1.15,
    "min_max_npi": 1.3
  },
  "per_catchment_solidity": {
    "3": {
      "A": 3.196888967450317,
      "A_hull": 3.6690992651700713,
      "solidity": 0.8713007570543704
    },
    "5": {
      "A": 6.527612939067196,
      "A_hull": 7.530112875937478,
      "solidity": 0.8668678739101273
    },
    "6": {
      "A": 3.6918259639908086,
      "A_hull": 3.733491578495493,
      "solidity": 0.9888400405816705
    },
    "7": {
      "A": 6.28266962955481,
      "A_hull": 7.208151309310371,
      "solidity": 0.8716062357680856
    },
    "12": {
      "A": 4.212014848109897,
      "A_hull": 4.1438347516476846,
      "solidity": 1.0
    },
    "14": {
      "A": 4.610994671851722,
      "A_hull": 5.686725082699931,
      "solidity": 0.8108348134991121
    },
    "16": {
      "A": 6.307921517133407,
      "A_hull": 7.350824474129438,
      "solidity": 0.8581243558914468
    },
    "17": {
      "A": 10.242165601878742,
      "A_hull": 12.242115098103584,
      "solidity": 0.8366336633663367
    },
    "18": {
      "A": 6.838211156283933,
      "A_hull": 8.002323173657231,
      "solidity": 0.8545282423477438
    },
    "20": {
      "A": 7.530112875937477,
      "A_hull": 8.022524683720109,
      "solidity": 0.9386213408876298
    },
    "28": {
      "A": 4.088280598974774,
      "A_hull": 4.295346077119264,
      "solidity": 0.9517930629041742
    },
    "29": {
      "A": 6.64124643317088,
      "A_hull": 7.095780409585615,
      "solidity": 0.935943060498221
    },
    "30": {
      "A": 4.0428272013333,
      "A_hull": 4.2195904143834735,
      "solidity": 0.9581089168162782
    },
    "31": {
      "A": 6.4543824650892665,
      "A_hull": 6.674073887023056,
      "solidity": 0.9670828603859252
    },
    "32": {
      "A": 5.754905179162143,
      "A_hull": 5.667786167015983,
      "solidity": 1.0
    },
    "34": {
      "A": 6.451857276331406,
      "A_hull": 9.225777126840233,
      "solidity": 0.6993294101546461
    },
    "35": {
      "A": 4.143834751647686,
      "A_hull": 4.074392060806546,
      "solidity": 1.0
    },
    "39": {
      "A": 3.9897982374182477,
      "A_hull": 4.26125602888816,
      "solidity": 0.9362962962962964
    }
  },
  "globally_clustered_sites": [],
  "clustered_sites_radius": 1.35,
  "clustered_sites_min_sites": 4
}