{
  "archetype": "shape_niceness",
  "per_catchment_npi": {
    "0": {
      "A": 3.5579909598242474,
      "P": 15.075376884422111,
      "NPI": 2.2545549571356,
      "n_cells": 1409
    },
    "4": {
      "A": 7.4796091007802845,
      "P": 15.175879396984925,
      "NPI": 1.5653428859949008,
      "n_cells": 2962
    },
    "5": {
      "A": 3.7499053054215805,
      "P": 13.266331658291458,
      "NPI": 1.9325723784349735,
      "n_cells": 1485
    },
    "6": {
      "A": 4.002424181207545,
      "P": 11.457286432160805,
      "NPI": 1.6155309468656023,
      "n_cells": 1585
    },
    "7": {
      "A": 3.5074871846670543,
      "P": 14.57286432160804,
      "NPI": 2.1950374944137225,
      "n_cells": 1389
    },
    "12": {
      "A": 8.631095174364285,
      "P": 14.57286432160804,
      "NPI": 1.3992877646842434,
      "n_cells": 3418
    },
    "13": {
      "A": 4.742304487260423,
      "P": 12.361809045226131,
      "NPI": 1.6013356825134526,
      "n_cells": 1878
    },
    "15": {
      "A": 6.176611701724704,
      "P": 15.678391959798997,
      "NPI": 1.779596060417581,
      "n_cells": 2446
    },
    "16": {
      "A": 8.573015832933512,
      "P": 14.673366834170855,
      "NPI": 1.4137025134143584,
      "n_cells": 3395
    },
    "24": {
      "A": 7.050327011944144,
      "P": 12.763819095477388,
      "NPI": 1.3560355575992926,
      "n_cells": 2792
    },
    "25": {
      "A": 6.7599303047902835,
      "P": 12.462311557788945,
      "NPI": 1.3521428102426845,
      "n_cells": 2677
    },
    "27": {
      "A": 9.966920027272039,
      "P": 21.4070351758794,
      "NPI": 1.912806786227282,
      "n_cells": 3947
    },
    "31": {
      "A": 6.492260296457161,
      "P": 12.964824120603016,
      "NPI": 1.4353695724121491,
      "n_cells": 2571
    },
    "32": {
      "A": 6.386202368627056,
      "P": 13.266331658291458,
      "NPI": 1.4808960686087012,
      "n_cells": 2529
    },
    "34": {
      "A": 2.7751824448877556,
      "P": 8.14070351758794,
      "NPI": 1.3785141752769012,
      "n_cells": 1099
    },
    "35": {
      "A": 2.3206484684730184,
      "P": 7.336683417085427,
      "NPI": 1.3585954884647766,
      "n_cells": 919
    },
    "36": {
      "A": 5.406429130577512,
      "P": 13.065326633165832,
      "NPI": 1.5851124691024,
      "n_cells": 2141
    },
    "37": {
      "A": 3.429206333173405,
      "P": 11.155778894472363,
      "NPI": 1.6994099529748175,
      "n_cells": 1358
    }
  },
  "mean_npi_baseline": 1.628657975821302,
  "max_npi_baseline": 2.2545549571356,
  "p90_npi_baseline": 2.0113119132285986,
  "n_catchments_baseline": 18,
  "worst_catchment_site": 0,
  "worst_catchment_npi": 2.2545549571356,
  "min_mean_npi_threshold": 1.5,
  "min_max_npi_threshold": 2.0,
  "base_seed": 5,
  "attempt": 0,
  "vague_text": "Looking at the colored catchments, several are visibly bowtied or stretched out. Service areas should look more like compact blobs. Improve the shape.",
  "precise_text": "Polling place 0's catchment is unusually elongated \u2014 it has a long thin tail or protrusion that makes the service area look bad. Make it more compact.",
  "vague_template_idx": 1,
  "precise_template_idx": 0,
  "pair_id": "04"
}