{
  "archetype": "shape_niceness",
  "per_catchment_npi": {
    "2": {
      "A": 4.77008156359688,
      "P": 15.175879396984925,
      "NPI": 1.9601352189823207,
      "n_cells": 1889
    },
    "4": {
      "A": 3.833236534430949,
      "P": 11.658291457286433,
      "NPI": 1.6797597365071897,
      "n_cells": 1518
    },
    "5": {
      "A": 3.0731547183151946,
      "P": 12.06030150753769,
      "NPI": 1.9407116842672922,
      "n_cells": 1217
    },
    "6": {
      "A": 3.0706295295573347,
      "P": 12.763819095477388,
      "NPI": 2.0547642317087953,
      "n_cells": 1216
    },
    "7": {
      "A": 5.4998611146183185,
      "P": 13.869346733668342,
      "NPI": 1.6683040816787187,
      "n_cells": 2178
    },
    "8": {
      "A": 4.504936744021616,
      "P": 11.155778894472363,
      "NPI": 1.482690884056022,
      "n_cells": 1784
    },
    "11": {
      "A": 7.7851569404813015,
      "P": 20.402010050251256,
      "NPI": 2.06269178624512,
      "n_cells": 3083
    },
    "14": {
      "A": 6.007424054948108,
      "P": 13.467336683417086,
      "NPI": 1.5500033649661973,
      "n_cells": 2379
    },
    "16": {
      "A": 8.080604025150881,
      "P": 19.296482412060303,
      "NPI": 1.914922945926877,
      "n_cells": 3200
    },
    "19": {
      "A": 3.4620337870255806,
      "P": 9.84924623115578,
      "NPI": 1.4932496167341962,
      "n_cells": 1371
    },
    "22": {
      "A": 4.626145804398879,
      "P": 10.85427135678392,
      "NPI": 1.4235937887450785,
      "n_cells": 1832
    },
    "26": {
      "A": 8.646246306911443,
      "P": 17.78894472361809,
      "NPI": 1.7065988632306461,
      "n_cells": 3424
    },
    "28": {
      "A": 8.441706017524812,
      "P": 17.386934673366834,
      "NPI": 1.6881186911481463,
      "n_cells": 3343
    },
    "32": {
      "A": 7.828085149364916,
      "P": 15.577889447236181,
      "NPI": 1.5706373285785542,
      "n_cells": 3100
    },
    "33": {
      "A": 3.1085073609252296,
      "P": 7.839195979899498,
      "NPI": 1.2542688594090712,
      "n_cells": 1231
    },
    "37": {
      "A": 6.830635590010354,
      "P": 12.663316582914574,
      "NPI": 1.3668220427355922,
      "n_cells": 2705
    },
    "38": {
      "A": 4.744829676018283,
      "P": 9.748743718592966,
      "NPI": 1.2625058753156935,
      "n_cells": 1879
    },
    "39": {
      "A": 6.694275397085933,
      "P": 15.27638190954774,
      "NPI": 1.6655734437162435,
      "n_cells": 2651
    }
  },
  "mean_npi_baseline": 1.6525195802195418,
  "max_npi_baseline": 2.06269178624512,
  "p90_npi_baseline": 1.9885239228002631,
  "n_catchments_baseline": 18,
  "worst_catchment_site": 11,
  "worst_catchment_npi": 2.06269178624512,
  "min_mean_npi_threshold": 1.5,
  "min_max_npi_threshold": 2.0,
  "base_seed": 17,
  "attempt": 0,
  "vague_text": "The shapes of the service regions on the map are ugly \u2014 long, thin, jagged. Tidy them up so each catchment is more rounded.",
  "precise_text": "The catchment of polling place 11 has a weird shape \u2014 stretched and jagged rather than a nice compact region. Reshape it.",
  "vague_template_idx": 2,
  "precise_template_idx": 1,
  "pair_id": "15"
}