{
  "archetype": "shape_niceness",
  "per_catchment_npi": {
    "0": {
      "A": 6.477109163910003,
      "P": 15.77889447236181,
      "NPI": 1.7489646488429216,
      "n_cells": 2565
    },
    "3": {
      "A": 2.0529784601398955,
      "P": 7.336683417085427,
      "NPI": 1.4444504581478619,
      "n_cells": 813
    },
    "4": {
      "A": 4.012524936238984,
      "P": 13.467336683417086,
      "NPI": 1.8965657937815705,
      "n_cells": 1589
    },
    "5": {
      "A": 5.5705663998383885,
      "P": 12.763819095477388,
      "NPI": 1.525548539821638,
      "n_cells": 2206
    },
    "6": {
      "A": 2.4948864927653345,
      "P": 9.949748743718594,
      "NPI": 1.7769769154333803,
      "n_cells": 988
    },
    "8": {
      "A": 9.449256331910812,
      "P": 17.788944723618094,
      "NPI": 1.6324746214561965,
      "n_cells": 3742
    },
    "10": {
      "A": 5.381177242998914,
      "P": 12.462311557788945,
      "NPI": 1.5154968009576248,
      "n_cells": 2131
    },
    "12": {
      "A": 7.252342112572916,
      "P": 16.080402010050253,
      "NPI": 1.6844294602779224,
      "n_cells": 2872
    },
    "13": {
      "A": 5.742279235372845,
      "P": 13.768844221105528,
      "NPI": 1.6208782723250688,
      "n_cells": 2274
    },
    "16": {
      "A": 6.631145678139442,
      "P": 14.170854271356784,
      "NPI": 1.5523756267498583,
      "n_cells": 2626
    },
    "22": {
      "A": 6.376101613595617,
      "P": 13.668341708542714,
      "NPI": 1.526979760848761,
      "n_cells": 2525
    },
    "27": {
      "A": 9.896214742051969,
      "P": 17.68844221105528,
      "NPI": 1.5861713445193446,
      "n_cells": 3919
    },
    "29": {
      "A": 7.825559960607056,
      "P": 12.964824120603016,
      "NPI": 1.3073864689331733,
      "n_cells": 3099
    },
    "33": {
      "A": 4.371101739855055,
      "P": 12.56281407035176,
      "NPI": 1.6950657265215516,
      "n_cells": 1731
    },
    "34": {
      "A": 2.997399055579405,
      "P": 9.648241206030152,
      "NPI": 1.5720665869777941,
      "n_cells": 1187
    },
    "35": {
      "A": 4.310497209666423,
      "P": 9.547738693467338,
      "NPI": 1.2972745805426213,
      "n_cells": 1707
    },
    "38": {
      "A": 4.845837226332669,
      "P": 10.552763819095478,
      "NPI": 1.3523119175097211,
      "n_cells": 1919
    },
    "39": {
      "A": 5.320572712810283,
      "P": 11.35678391959799,
      "NPI": 1.38890083604237,
      "n_cells": 2107
    }
  },
  "mean_npi_baseline": 1.5624621310938545,
  "max_npi_baseline": 1.8965657937815705,
  "p90_npi_baseline": 1.7573683288200592,
  "n_catchments_baseline": 18,
  "worst_catchment_site": 4,
  "worst_catchment_npi": 1.8965657937815705,
  "min_mean_npi_threshold": 1.15,
  "min_max_npi_threshold": 1.3,
  "base_seed": 15847,
  "attempt": 0,
  "uncapacitated": true,
  "pair_id": "shape_niceness_hard_08",
  "difficulty": "hard",
  "tier_kwargs": {
    "min_mean_npi": 1.15,
    "min_max_npi": 1.3
  },
  "per_catchment_solidity": {
    "0": {
      "A": 6.477109163910003,
      "A_hull": 8.150046715992023,
      "solidity": 0.7947327652982183
    },
    "3": {
      "A": 2.0529784601398955,
      "A_hull": 2.0075250624984227,
      "solidity": 1.0
    },
    "4": {
      "A": 4.012524936238984,
      "A_hull": 4.713264816545038,
      "solidity": 0.8513260112510043
    },
    "5": {
      "A": 5.5705663998383885,
      "A_hull": 5.960708062927706,
      "solidity": 0.9345477653039608
    },
    "6": {
      "A": 2.4948864927653345,
      "A_hull": 2.9203807984646857,
      "solidity": 0.8543017725897103
    },
    "8": {
      "A": 9.449256331910812,
      "A_hull": 10.88103835761723,
      "solidity": 0.8684149454629847
    },
    "10": {
      "A": 5.381177242998914,
      "A_hull": 6.2687810913865825,
      "solidity": 0.8584088620342395
    },
    "12": {
      "A": 7.252342112572916,
      "A_hull": 8.34953662786293,
      "solidity": 0.8685921669438987
    },
    "13": {
      "A": 5.742279235372845,
      "A_hull": 6.977096537966212,
      "solidity": 0.8230184581976114
    },
    "16": {
      "A": 6.631145678139442,
      "A_hull": 7.28011918890937,
      "solidity": 0.910856746444676
    },
    "22": {
      "A": 6.376101613595617,
      "A_hull": 6.937956112219388,
      "solidity": 0.9190172884440402
    },
    "27": {
      "A": 9.896214742051969,
      "A_hull": 11.888588672003229,
      "solidity": 0.8324129141886154
    },
    "29": {
      "A": 7.825559960607056,
      "A_hull": 7.897527840206055,
      "solidity": 0.9908872901678658
    },
    "33": {
      "A": 4.371101739855055,
      "A_hull": 4.924118077826315,
      "solidity": 0.8876923076923082
    },
    "34": {
      "A": 2.997399055579405,
      "A_hull": 3.286533168354335,
      "solidity": 0.9120245870149827
    },
    "35": {
      "A": 4.310497209666423,
      "A_hull": 4.32312315345572,
      "solidity": 0.9970794392523367
    },
    "38": {
      "A": 4.845837226332669,
      "A_hull": 4.9518951541627745,
      "solidity": 0.9785823559408464
    },
    "39": {
      "A": 5.320572712810283,
      "A_hull": 5.224615540011616,
      "solidity": 1.0
    }
  },
  "globally_clustered_sites": [],
  "clustered_sites_radius": 1.35,
  "clustered_sites_min_sites": 4
}