{
  "archetype": "cluster",
  "cluster_center": [
    5.434417930870857,
    2.830452122492359
  ],
  "cluster_radius": 1.3,
  "affected_sites": [
    0,
    3,
    6,
    7
  ],
  "cluster_size": 4,
  "cluster_density_ratio": 4.18553433509258,
  "cluster_min_sites": 4,
  "cluster_density_factor": 1.5,
  "base_seed": 15867,
  "attempt": 0,
  "pair_id": "cluster_hard_00",
  "difficulty": "hard",
  "tier_kwargs": {
    "cluster_radius": 1.3,
    "cluster_min_sites": 4,
    "cluster_density_factor": 1.5
  },
  "per_catchment_solidity": {
    "0": {
      "A": 4.302921643392844,
      "A_hull": 11.168909876013231,
      "solidity": 0.3852588740673752
    },
    "1": {
      "A": 3.805459458094493,
      "A_hull": 4.170349233605212,
      "solidity": 0.9125037844383893
    },
    "2": {
      "A": 5.56046564480695,
      "A_hull": 6.21070174995581,
      "solidity": 0.8953039235616995
    },
    "3": {
      "A": 4.785232696144037,
      "A_hull": 7.514961743390317,
      "solidity": 0.6367607526881722
    },
    "4": {
      "A": 4.484735233958739,
      "A_hull": 6.018787404358479,
      "solidity": 0.7451227186910003
    },
    "5": {
      "A": 3.3888033130476507,
      "A_hull": 3.4834978914673873,
      "solidity": 0.9728162377673071
    },
    "6": {
      "A": 1.7221787328602816,
      "A_hull": 2.344637761672686,
      "solidity": 0.734518039849219
    },
    "7": {
      "A": 4.724628165955406,
      "A_hull": 5.393803186788215,
      "solidity": 0.8759363295880147
    },
    "8": {
      "A": 5.05542789323502,
      "A_hull": 8.314183985252898,
      "solidity": 0.6080485952923311
    },
    "10": {
      "A": 8.615944041817126,
      "A_hull": 9.535112749678039,
      "solidity": 0.9036016949152543
    },
    "11": {
      "A": 5.527638190954774,
      "A_hull": 6.170298729830054,
      "solidity": 0.8958461223654596
    },
    "17": {
      "A": 9.040175753137548,
      "A_hull": 9.00482311052751,
      "solidity": 1.0
    },
    "20": {
      "A": 10.54266306406404,
      "A_hull": 14.106966995782937,
      "solidity": 0.7473373310659626
    },
    "26": {
      "A": 9.721976717759654,
      "A_hull": 10.220701497436934,
      "solidity": 0.9512044471896233
    },
    "28": {
      "A": 5.133708744728669,
      "A_hull": 5.282694881442387,
      "solidity": 0.9717973231357556
    },
    "30": {
      "A": 8.123532234034496,
      "A_hull": 8.246003888790687,
      "solidity": 0.9851477568519371
    },
    "31": {
      "A": 3.017600565642282,
      "A_hull": 3.277695007701826,
      "solidity": 0.9206471494607089
    },
    "33": {
      "A": 3.454458220752002,
      "A_hull": 3.9127799803035286,
      "solidity": 0.882865440464666
    }
  },
  "globally_clustered_sites": [
    0,
    3,
    6,
    7
  ],
  "clustered_sites_radius": 1.3,
  "clustered_sites_min_sites": 4
}