{
  "archetype": "shape_niceness",
  "per_catchment_npi": {
    "0": {
      "A": 3.4342567106891244,
      "P": 12.361809045226131,
      "NPI": 1.8817447840788004,
      "n_cells": 1360
    },
    "1": {
      "A": 3.3837529355319313,
      "P": 13.366834170854272,
      "NPI": 2.049860493379298,
      "n_cells": 1340
    },
    "3": {
      "A": 4.706951844650388,
      "P": 12.361809045226131,
      "NPI": 1.6073380327554472,
      "n_cells": 1864
    },
    "4": {
      "A": 6.075604151410318,
      "P": 13.266331658291458,
      "NPI": 1.5182775953536751,
      "n_cells": 2406
    },
    "5": {
      "A": 4.585742784273125,
      "P": 14.773869346733669,
      "NPI": 1.9461865924168336,
      "n_cells": 1816
    },
    "6": {
      "A": 8.290194692053232,
      "P": 16.381909547738694,
      "NPI": 1.6050080933120108,
      "n_cells": 3283
    },
    "8": {
      "A": 4.328173530971441,
      "P": 11.256281407035177,
      "NPI": 1.5262921744549736,
      "n_cells": 1714
    },
    "12": {
      "A": 4.914017322794879,
      "P": 11.859296482412061,
      "NPI": 1.5091612760245188,
      "n_cells": 1946
    },
    "17": {
      "A": 6.032675942526705,
      "P": 11.557788944723619,
      "NPI": 1.327439782835148,
      "n_cells": 2389
    },
    "20": {
      "A": 9.860862099441935,
      "P": 15.175879396984925,
      "NPI": 1.3633001793331072,
      "n_cells": 3905
    },
    "21": {
      "A": 4.6337213706724585,
      "P": 13.06532663316583,
      "NPI": 1.712183792323535,
      "n_cells": 1835
    },
    "23": {
      "A": 5.99479811115881,
      "P": 13.366834170854272,
      "NPI": 1.540055412178427,
      "n_cells": 2374
    },
    "25": {
      "A": 7.716976844019091,
      "P": 17.68844221105528,
      "NPI": 1.7962263229929196,
      "n_cells": 3056
    },
    "31": {
      "A": 2.6463978182369137,
      "P": 7.035175879396985,
      "NPI": 1.2199512106611796,
      "n_cells": 1048
    },
    "32": {
      "A": 7.1134567308906345,
      "P": 12.763819095477388,
      "NPI": 1.3500049506553224,
      "n_cells": 2817
    },
    "34": {
      "A": 5.474609227039722,
      "P": 13.5678391959799,
      "NPI": 1.6357961933591532,
      "n_cells": 2168
    },
    "37": {
      "A": 4.373626928612914,
      "P": 11.055276381909549,
      "NPI": 1.4912271600057965,
      "n_cells": 1732
    },
    "39": {
      "A": 7.441731269412389,
      "P": 14.170854271356784,
      "NPI": 1.4653929856465342,
      "n_cells": 2947
    }
  },
  "mean_npi_baseline": 1.585858168431482,
  "max_npi_baseline": 2.049860493379298,
  "p90_npi_baseline": 1.9010773265802103,
  "n_catchments_baseline": 18,
  "worst_catchment_site": 1,
  "worst_catchment_npi": 2.049860493379298,
  "min_mean_npi_threshold": 1.2,
  "min_max_npi_threshold": 1.45,
  "base_seed": 7927,
  "attempt": 0,
  "uncapacitated": true,
  "pair_id": "shape_niceness_med_07",
  "difficulty": "med",
  "tier_kwargs": {
    "min_mean_npi": 1.2,
    "min_max_npi": 1.45
  },
  "per_catchment_solidity": {
    "0": {
      "A": 3.4342567106891244,
      "A_hull": 4.724628165955406,
      "solidity": 0.7268840192410475
    },
    "1": {
      "A": 3.3837529355319313,
      "A_hull": 4.593318350546704,
      "solidity": 0.7366684991753711
    },
    "3": {
      "A": 4.706951844650388,
      "A_hull": 5.55667786167016,
      "solidity": 0.8470802090433993
    },
    "4": {
      "A": 6.075604151410318,
      "A_hull": 7.122294891543143,
      "solidity": 0.8530402410920049
    },
    "5": {
      "A": 4.585742784273125,
      "A_hull": 5.920305042801951,
      "solidity": 0.7745788014502025
    },
    "6": {
      "A": 8.290194692053232,
      "A_hull": 9.777530870432566,
      "solidity": 0.8478822314049588
    },
    "8": {
      "A": 4.328173530971441,
      "A_hull": 4.436756647559406,
      "solidity": 0.9755264655663061
    },
    "12": {
      "A": 4.914017322794879,
      "A_hull": 5.252392616348073,
      "solidity": 0.9355769230769229
    },
    "17": {
      "A": 6.032675942526705,
      "A_hull": 6.117269765915003,
      "solidity": 0.986171310629515
    },
    "20": {
      "A": 9.860862099441935,
      "A_hull": 10.124744324638261,
      "solidity": 0.9739368998628265
    },
    "21": {
      "A": 4.6337213706724585,
      "A_hull": 5.935456175349106,
      "solidity": 0.7806849606466711
    },
    "23": {
      "A": 5.99479811115881,
      "A_hull": 6.749829549758845,
      "solidity": 0.8881406659184438
    },
    "25": {
      "A": 7.716976844019091,
      "A_hull": 9.112143632736547,
      "solidity": 0.846889289178329
    },
    "31": {
      "A": 2.6463978182369137,
      "A_hull": 2.5479154566803874,
      "solidity": 1.0
    },
    "32": {
      "A": 7.1134567308906345,
      "A_hull": 7.483396883917075,
      "solidity": 0.9505652100556772
    },
    "34": {
      "A": 5.474609227039722,
      "A_hull": 6.167773541072198,
      "solidity": 0.8876151484135105
    },
    "37": {
      "A": 4.373626928612914,
      "A_hull": 4.5718542461048965,
      "solidity": 0.9566418116542392
    },
    "39": {
      "A": 7.441731269412389,
      "A_hull": 7.757379864144847,
      "solidity": 0.9593098958333331
    }
  },
  "globally_clustered_sites": [],
  "clustered_sites_radius": 1.35,
  "clustered_sites_min_sites": 4,
  "vague_text": "Several polling places have catchments that look bizarre \u2014 stringy or with awkward protrusions. Reshape so the service areas are visually compact.",
  "precise_text": "Site 1 is serving an awkwardly-shaped catchment. The service area should be more circular / compact, not elongated, but be mindful about causing this issue elsewhere.",
  "vague_template_idx": 3,
  "precise_template_idx": 2
}