{
  "archetype": "contiguity",
  "culprits": [
    {
      "site": 1,
      "n_components": 2,
      "components": [
        [
          21,
          22
        ],
        [
          72
        ]
      ],
      "component_voters": [
        1519,
        1113
      ],
      "largest_component_voters": 1519,
      "disjoint_excess_voters": 1113,
      "worst_pair_separation_km": 1.7932675830787732
    }
  ],
  "n_split_sites_baseline": 1,
  "total_disjoint_excess_voters_baseline": 1113,
  "worst_culprit_site": 1,
  "worst_culprit_disjoint_voters": 1113,
  "smallest_component_centroid": [
    7.045591594335323,
    0.5323892188213806
  ],
  "min_split_voters_threshold": 1,
  "min_separation_threshold_km": 1.0,
  "base_seed": 15847,
  "attempt": 0,
  "pair_id": "contiguity_hard_08",
  "difficulty": "hard",
  "tier_kwargs": {
    "min_split_voters": 1,
    "min_separation": 1.0
  },
  "per_catchment_solidity": {
    "0": {
      "A": 4.671599202040353,
      "A_hull": 5.165273604201913,
      "solidity": 0.9044243461256418
    },
    "1": {
      "A": 3.39132850180551,
      "A_hull": 4.979672230499229,
      "solidity": 0.6810344827586208
    },
    "3": {
      "A": 3.479710108330598,
      "A_hull": 3.6375344056968277,
      "solidity": 0.9566122874002079
    },
    "4": {
      "A": 4.012524936238984,
      "A_hull": 4.713264816545038,
      "solidity": 0.8513260112510043
    },
    "5": {
      "A": 5.5705663998383885,
      "A_hull": 5.960708062927706,
      "solidity": 0.9345477653039608
    },
    "6": {
      "A": 4.307972020908563,
      "A_hull": 5.092043130223987,
      "solidity": 0.8460203322588641
    },
    "8": {
      "A": 5.815509709350775,
      "A_hull": 7.969495719805054,
      "solidity": 0.7297211660329533
    },
    "10": {
      "A": 5.381177242998914,
      "A_hull": 6.2687810913865825,
      "solidity": 0.8584088620342395
    },
    "12": {
      "A": 7.252342112572916,
      "A_hull": 8.34953662786293,
      "solidity": 0.8685921669438987
    },
    "13": {
      "A": 5.742279235372845,
      "A_hull": 6.977096537966212,
      "solidity": 0.8230184581976114
    },
    "16": {
      "A": 6.631145678139442,
      "A_hull": 7.28011918890937,
      "solidity": 0.910856746444676
    },
    "22": {
      "A": 6.780131814853161,
      "A_hull": 7.401328249286633,
      "solidity": 0.9160696008188335
    },
    "27": {
      "A": 9.896214742051969,
      "A_hull": 11.888588672003229,
      "solidity": 0.8324129141886154
    },
    "29": {
      "A": 7.825559960607056,
      "A_hull": 7.897527840206055,
      "solidity": 0.9908872901678658
    },
    "33": {
      "A": 4.371101739855055,
      "A_hull": 4.924118077826315,
      "solidity": 0.8876923076923082
    },
    "35": {
      "A": 5.711976970278529,
      "A_hull": 6.281407035175881,
      "solidity": 0.9093467336683416
    },
    "38": {
      "A": 4.845837226332669,
      "A_hull": 4.9518951541627745,
      "solidity": 0.9785823559408464
    },
    "39": {
      "A": 5.320572712810283,
      "A_hull": 5.224615540011616,
      "solidity": 1.0
    }
  },
  "globally_clustered_sites": [],
  "clustered_sites_radius": 1.35,
  "clustered_sites_min_sites": 4
}