{
  "archetype": "shape_niceness",
  "per_catchment_npi": {
    "0": {
      "A": 3.5933436024342824,
      "P": 9.748743718592966,
      "NPI": 1.4507559081118693,
      "n_cells": 1423
    },
    "1": {
      "A": 4.313022398424283,
      "P": 13.366834170854272,
      "NPI": 1.815652665006284,
      "n_cells": 1708
    },
    "2": {
      "A": 3.8963662533774404,
      "P": 10.954773869346734,
      "NPI": 1.5655559697209744,
      "n_cells": 1543
    },
    "5": {
      "A": 5.3230979015681426,
      "P": 11.758793969849247,
      "NPI": 1.4377243298221591,
      "n_cells": 2108
    },
    "6": {
      "A": 5.6943006489735115,
      "P": 12.663316582914574,
      "NPI": 1.4970018452346203,
      "n_cells": 2255
    },
    "7": {
      "A": 5.684199893942073,
      "P": 14.271356783919598,
      "NPI": 1.688595628169487,
      "n_cells": 2251
    },
    "8": {
      "A": 3.891315875861721,
      "P": 10.954773869346734,
      "NPI": 1.5665715753871297,
      "n_cells": 1541
    },
    "11": {
      "A": 8.891189616423828,
      "P": 14.673366834170855,
      "NPI": 1.38817719939478,
      "n_cells": 3521
    },
    "12": {
      "A": 6.396303123658495,
      "P": 12.462311557788945,
      "NPI": 1.3900459410054726,
      "n_cells": 2533
    },
    "20": {
      "A": 5.424105451882529,
      "P": 14.472361809045227,
      "NPI": 1.7529535862543413,
      "n_cells": 2148
    },
    "21": {
      "A": 7.684149390166916,
      "P": 14.974874371859297,
      "NPI": 1.5239136385981547,
      "n_cells": 3043
    },
    "24": {
      "A": 2.7322542360041417,
      "P": 9.949748743718594,
      "NPI": 1.6980349615304715,
      "n_cells": 1082
    },
    "28": {
      "A": 3.5201131284563525,
      "P": 9.748743718592966,
      "NPI": 1.465768590307605,
      "n_cells": 1394
    },
    "30": {
      "A": 7.7498042978712665,
      "P": 13.366834170854272,
      "NPI": 1.3544976640911464,
      "n_cells": 3069
    },
    "31": {
      "A": 3.4191055781419664,
      "P": 10.753768844221106,
      "NPI": 1.6405879190181267,
      "n_cells": 1354
    },
    "34": {
      "A": 7.3659756066766,
      "P": 11.959798994974875,
      "NPI": 1.243093542656048,
      "n_cells": 2917
    },
    "35": {
      "A": 5.436731395671827,
      "P": 13.668341708542716,
      "NPI": 1.653643762679345,
      "n_cells": 2153
    },
    "39": {
      "A": 9.992171914850637,
      "P": 15.376884422110553,
      "NPI": 1.37225072636939,
      "n_cells": 3957
    }
  },
  "mean_npi_baseline": 1.5280458585198557,
  "max_npi_baseline": 1.815652665006284,
  "p90_npi_baseline": 1.7145105489476324,
  "n_catchments_baseline": 18,
  "worst_catchment_site": 1,
  "worst_catchment_npi": 1.815652665006284,
  "min_mean_npi_threshold": 1.15,
  "min_max_npi_threshold": 1.3,
  "base_seed": 15839,
  "attempt": 0,
  "uncapacitated": true,
  "pair_id": "shape_niceness_hard_00",
  "difficulty": "hard",
  "tier_kwargs": {
    "min_mean_npi": 1.15,
    "min_max_npi": 1.3
  },
  "per_catchment_solidity": {
    "0": {
      "A": 3.5933436024342824,
      "A_hull": 3.525163505972072,
      "solidity": 1.0
    },
    "1": {
      "A": 4.313022398424283,
      "A_hull": 5.180424736749071,
      "solidity": 0.8325615403363396
    },
    "2": {
      "A": 3.8963662533774404,
      "A_hull": 4.167824044847353,
      "solidity": 0.9348682217509845
    },
    "5": {
      "A": 5.3230979015681426,
      "A_hull": 5.62107017499558,
      "solidity": 0.9469901168014377
    },
    "6": {
      "A": 5.6943006489735115,
      "A_hull": 6.132420898462161,
      "solidity": 0.9285567222565368
    },
    "7": {
      "A": 5.684199893942073,
      "A_hull": 6.266255902628721,
      "solidity": 0.9071126334878099
    },
    "8": {
      "A": 3.891315875861721,
      "A_hull": 4.435494053180477,
      "solidity": 0.8773128380301733
    },
    "11": {
      "A": 8.891189616423828,
      "A_hull": 9.067952829474006,
      "solidity": 0.9805068226120855
    },
    "12": {
      "A": 6.396303123658495,
      "A_hull": 6.814221863084265,
      "solidity": 0.9386696312766354
    },
    "20": {
      "A": 5.424105451882529,
      "A_hull": 6.75993030479028,
      "solidity": 0.8023907358983942
    },
    "21": {
      "A": 7.684149390166916,
      "A_hull": 8.579328804828156,
      "solidity": 0.8956585724797651
    },
    "24": {
      "A": 2.7322542360041417,
      "A_hull": 3.1476477866720542,
      "solidity": 0.8680304853590052
    },
    "28": {
      "A": 3.5201131284563525,
      "A_hull": 3.5062245902881237,
      "solidity": 1.0
    },
    "30": {
      "A": 7.7498042978712665,
      "A_hull": 7.85333703694351,
      "solidity": 0.986816720257235
    },
    "31": {
      "A": 3.4191055781419664,
      "A_hull": 3.6514229438650534,
      "solidity": 0.9363762102351316
    },
    "34": {
      "A": 7.3659756066766,
      "A_hull": 7.299058104593318,
      "solidity": 1.0
    },
    "35": {
      "A": 5.436731395671827,
      "A_hull": 6.166510946693267,
      "solidity": 0.8816543816543815
    },
    "39": {
      "A": 9.992171914850637,
      "A_hull": 10.460594429433602,
      "solidity": 0.9552202776101388
    }
  },
  "globally_clustered_sites": [],
  "clustered_sites_radius": 1.35,
  "clustered_sites_min_sites": 4
}