{
  "archetype": "coverage_gap",
  "current_max_distance_km": 3.227505762379886,
  "most_stranded_precinct": 39,
  "most_stranded_distance_km": 3.227505762379886,
  "best_candidate_idx": 35,
  "best_candidate_new_max_km": 1.8657933135025142,
  "best_improvement_km": 1.361712448877372,
  "per_candidate_improvement": {
    "35": {
      "improvement_km": 1.361712448877372,
      "new_max_km": 1.8657933135025142
    },
    "23": {
      "improvement_km": 0.05024303885154646,
      "new_max_km": 3.1772627235283397
    },
    "3": {
      "improvement_km": 0.0,
      "new_max_km": 3.227505762379886
    },
    "4": {
      "improvement_km": 0.0,
      "new_max_km": 3.227505762379886
    },
    "5": {
      "improvement_km": 0.0,
      "new_max_km": 3.227505762379886
    },
    "9": {
      "improvement_km": 0.0,
      "new_max_km": 3.227505762379886
    },
    "10": {
      "improvement_km": 0.0,
      "new_max_km": 3.227505762379886
    },
    "11": {
      "improvement_km": 0.0,
      "new_max_km": 3.227505762379886
    },
    "17": {
      "improvement_km": 0.0,
      "new_max_km": 3.227505762379886
    },
    "18": {
      "improvement_km": 0.0,
      "new_max_km": 3.227505762379886
    },
    "19": {
      "improvement_km": 0.0,
      "new_max_km": 3.227505762379886
    },
    "20": {
      "improvement_km": 0.0,
      "new_max_km": 3.227505762379886
    },
    "21": {
      "improvement_km": 0.0,
      "new_max_km": 3.227505762379886
    },
    "22": {
      "improvement_km": 0.0,
      "new_max_km": 3.227505762379886
    },
    "24": {
      "improvement_km": 0.0,
      "new_max_km": 3.227505762379886
    },
    "25": {
      "improvement_km": 0.0,
      "new_max_km": 3.227505762379886
    },
    "26": {
      "improvement_km": 0.0,
      "new_max_km": 3.227505762379886
    },
    "27": {
      "improvement_km": 0.0,
      "new_max_km": 3.227505762379886
    },
    "30": {
      "improvement_km": 0.0,
      "new_max_km": 3.227505762379886
    },
    "34": {
      "improvement_km": 0.0,
      "new_max_km": 3.227505762379886
    },
    "37": {
      "improvement_km": 0.0,
      "new_max_km": 3.227505762379886
    },
    "39": {
      "improvement_km": 0.0,
      "new_max_km": 3.227505762379886
    }
  },
  "candidates_ranked_by_improvement": [
    35,
    23,
    3,
    4,
    5,
    9,
    10,
    11,
    17,
    18,
    19,
    20,
    21,
    22,
    24,
    25,
    26,
    27,
    30,
    34,
    37,
    39
  ],
  "coverage_gap_center": [
    8.863488727844008,
    8.634568047285578
  ],
  "coverage_gap_radius": 1.1320655977847254,
  "affected_precincts": [
    39,
    48,
    51,
    58,
    76
  ],
  "coverage_gap_distance_threshold": 1.91666554054262,
  "coverage_gap_baseline_strand_count": 5,
  "n_opened": 18,
  "n_closed_candidates": 22,
  "min_max_distance_threshold_km": 2.6,
  "min_improvement_threshold_km": 1.0,
  "base_seed": 18486,
  "attempt": 0,
  "uncapacitated": true,
  "pair_id": "coverage_gap_med_29",
  "difficulty": "med",
  "tier_kwargs": {
    "min_max_distance": 2.6,
    "min_improvement": 1.0
  },
  "per_catchment_solidity": {
    "0": {
      "A": 7.1967879599000035,
      "A_hull": 7.273806217014722,
      "solidity": 0.9894115604929701
    },
    "1": {
      "A": 4.921592889068458,
      "A_hull": 5.895053155223353,
      "solidity": 0.8348682801456415
    },
    "2": {
      "A": 4.656448069493195,
      "A_hull": 5.136233933486528,
      "solidity": 0.9065880039331369
    },
    "6": {
      "A": 5.12613317845509,
      "A_hull": 6.218277316229389,
      "solidity": 0.8243654822335025
    },
    "7": {
      "A": 4.323123153455722,
      "A_hull": 4.932956238478827,
      "solidity": 0.8763757358587152
    },
    "8": {
      "A": 2.9948738668215453,
      "A_hull": 3.17795005176637,
      "solidity": 0.9423917361938816
    },
    "12": {
      "A": 6.777606626095301,
      "A_hull": 7.473296128885635,
      "solidity": 0.9069099510052374
    },
    "13": {
      "A": 7.042751445670564,
      "A_hull": 7.3924900886341245,
      "solidity": 0.9526900085397099
    },
    "14": {
      "A": 5.9064165046337225,
      "A_hull": 6.633670866897301,
      "solidity": 0.8903692424819186
    },
    "15": {
      "A": 5.8003585768036166,
      "A_hull": 7.397540466149845,
      "solidity": 0.7840928486089777
    },
    "16": {
      "A": 8.211913840559582,
      "A_hull": 9.084366556400086,
      "solidity": 0.9039610840861715
    },
    "28": {
      "A": 9.158859624756952,
      "A_hull": 10.161359561627227,
      "solidity": 0.9013419483101396
    },
    "29": {
      "A": 6.474583975152143,
      "A_hull": 7.691724956440495,
      "solidity": 0.8417596848325672
    },
    "31": {
      "A": 3.840812100704528,
      "A_hull": 3.864801393904194,
      "solidity": 0.9937928781443974
    },
    "32": {
      "A": 5.383702431756775,
      "A_hull": 5.5705663998383885,
      "solidity": 0.9664551223934724
    },
    "33": {
      "A": 5.025125628140704,
      "A_hull": 5.170323981717635,
      "solidity": 0.9719169719169717
    },
    "36": {
      "A": 3.6665740764122123,
      "A_hull": 3.9582333779450023,
      "solidity": 0.9263157894736841
    },
    "38": {
      "A": 4.499886366505897,
      "A_hull": 4.836999065680161,
      "solidity": 0.9303054032889583
    }
  },
  "globally_clustered_sites": [],
  "clustered_sites_radius": 1.35,
  "clustered_sites_min_sites": 4,
  "vague_text": "I see a precinct (or a small set) whose voters face an unusually long trip to reach their assigned polling place. The worst case sticks out from the rest of the map. Address it without creating new long-travel precincts elsewhere.",
  "precise_text": "Precinct 39 is the worst-served in this plan \u2014 its voters travel 3.2 km to reach their assigned polling place, much farther than typical. Reduce the maximum travel distance any precinct faces, but be mindful about not making other precincts worse.",
  "vague_template_idx": 2,
  "precise_template_idx": 0
}