{
  "archetype": "shape_niceness",
  "per_catchment_npi": {
    "0": {
      "A": 5.886214994570845,
      "P": 13.165829145728644,
      "NPI": 1.5308238595243093,
      "n_cells": 2331
    },
    "2": {
      "A": 4.4216055150122475,
      "P": 11.155778894472363,
      "NPI": 1.496597341413068,
      "n_cells": 1751
    },
    "3": {
      "A": 6.954369839145477,
      "P": 13.869346733668342,
      "NPI": 1.4836183017355826,
      "n_cells": 2754
    },
    "4": {
      "A": 4.3155475871821425,
      "P": 12.060301507537691,
      "NPI": 1.6377035043965702,
      "n_cells": 1709
    },
    "5": {
      "A": 1.9974243074669833,
      "P": 8.643216080402011,
      "NPI": 1.725183409958665,
      "n_cells": 791
    },
    "6": {
      "A": 9.060377263200426,
      "P": 23.21608040201005,
      "NPI": 2.175759188908468,
      "n_cells": 3588
    },
    "8": {
      "A": 7.156384939774249,
      "P": 19.095477386934675,
      "NPI": 2.013625682164879,
      "n_cells": 2834
    },
    "9": {
      "A": 9.805307946769021,
      "P": 15.175879396984925,
      "NPI": 1.3671567646313132,
      "n_cells": 3883
    },
    "10": {
      "A": 7.545264008484635,
      "P": 14.472361809045227,
      "NPI": 1.486268451168265,
      "n_cells": 2988
    },
    "11": {
      "A": 4.136259185374107,
      "P": 9.447236180904524,
      "NPI": 1.3103761155858684,
      "n_cells": 1638
    },
    "12": {
      "A": 7.7498042978712665,
      "P": 15.879396984924625,
      "NPI": 1.6091024881684297,
      "n_cells": 3069
    },
    "16": {
      "A": 5.734703669099265,
      "P": 14.271356783919598,
      "NPI": 1.6811437134835538,
      "n_cells": 2271
    },
    "20": {
      "A": 3.9544455948082122,
      "P": 9.949748743718594,
      "NPI": 1.411446364333996,
      "n_cells": 1566
    },
    "25": {
      "A": 2.563066589227545,
      "P": 8.040201005025127,
      "NPI": 1.4167134907430856,
      "n_cells": 1015
    },
    "28": {
      "A": 4.845837226332669,
      "P": 13.768844221105528,
      "NPI": 1.7644450733222075,
      "n_cells": 1919
    },
    "30": {
      "A": 4.689275523345371,
      "P": 10.150753768844222,
      "NPI": 1.3223319321581024,
      "n_cells": 1857
    },
    "33": {
      "A": 6.0124744324638275,
      "P": 14.874371859296485,
      "NPI": 1.7112248618801498,
      "n_cells": 2381
    },
    "36": {
      "A": 4.179187394257721,
      "P": 11.457286432160805,
      "NPI": 1.58099652707942,
      "n_cells": 1655
    }
  },
  "mean_npi_baseline": 1.59580650392533,
  "max_npi_baseline": 2.175759188908468,
  "p90_npi_baseline": 1.839199255975009,
  "n_catchments_baseline": 18,
  "worst_catchment_site": 6,
  "worst_catchment_npi": 2.175759188908468,
  "min_mean_npi_threshold": 1.3,
  "min_max_npi_threshold": 1.65,
  "base_seed": 6,
  "attempt": 0,
  "uncapacitated": true,
  "pair_id": "shape_niceness_easy_05",
  "difficulty": "easy",
  "tier_kwargs": {
    "min_mean_npi": 1.3,
    "min_max_npi": 1.65
  },
  "per_catchment_solidity": {
    "0": {
      "A": 5.886214994570845,
      "A_hull": 6.511199212141107,
      "solidity": 0.9040139616055849
    },
    "2": {
      "A": 4.4216055150122475,
      "A_hull": 4.91654251155274,
      "solidity": 0.8993323061119669
    },
    "3": {
      "A": 6.954369839145477,
      "A_hull": 7.781369157344511,
      "solidity": 0.8937205906214508
    },
    "4": {
      "A": 4.3155475871821425,
      "A_hull": 4.705689250271458,
      "solidity": 0.9170914944995976
    },
    "5": {
      "A": 1.9974243074669833,
      "A_hull": 2.3635766773566322,
      "solidity": 0.8450854700854702
    },
    "6": {
      "A": 9.060377263200426,
      "A_hull": 13.191586071058813,
      "solidity": 0.6868300153139357
    },
    "8": {
      "A": 7.156384939774249,
      "A_hull": 9.066690235095074,
      "solidity": 0.7893051107088149
    },
    "9": {
      "A": 9.805307946769021,
      "A_hull": 10.514885987727585,
      "solidity": 0.9325168107588856
    },
    "10": {
      "A": 7.545264008484635,
      "A_hull": 7.840711093154215,
      "solidity": 0.9623188405797101
    },
    "11": {
      "A": 4.136259185374107,
      "A_hull": 4.03651422943865,
      "solidity": 1.0
    },
    "12": {
      "A": 7.7498042978712665,
      "A_hull": 8.906340748970983,
      "solidity": 0.8701445988091866
    },
    "16": {
      "A": 5.734703669099265,
      "A_hull": 6.925330168430089,
      "solidity": 0.8280765724703739
    },
    "20": {
      "A": 3.9544455948082122,
      "A_hull": 4.134996590995177,
      "solidity": 0.9563358778625954
    },
    "25": {
      "A": 2.563066589227545,
      "A_hull": 2.5075124365546335,
      "solidity": 1.0
    },
    "28": {
      "A": 4.845837226332669,
      "A_hull": 5.4607206888714925,
      "solidity": 0.887398843930636
    },
    "30": {
      "A": 4.689275523345371,
      "A_hull": 4.622358021262089,
      "solidity": 1.0
    },
    "33": {
      "A": 6.0124744324638275,
      "A_hull": 7.022549935607689,
      "solidity": 0.8561668464581085
    },
    "36": {
      "A": 4.179187394257721,
      "A_hull": 4.729678543471125,
      "solidity": 0.8836091831286706
    }
  },
  "globally_clustered_sites": [],
  "clustered_sites_radius": 1.35,
  "clustered_sites_min_sites": 4
}