{
  "archetype": "contiguity",
  "culprits": [
    {
      "site": 1,
      "n_components": 2,
      "components": [
        [
          26
        ],
        [
          12,
          22,
          18,
          21
        ]
      ],
      "component_voters": [
        2302,
        1160
      ],
      "largest_component_voters": 2302,
      "disjoint_excess_voters": 1160,
      "worst_pair_separation_km": 2.2592758027897855
    }
  ],
  "n_split_sites_baseline": 1,
  "total_disjoint_excess_voters_baseline": 1160,
  "worst_culprit_site": 1,
  "worst_culprit_disjoint_voters": 1160,
  "smallest_component_centroid": [
    5.15310588051049,
    2.0682555708156354
  ],
  "min_split_voters_threshold": 1,
  "min_separation_threshold_km": 1.0,
  "base_seed": 15842,
  "attempt": 0,
  "pair_id": "contiguity_hard_03",
  "difficulty": "hard",
  "tier_kwargs": {
    "min_split_voters": 1,
    "min_separation": 1.0
  },
  "per_catchment_solidity": {
    "0": {
      "A": 5.908941693391582,
      "A_hull": 7.2409787631625475,
      "solidity": 0.8160418482999128
    },
    "1": {
      "A": 3.8256609681573703,
      "A_hull": 6.358425292290602,
      "solidity": 0.6016679904686256
    },
    "2": {
      "A": 5.20188884119088,
      "A_hull": 6.8912401201989875,
      "solidity": 0.7548552583363868
    },
    "3": {
      "A": 4.482210045200879,
      "A_hull": 4.9746218529835105,
      "solidity": 0.9010152284263959
    },
    "4": {
      "A": 1.2777455114769831,
      "A_hull": 1.3042599934345092,
      "solidity": 0.979670861568248
    },
    "5": {
      "A": 4.7751319411125985,
      "A_hull": 5.114769829044722,
      "solidity": 0.9335966428042458
    },
    "6": {
      "A": 2.4494330951238608,
      "A_hull": 2.3787278099037907,
      "solidity": 1.0
    },
    "8": {
      "A": 3.0302265094315803,
      "A_hull": 2.9532082523168612,
      "solidity": 1.0
    },
    "10": {
      "A": 5.300371202747406,
      "A_hull": 6.266255902628724,
      "solidity": 0.8458593592585127
    },
    "17": {
      "A": 8.926542259033864,
      "A_hull": 9.516173833994088,
      "solidity": 0.9380390075626911
    },
    "26": {
      "A": 5.1286583672129495,
      "A_hull": 6.174086512966844,
      "solidity": 0.830674846625767
    },
    "28": {
      "A": 6.8432615337996525,
      "A_hull": 8.288932097674302,
      "solidity": 0.8255902513328257
    },
    "30": {
      "A": 11.6966743264059,
      "A_hull": 12.427716471806269,
      "solidity": 0.9411764705882353
    },
    "31": {
      "A": 12.269892174440042,
      "A_hull": 13.239564657458146,
      "solidity": 0.926759488842266
    },
    "32": {
      "A": 8.795232443625162,
      "A_hull": 10.233327441226233,
      "solidity": 0.8594694632942628
    },
    "36": {
      "A": 2.2726698820736853,
      "A_hull": 2.1956516249589666,
      "solidity": 1.0
    },
    "37": {
      "A": 3.530213883487791,
      "A_hull": 3.415317795005177,
      "solidity": 1.0
    },
    "38": {
      "A": 5.292795636473827,
      "A_hull": 6.1109567940203515,
      "solidity": 0.8661157024793392
    }
  },
  "globally_clustered_sites": [],
  "clustered_sites_radius": 1.35,
  "clustered_sites_min_sites": 4
}