{
  "archetype": "shape_niceness",
  "per_catchment_npi": {
    "0": {
      "A": 5.613494608722003,
      "P": 11.155778894472363,
      "NPI": 1.3282453711320215,
      "n_cells": 2223
    },
    "2": {
      "A": 5.62864574126916,
      "P": 17.98994974874372,
      "NPI": 2.1390604620912907,
      "n_cells": 2229
    },
    "4": {
      "A": 4.345849852276459,
      "P": 13.5678391959799,
      "NPI": 1.8359819066940903,
      "n_cells": 1721
    },
    "5": {
      "A": 3.3837529355319313,
      "P": 11.758793969849247,
      "NPI": 1.803260734777277,
      "n_cells": 1340
    },
    "6": {
      "A": 3.0958814171359315,
      "P": 8.14070351758794,
      "NPI": 1.3051632823202648,
      "n_cells": 1226
    },
    "7": {
      "A": 3.133759248503826,
      "P": 11.457286432160805,
      "NPI": 1.8257614134368594,
      "n_cells": 1241
    },
    "8": {
      "A": 2.2019645968536152,
      "P": 9.648241206030152,
      "NPI": 1.834163531781884,
      "n_cells": 872
    },
    "13": {
      "A": 11.156283932223936,
      "P": 17.085427135678394,
      "NPI": 1.4429827163456075,
      "n_cells": 4418
    },
    "14": {
      "A": 7.4316305143809505,
      "P": 14.371859296482413,
      "NPI": 1.48718833414166,
      "n_cells": 2943
    },
    "15": {
      "A": 7.312946642761547,
      "P": 14.472361809045228,
      "NPI": 1.509691733368826,
      "n_cells": 2896
    },
    "16": {
      "A": 9.603292846140251,
      "P": 15.477386934673369,
      "NPI": 1.4089079567115397,
      "n_cells": 3803
    },
    "18": {
      "A": 8.711901214615793,
      "P": 14.773869346733669,
      "NPI": 1.4119939986883934,
      "n_cells": 3450
    },
    "19": {
      "A": 7.1134567308906345,
      "P": 13.969849246231156,
      "NPI": 1.4775644735518885,
      "n_cells": 2817
    },
    "26": {
      "A": 5.186737708643721,
      "P": 13.366834170854272,
      "NPI": 1.6556803137138543,
      "n_cells": 2054
    },
    "33": {
      "A": 4.249892679477791,
      "P": 12.06030150753769,
      "NPI": 1.6503051377129763,
      "n_cells": 1683
    },
    "36": {
      "A": 4.921592889068458,
      "P": 12.160804020100503,
      "NPI": 1.5463383060659845,
      "n_cells": 1949
    },
    "37": {
      "A": 4.2625186232670895,
      "P": 11.959798994974875,
      "NPI": 1.6341269931581706,
      "n_cells": 1688
    },
    "39": {
      "A": 3.653948132622914,
      "P": 10.954773869346734,
      "NPI": 1.6166547999038812,
      "n_cells": 1447
    }
  },
  "mean_npi_baseline": 1.6062817480886926,
  "max_npi_baseline": 2.1390604620912907,
  "p90_npi_baseline": 1.834709044255546,
  "n_catchments_baseline": 18,
  "worst_catchment_site": 2,
  "worst_catchment_npi": 2.1390604620912907,
  "min_mean_npi_threshold": 1.5,
  "min_max_npi_threshold": 2.0,
  "base_seed": 7,
  "attempt": 0,
  "vague_text": "Several polling places have catchments that look bizarre \u2014 stringy or with awkward protrusions. Reshape so the service areas are visually compact.",
  "precise_text": "Polling place 2's service region has an ugly shape on the map \u2014 long and thin with awkward bumps. Tidy it up.",
  "vague_template_idx": 3,
  "precise_template_idx": 3,
  "pair_id": "06"
}