{
  "archetype": "coverage_gap",
  "current_max_distance_km": 2.999363152362084,
  "most_stranded_precinct": 73,
  "most_stranded_distance_km": 2.999363152362084,
  "best_candidate_idx": 25,
  "best_candidate_new_max_km": 1.9746895673443958,
  "best_improvement_km": 1.0246735850176882,
  "per_candidate_improvement": {
    "25": {
      "improvement_km": 1.0246735850176882,
      "new_max_km": 1.9746895673443958
    },
    "36": {
      "improvement_km": 1.0246735850176882,
      "new_max_km": 1.9746895673443958
    },
    "38": {
      "improvement_km": 1.0246735850176882,
      "new_max_km": 1.9746895673443958
    },
    "0": {
      "improvement_km": 0.0,
      "new_max_km": 2.999363152362084
    },
    "2": {
      "improvement_km": 0.0,
      "new_max_km": 2.999363152362084
    },
    "5": {
      "improvement_km": 0.0,
      "new_max_km": 2.999363152362084
    },
    "9": {
      "improvement_km": 0.0,
      "new_max_km": 2.999363152362084
    },
    "10": {
      "improvement_km": 0.0,
      "new_max_km": 2.999363152362084
    },
    "11": {
      "improvement_km": 0.0,
      "new_max_km": 2.999363152362084
    },
    "13": {
      "improvement_km": 0.0,
      "new_max_km": 2.999363152362084
    },
    "14": {
      "improvement_km": 0.0,
      "new_max_km": 2.999363152362084
    },
    "17": {
      "improvement_km": 0.0,
      "new_max_km": 2.999363152362084
    },
    "18": {
      "improvement_km": 0.0,
      "new_max_km": 2.999363152362084
    },
    "19": {
      "improvement_km": 0.0,
      "new_max_km": 2.999363152362084
    },
    "21": {
      "improvement_km": 0.0,
      "new_max_km": 2.999363152362084
    },
    "24": {
      "improvement_km": 0.0,
      "new_max_km": 2.999363152362084
    },
    "26": {
      "improvement_km": 0.0,
      "new_max_km": 2.999363152362084
    },
    "27": {
      "improvement_km": 0.0,
      "new_max_km": 2.999363152362084
    },
    "28": {
      "improvement_km": 0.0,
      "new_max_km": 2.999363152362084
    },
    "30": {
      "improvement_km": 0.0,
      "new_max_km": 2.999363152362084
    },
    "37": {
      "improvement_km": 0.0,
      "new_max_km": 2.999363152362084
    },
    "39": {
      "improvement_km": 0.0,
      "new_max_km": 2.999363152362084
    }
  },
  "candidates_ranked_by_improvement": [
    25,
    36,
    38,
    0,
    2,
    5,
    9,
    10,
    11,
    13,
    14,
    17,
    18,
    19,
    21,
    24,
    26,
    27,
    28,
    30,
    37,
    39
  ],
  "coverage_gap_center": [
    9.25182647848357,
    8.646422472499825
  ],
  "coverage_gap_radius": 0.8289992429280783,
  "affected_precincts": [
    43,
    47,
    61,
    73,
    75
  ],
  "coverage_gap_distance_threshold": 2.0904724937429187,
  "coverage_gap_baseline_strand_count": 5,
  "n_opened": 18,
  "n_closed_candidates": 22,
  "min_max_distance_threshold_km": 2.6,
  "min_improvement_threshold_km": 1.0,
  "base_seed": 11190,
  "attempt": 0,
  "uncapacitated": true,
  "pair_id": "coverage_gap_med_08",
  "difficulty": "med",
  "tier_kwargs": {
    "min_max_distance": 2.6,
    "min_improvement": 1.0
  },
  "per_catchment_solidity": {
    "1": {
      "A": 3.0807302845887734,
      "A_hull": 3.6779374258225808,
      "solidity": 0.8376244421558531
    },
    "3": {
      "A": 4.732203732228984,
      "A_hull": 5.9594454685487745,
      "solidity": 0.7940677966101695
    },
    "4": {
      "A": 5.366026110451757,
      "A_hull": 6.439231332542108,
      "solidity": 0.8333333333333334
    },
    "6": {
      "A": 4.754930431049721,
      "A_hull": 5.419055074366809,
      "solidity": 0.8774464119291706
    },
    "7": {
      "A": 4.7751319411125985,
      "A_hull": 4.8458372263326694,
      "solidity": 0.9854090672225115
    },
    "8": {
      "A": 4.148885129163405,
      "A_hull": 4.789020479280827,
      "solidity": 0.8663327181650408
    },
    "12": {
      "A": 11.017398550541655,
      "A_hull": 12.76861695411732,
      "solidity": 0.8628497972906162
    },
    "15": {
      "A": 6.9316431403247405,
      "A_hull": 7.468245751369914,
      "solidity": 0.9281487743026207
    },
    "16": {
      "A": 7.906366000858565,
      "A_hull": 7.903840812100703,
      "solidity": 1.0
    },
    "20": {
      "A": 7.4796091007802845,
      "A_hull": 8.591954748617459,
      "solidity": 0.8705363703159443
    },
    "22": {
      "A": 3.595868791192142,
      "A_hull": 3.9089921971667385,
      "solidity": 0.9198966408268734
    },
    "23": {
      "A": 6.477109163910003,
      "A_hull": 6.752354738516704,
      "solidity": 0.9592370979805537
    },
    "29": {
      "A": 7.701825711471933,
      "A_hull": 7.742228731597688,
      "solidity": 0.994781474233529
    },
    "31": {
      "A": 6.530138127825055,
      "A_hull": 6.6526097825812505,
      "solidity": 0.9815904346175742
    },
    "32": {
      "A": 4.03777682381758,
      "A_hull": 4.69685108961895,
      "solidity": 0.8596774193548385
    },
    "33": {
      "A": 5.41905507436681,
      "A_hull": 6.800333324916037,
      "solidity": 0.7968808020794654
    },
    "34": {
      "A": 3.5832428474028437,
      "A_hull": 3.762531249210879,
      "solidity": 0.9523489932885906
    },
    "35": {
      "A": 3.4696093532991594,
      "A_hull": 3.353450670437616,
      "solidity": 1.0
    }
  },
  "globally_clustered_sites": [],
  "clustered_sites_radius": 1.35,
  "clustered_sites_min_sites": 4,
  "vague_text": "There's at least one precinct stranded far from any opened polling place \u2014 its travel distance is well above the rest of the county. Bring the maximum travel distance down.",
  "precise_text": "Voters in precinct 73 face a 3.0 km trip to their nearest polling place \u2014 far above the typical precinct. Address this worst case, ideally by opening a candidate site closer to it.",
  "vague_template_idx": 1,
  "precise_template_idx": 2
}