{
  "archetype": "coverage_gap",
  "current_max_distance_km": 2.9062973417670386,
  "most_stranded_precinct": 79,
  "most_stranded_distance_km": 2.9062973417670386,
  "best_candidate_idx": 16,
  "best_candidate_new_max_km": 1.8785015751799368,
  "best_improvement_km": 1.0277957665871018,
  "per_candidate_improvement": {
    "16": {
      "improvement_km": 1.0277957665871018,
      "new_max_km": 1.8785015751799368
    },
    "21": {
      "improvement_km": 1.0277957665871018,
      "new_max_km": 1.8785015751799368
    },
    "30": {
      "improvement_km": 0.7029412077386845,
      "new_max_km": 2.203356134028354
    },
    "29": {
      "improvement_km": 0.6690527272947349,
      "new_max_km": 2.2372446144723037
    },
    "18": {
      "improvement_km": 0.6232178552074101,
      "new_max_km": 2.2830794865596284
    },
    "13": {
      "improvement_km": 0.3300862729746754,
      "new_max_km": 2.576211068792363
    },
    "1": {
      "improvement_km": 0.0,
      "new_max_km": 2.9062973417670386
    },
    "4": {
      "improvement_km": 0.0,
      "new_max_km": 2.9062973417670386
    },
    "6": {
      "improvement_km": 0.0,
      "new_max_km": 2.9062973417670386
    },
    "9": {
      "improvement_km": 0.0,
      "new_max_km": 2.9062973417670386
    },
    "10": {
      "improvement_km": 0.0,
      "new_max_km": 2.9062973417670386
    },
    "12": {
      "improvement_km": 0.0,
      "new_max_km": 2.9062973417670386
    },
    "14": {
      "improvement_km": 0.0,
      "new_max_km": 2.9062973417670386
    },
    "19": {
      "improvement_km": 0.0,
      "new_max_km": 2.9062973417670386
    },
    "23": {
      "improvement_km": 0.0,
      "new_max_km": 2.9062973417670386
    },
    "24": {
      "improvement_km": 0.0,
      "new_max_km": 2.9062973417670386
    },
    "25": {
      "improvement_km": 0.0,
      "new_max_km": 2.9062973417670386
    },
    "26": {
      "improvement_km": 0.0,
      "new_max_km": 2.9062973417670386
    },
    "28": {
      "improvement_km": 0.0,
      "new_max_km": 2.9062973417670386
    },
    "32": {
      "improvement_km": 0.0,
      "new_max_km": 2.9062973417670386
    },
    "33": {
      "improvement_km": 0.0,
      "new_max_km": 2.9062973417670386
    },
    "36": {
      "improvement_km": 0.0,
      "new_max_km": 2.9062973417670386
    }
  },
  "candidates_ranked_by_improvement": [
    16,
    21,
    30,
    29,
    18,
    13,
    1,
    4,
    6,
    9,
    10,
    12,
    14,
    19,
    23,
    24,
    25,
    26,
    28,
    32,
    33,
    36
  ],
  "coverage_gap_center": [
    7.839138857281865,
    6.8751068164502325
  ],
  "coverage_gap_radius": 6.37348962710192,
  "affected_precincts": [
    37,
    40,
    56,
    67,
    79
  ],
  "coverage_gap_distance_threshold": 1.618675740937237,
  "coverage_gap_baseline_strand_count": 5,
  "n_opened": 18,
  "n_closed_candidates": 22,
  "min_max_distance_threshold_km": 2.6,
  "min_improvement_threshold_km": 1.0,
  "base_seed": 11816,
  "attempt": 0,
  "uncapacitated": true,
  "pair_id": "coverage_gap_med_10",
  "difficulty": "med",
  "tier_kwargs": {
    "min_max_distance": 2.6,
    "min_improvement": 1.0
  },
  "per_catchment_solidity": {
    "0": {
      "A": 2.5453902679225275,
      "A_hull": 3.4405696825837744,
      "solidity": 0.7398165137614677
    },
    "2": {
      "A": 6.002373677432389,
      "A_hull": 6.576854119845458,
      "solidity": 0.9126511806488771
    },
    "3": {
      "A": 3.141334814777405,
      "A_hull": 3.8736395545567035,
      "solidity": 0.8109517601043026
    },
    "5": {
      "A": 5.214514784980178,
      "A_hull": 5.806671548698264,
      "solidity": 0.8980213089802134
    },
    "7": {
      "A": 5.744804424130704,
      "A_hull": 7.018762152470897,
      "solidity": 0.8184925346285304
    },
    "8": {
      "A": 4.146359940405546,
      "A_hull": 4.598368728062423,
      "solidity": 0.9017023613399232
    },
    "11": {
      "A": 5.724602914067828,
      "A_hull": 6.075604151410318,
      "solidity": 0.9422277639235246
    },
    "15": {
      "A": 6.42408019999495,
      "A_hull": 6.552864826645793,
      "solidity": 0.9803468208092485
    },
    "17": {
      "A": 9.17653594606197,
      "A_hull": 12.053988535643036,
      "solidity": 0.7612862679375724
    },
    "20": {
      "A": 10.007323047397794,
      "A_hull": 10.771192646650338,
      "solidity": 0.9290821709061071
    },
    "22": {
      "A": 7.300320698972249,
      "A_hull": 7.434155703138809,
      "solidity": 0.9819972826086959
    },
    "27": {
      "A": 5.105931668392213,
      "A_hull": 5.235978889421981,
      "solidity": 0.9751627682662173
    },
    "31": {
      "A": 6.381151991111336,
      "A_hull": 6.841998939420721,
      "solidity": 0.932644399335671
    },
    "34": {
      "A": 5.320572712810283,
      "A_hull": 6.651347188202318,
      "solidity": 0.7999240698557328
    },
    "35": {
      "A": 4.257468245751371,
      "A_hull": 6.199338400545439,
      "solidity": 0.6867617107942977
    },
    "37": {
      "A": 2.8736648064442822,
      "A_hull": 3.1918385899345982,
      "solidity": 0.9003164556962026
    },
    "38": {
      "A": 4.398878816191511,
      "A_hull": 4.752405242291862,
      "solidity": 0.9256110520722636
    },
    "39": {
      "A": 7.242241357541477,
      "A_hull": 7.917729350268934,
      "solidity": 0.9146866528464359
    }
  },
  "globally_clustered_sites": [],
  "clustered_sites_radius": 1.35,
  "clustered_sites_min_sites": 4,
  "vague_text": "Looking at the assignments, some voters have to travel significantly farther than others to reach their assigned polling place. Reduce the worst-case travel distance any voter faces, but be mindful about not making other precincts much worse.",
  "precise_text": "Precinct 79 is stranded at 2.9 km from its assigned polling place. Bring the worst-case travel distance down, but be careful not to create new long-travel precincts elsewhere.",
  "vague_template_idx": 0,
  "precise_template_idx": 3
}