{
  "pair_id": "shape_niceness_med_14",
  "modality": "multimodal",
  "query_type": "vague",
  "run_config": {
    "model": "gpt-5.4",
    "temperature": null,
    "seed": null,
    "enable_visual": true,
    "query_type": "vague",
    "max_iters": 25,
    "guard_config": [
      {
        "name": "total_weighted_distance",
        "bound_kind": "max_pct_increase",
        "max_pct_increase": 0.05
      },
      {
        "name": "p90_voter_distance",
        "bound_kind": "max_abs_increase",
        "max_abs_increase": 0.0
      }
    ]
  },
  "status": "completed",
  "result_schema_version": 1,
  "termination_reason": "explicit_submit",
  "baseline_digest": "f64bfdae009be25e80439999e353423dbd3fe8eba8a2667d7baa06202b3ccb5b",
  "guard_config": [
    {
      "name": "total_weighted_distance",
      "bound_kind": "max_pct_increase",
      "max_pct_increase": 0.05
    },
    {
      "name": "p90_voter_distance",
      "bound_kind": "max_abs_increase",
      "max_abs_increase": 0.0
    }
  ],
  "metadata": {
    "archetype": "shape_niceness",
    "per_catchment_npi": {
      "0": {
        "A": 3.9973738036918265,
        "P": 9.34673366834171,
        "NPI": 1.318765432163206,
        "n_cells": 1583
      },
      "1": {
        "A": 6.936693517840459,
        "P": 13.668341708542714,
        "NPI": 1.463978309865486,
        "n_cells": 2747
      },
      "3": {
        "A": 6.184187267998284,
        "P": 15.175879396984925,
        "NPI": 1.7215023440264645,
        "n_cells": 2449
      },
      "5": {
        "A": 3.4923360521198963,
        "P": 9.84924623115578,
        "NPI": 1.4867571963467132,
        "n_cells": 1383
      },
      "6": {
        "A": 4.2448423019620725,
        "P": 13.467336683417086,
        "NPI": 1.8439366876926668,
        "n_cells": 1681
      },
      "8": {
        "A": 6.174086512966845,
        "P": 17.185929648241206,
        "NPI": 1.9511099438645496,
        "n_cells": 2445
      },
      "10": {
        "A": 5.265018560137371,
        "P": 14.170854271356784,
        "NPI": 1.742172469858764,
        "n_cells": 2085
      },
      "16": {
        "A": 7.060427766975582,
        "P": 14.472361809045228,
        "NPI": 1.5364519119686868,
        "n_cells": 2796
      },
      "18": {
        "A": 5.310471957778844,
        "P": 11.658291457286433,
        "NPI": 1.4271296086449814,
        "n_cells": 2103
      },
      "21": {
        "A": 7.58061665109467,
        "P": 14.773869346733669,
        "NPI": 1.5136903925326166,
        "n_cells": 3002
      },
      "27": {
        "A": 7.2725436226357925,
        "P": 13.366834170854272,
        "NPI": 1.398235939286172,
        "n_cells": 2880
      },
      "28": {
        "A": 5.830660841897933,
        "P": 11.256281407035177,
        "NPI": 1.3150162509538108,
        "n_cells": 2309
      },
      "29": {
        "A": 8.335648089694706,
        "P": 14.371859296482413,
        "NPI": 1.4042302970758718,
        "n_cells": 3301
      },
      "32": {
        "A": 7.830610338122775,
        "P": 13.366834170854272,
        "NPI": 1.3474908396531209,
        "n_cells": 3101
      },
      "33": {
        "A": 7.123557485922073,
        "P": 13.467336683417086,
        "NPI": 1.4234044490460314,
        "n_cells": 2821
      },
      "34": {
        "A": 3.3256735941011595,
        "P": 9.145728643216081,
        "NPI": 1.4147300177594169,
        "n_cells": 1317
      },
      "37": {
        "A": 2.5681169667432644,
        "P": 6.934673366834171,
        "NPI": 1.2207133044264584,
        "n_cells": 1017
      },
      "38": {
        "A": 2.474684982702457,
        "P": 8.743718592964825,
        "NPI": 1.5679466386839567,
        "n_cells": 980
      }
    },
    "mean_npi_baseline": 1.5054034463249428,
    "max_npi_baseline": 1.9511099438645496,
    "p90_npi_baseline": 1.772701735208935,
    "n_catchments_baseline": 18,
    "worst_catchment_site": 8,
    "worst_catchment_npi": 1.9511099438645496,
    "min_mean_npi_threshold": 1.2,
    "min_max_npi_threshold": 1.45,
    "base_seed": 7934,
    "attempt": 0,
    "uncapacitated": true,
    "pair_id": "shape_niceness_med_14",
    "difficulty": "med",
    "tier_kwargs": {
      "min_mean_npi": 1.2,
      "min_max_npi": 1.45
    },
    "per_catchment_solidity": {
      "0": {
        "A": 3.9973738036918265,
        "A_hull": 4.041564606954369,
        "solidity": 0.9890659169009689
      },
      "1": {
        "A": 6.936693517840459,
        "A_hull": 7.642483775662232,
        "solidity": 0.9076490996200232
      },
      "3": {
        "A": 6.184187267998284,
        "A_hull": 7.493497638948514,
        "solidity": 0.8252737994945238
      },
      "5": {
        "A": 3.4923360521198963,
        "A_hull": 3.891315875861723,
        "solidity": 0.8974691758598309
      },
      "6": {
        "A": 4.2448423019620725,
        "A_hull": 5.475871821418654,
        "solidity": 0.7751902236569055
      },
      "8": {
        "A": 6.174086512966845,
        "A_hull": 8.374788515441526,
        "solidity": 0.7372229760289465
      },
      "10": {
        "A": 5.265018560137371,
        "A_hull": 6.867250826999319,
        "solidity": 0.766685052399338
      },
      "16": {
        "A": 7.060427766975582,
        "A_hull": 7.690462362061566,
        "solidity": 0.9180758496141848
      },
      "18": {
        "A": 5.310471957778844,
        "A_hull": 5.626120552511298,
        "solidity": 0.9438958707360866
      },
      "21": {
        "A": 7.58061665109467,
        "A_hull": 8.570490644175653,
        "solidity": 0.8845020624631703
      },
      "27": {
        "A": 7.2725436226357925,
        "A_hull": 7.845761470669928,
        "solidity": 0.9269391696169944
      },
      "28": {
        "A": 5.830660841897933,
        "A_hull": 5.852124946339739,
        "solidity": 0.9963322545846819
      },
      "29": {
        "A": 8.335648089694706,
        "A_hull": 8.855836973813792,
        "solidity": 0.9412603364699175
      },
      "32": {
        "A": 7.830610338122775,
        "A_hull": 8.042726193782986,
        "solidity": 0.9736263736263736
      },
      "33": {
        "A": 7.123557485922073,
        "A_hull": 7.330622964066565,
        "solidity": 0.9717533585945572
      },
      "34": {
        "A": 3.3256735941011595,
        "A_hull": 3.2372919875760715,
        "solidity": 1.0
      },
      "37": {
        "A": 2.5681169667432644,
        "A_hull": 2.518875785965001,
        "solidity": 1.0
      },
      "38": {
        "A": 2.474684982702457,
        "A_hull": 2.628721496931896,
        "solidity": 0.9414024975984628
      }
    },
    "globally_clustered_sites": [],
    "clustered_sites_radius": 1.35,
    "clustered_sites_min_sites": 4,
    "vague_text": "Several polling places have catchments that look bizarre \u2014 stringy or with awkward protrusions. Reshape so the service areas are visually compact.",
    "precise_text": "The catchment around polling place 8 is bowtied / stretched. Make it visually compact, but be mindful about causing this issue elsewhere.",
    "vague_template_idx": 3,
    "precise_template_idx": 4
  },
  "proposal": null,
  "score": {
    "query_id": "shape_niceness_shape_niceness_med_14_vague",
    "archetype": "shape_niceness",
    "target_direction": "minimize",
    "target_baseline": 1.5054034463249428,
    "target_response": 1.4788106043097669,
    "raw_improvement": 0.026592842015175977,
    "fraction_improved": 0.017664927020125797,
    "guards": [
      {
        "name": "total_weighted_distance",
        "baseline": 46439.535024160235,
        "response": 46453.071369374156,
        "bound": 48761.51177536825,
        "violation": 0.0,
        "passed": true
      },
      {
        "name": "p90_voter_distance",
        "baseline": 1.473469579908267,
        "response": 1.473469579908267,
        "bound": 1.473469579908267,
        "violation": 0.0,
        "passed": true
      }
    ],
    "all_guards_passed": true,
    "feasible": true,
    "valid": true,