{
  "pair_id": "shape_niceness_med_16",
  "modality": "multimodal",
  "query_type": "vague",
  "run_config": {
    "model": "gpt-5.4",
    "temperature": null,
    "seed": null,
    "enable_visual": true,
    "query_type": "vague",
    "max_iters": 25,
    "guard_config": [
      {
        "name": "total_weighted_distance",
        "bound_kind": "max_pct_increase",
        "max_pct_increase": 0.05
      },
      {
        "name": "p90_voter_distance",
        "bound_kind": "max_abs_increase",
        "max_abs_increase": 0.0
      }
    ]
  },
  "status": "completed",
  "result_schema_version": 1,
  "termination_reason": "explicit_submit",
  "baseline_digest": "d4676c35725bcf4ece331309b5a7b580cc0a563bf9953d1c948e7095512ca716",
  "guard_config": [
    {
      "name": "total_weighted_distance",
      "bound_kind": "max_pct_increase",
      "max_pct_increase": 0.05
    },
    {
      "name": "p90_voter_distance",
      "bound_kind": "max_abs_increase",
      "max_abs_increase": 0.0
    }
  ],
  "metadata": {
    "archetype": "shape_niceness",
    "per_catchment_npi": {
      "0": {
        "A": 4.373626928612914,
        "P": 12.56281407035176,
        "NPI": 1.6945763181884053,
        "n_cells": 1732
      },
      "2": {
        "A": 4.388778061160072,
        "P": 14.07035175879397,
        "NPI": 1.8946465931684395,
        "n_cells": 1738
      },
      "3": {
        "A": 5.812984520592915,
        "P": 13.5678391959799,
        "NPI": 1.587472360417984,
        "n_cells": 2302
      },
      "5": {
        "A": 3.272644630186107,
        "P": 9.748743718592966,
        "NPI": 1.5201774890036766,
        "n_cells": 1296
      },
      "6": {
        "A": 5.3938031867882135,
        "P": 12.56281407035176,
        "NPI": 1.5259294416425668,
        "n_cells": 2136
      },
      "7": {
        "A": 5.802883765561476,
        "P": 15.979899497487438,
        "NPI": 1.871316193532238,
        "n_cells": 2298
      },
      "9": {
        "A": 8.108381101487337,
        "P": 16.884422110552766,
        "NPI": 1.6726851165455003,
        "n_cells": 3211
      },
      "11": {
        "A": 6.883664553925406,
        "P": 18.090452261306535,
        "NPI": 1.9450673463374653,
        "n_cells": 2726
      },
      "17": {
        "A": 3.919092952198177,
        "P": 11.658291457286433,
        "NPI": 1.661258417184289,
        "n_cells": 1552
      },
      "19": {
        "A": 9.330572460291409,
        "P": 16.582914572864322,
        "NPI": 1.5314463478911697,
        "n_cells": 3695
      },
      "20": {
        "A": 4.1564606954369845,
        "P": 10.753768844221106,
        "NPI": 1.4879691459074926,
        "n_cells": 1646
      },
      "22": {
        "A": 4.825635716269792,
        "P": 10.251256281407036,
        "NPI": 1.316421273396492,
        "n_cells": 1911
      },
      "23": {
        "A": 4.502411555263756,
        "P": 12.06030150753769,
        "NPI": 1.6033584986110223,
        "n_cells": 1783
      },
      "27": {
        "A": 7.388702305497337,
        "P": 14.170854271356784,
        "NPI": 1.4706421713588471,
        "n_cells": 2926
      },
      "30": {
        "A": 4.772606752354739,
        "P": 14.271356783919598,
        "NPI": 1.8428182559177917,
        "n_cells": 1890
      },
      "34": {
        "A": 6.5957930355294065,
        "P": 12.462311557788945,
        "NPI": 1.3688635601792691,
        "n_cells": 2612
      },
      "35": {
        "A": 4.295346077119265,
        "P": 9.949748743718594,
        "NPI": 1.35427886676406,
        "n_cells": 1701
      },
      "37": {
        "A": 7.184162016110705,
        "P": 14.673366834170855,
        "NPI": 1.5443181800028807,
        "n_cells": 2845
      }
    },
    "mean_npi_baseline": 1.6051803097805326,
    "max_npi_baseline": 1.9450673463374653,
    "p90_npi_baseline": 1.8783153134230985,
    "n_catchments_baseline": 18,
    "worst_catchment_site": 11,
    "worst_catchment_npi": 1.9450673463374653,
    "min_mean_npi_threshold": 1.2,
    "min_max_npi_threshold": 1.45,
    "base_seed": 7936,
    "attempt": 0,
    "uncapacitated": true,
    "pair_id": "shape_niceness_med_16",
    "difficulty": "med",
    "tier_kwargs": {
      "min_mean_npi": 1.2,
      "min_max_npi": 1.45
    },
    "per_catchment_solidity": {
      "0": {
        "A": 4.373626928612914,
        "A_hull": 5.182949925506931,
        "solidity": 0.843848964677223
      },
      "2": {
        "A": 4.388778061160072,
        "A_hull": 5.6589480063634765,
        "solidity": 0.7755466309683177
      },
      "3": {
        "A": 5.812984520592915,
        "A_hull": 6.355900103532741,
        "solidity": 0.9145808502185139
      },
      "5": {
        "A": 3.272644630186107,
        "A_hull": 3.4506704376152113,
        "solidity": 0.9484083424807906
      },
      "6": {
        "A": 5.3938031867882135,
        "A_hull": 5.594555693038054,
        "solidity": 0.9641164522681113
      },
      "7": {
        "A": 5.802883765561476,
        "A_hull": 7.378601550465897,
        "solidity": 0.7864476386036963
      },
      "9": {
        "A": 8.108381101487337,
        "A_hull": 9.528799777783389,
        "solidity": 0.8509341460182855
      },
      "11": {
        "A": 6.883664553925406,
        "A_hull": 9.83687280624227,
        "solidity": 0.6997817995122575
      },
      "17": {
        "A": 3.919092952198177,
        "A_hull": 4.6867503345875114,
        "solidity": 0.8362068965517241
      },
      "19": {
        "A": 9.330572460291409,
        "A_hull": 10.45301886316002,
        "solidity": 0.8926198816282163
      },
      "20": {
        "A": 4.1564606954369845,
        "A_hull": 4.47210929016944,
        "solidity": 0.9294184076792774
      },
      "22": {
        "A": 4.825635716269792,
        "A_hull": 4.795333451175473,
        "solidity": 1.0
      },
      "23": {
        "A": 4.502411555263756,
        "A_hull": 4.829423499406581,
        "solidity": 0.9322875816993463
      },
      "27": {
        "A": 7.388702305497337,
        "A_hull": 7.626070048736141,
        "solidity": 0.9688741721854309
      },
      "30": {
        "A": 4.772606752354739,
        "A_hull": 5.845811974445091,
        "solidity": 0.8164146868250539
      },
      "34": {
        "A": 6.5957930355294065,
        "A_hull": 6.948056867250826,
        "solidity": 0.9493003816100312
      },
      "35": {
        "A": 4.295346077119265,
        "A_hull": 4.48221004520088,
        "solidity": 0.9583098591549295
      },
      "37": {
        "A": 7.184162016110705,
        "A_hull": 8.233377945001388,
        "solidity": 0.8725655574298422
      }
    },
    "globally_clustered_sites": [],
    "clustered_sites_radius": 1.35,
    "clustered_sites_min_sites": 4,
    "vague_text": "The catchments on the map have odd, elongated shapes. Real-world service areas should look reasonably compact. Address the worst offenders.",
    "precise_text": "The catchment of polling place 11 has a weird shape \u2014 stretched and jagged rather than a nice compact region. Reshape it, but be mindful about causing this issue elsewhere.",
    "vague_template_idx": 4,
    "precise_template_idx": 1
  },
  "proposal": null,
  "score": {
    "query_id": "shape_niceness_shape_niceness_med_16_vague",
    "archetype": "shape_niceness",
    "target_direction": "minimize",
    "target_baseline": 1.6051803097805326,
    "target_response": 1.582821124821039,
    "raw_improvement": 0.022359184959493517,
    "fraction_improved": 0.013929391497800371,
    "guards": [
      {
        "name": "total_weighted_distance",
        "baseline": 45511.69813638007,
        "response": 46265.969383046555,
        "bound": 47787.28304319908,
        "violation": 0.0,
        "passed": true
      },
      {
        "name": "p90_voter_distance",
        "baseline": 1.5685652761970428,
        "response": 1.5685652761970428,
        "bound": 1.5685652761970428,
        "violation": 0.0,
        "passed": true
      }
    ],
    "all_guards_passed": true,