{
  "pair_id": "shape_niceness_med_11",
  "modality": "multimodal",
  "query_type": "vague",
  "run_config": {
    "model": "gpt-5.4",
    "temperature": null,
    "seed": null,
    "enable_visual": true,
    "query_type": "vague",
    "max_iters": 25,
    "guard_config": [
      {
        "name": "total_weighted_distance",
        "bound_kind": "max_pct_increase",
        "max_pct_increase": 0.05
      },
      {
        "name": "p90_voter_distance",
        "bound_kind": "max_abs_increase",
        "max_abs_increase": 0.0
      }
    ]
  },
  "status": "completed",
  "result_schema_version": 1,
  "termination_reason": "explicit_submit",
  "baseline_digest": "4b7152ddba0abf2ef4a0e7bec98516d550ce67879c52d9a5125ecf35ec7543cd",
  "guard_config": [
    {
      "name": "total_weighted_distance",
      "bound_kind": "max_pct_increase",
      "max_pct_increase": 0.05
    },
    {
      "name": "p90_voter_distance",
      "bound_kind": "max_abs_increase",
      "max_abs_increase": 0.0
    }
  ],
  "metadata": {
    "archetype": "shape_niceness",
    "per_catchment_npi": {
      "0": {
        "A": 3.1792126461452996,
        "P": 9.045226130653267,
        "NPI": 1.4310496705988136,
        "n_cells": 1259
      },
      "1": {
        "A": 5.926618014696599,
        "P": 12.06030150753769,
        "NPI": 1.3974933980644861,
        "n_cells": 2347
      },
      "2": {
        "A": 4.901391379005581,
        "P": 14.271356783919598,
        "NPI": 1.818446969034598,
        "n_cells": 1941
      },
      "3": {
        "A": 6.921542385293302,
        "P": 14.371859296482413,
        "NPI": 1.5410139967289975,
        "n_cells": 2741
      },
      "4": {
        "A": 5.449357339461125,
        "P": 10.954773869346734,
        "NPI": 1.3238105609117463,
        "n_cells": 2158
      },
      "6": {
        "A": 7.850811848185653,
        "P": 19.39698492462312,
        "NPI": 1.9528640545585891,
        "n_cells": 3109
      },
      "8": {
        "A": 4.97967223049923,
        "P": 11.959798994974875,
        "NPI": 1.5118843437541023,
        "n_cells": 1972
      },
      "12": {
        "A": 7.865962980732811,
        "P": 15.477386934673369,
        "NPI": 1.5567424172569233,
        "n_cells": 3115
      },
      "14": {
        "A": 5.454407716976845,
        "P": 11.35678391959799,
        "NPI": 1.3717552517433884,
        "n_cells": 2160
      },
      "15": {
        "A": 8.219489406833162,
        "P": 17.98994974874372,
        "NPI": 1.7701195480829326,
        "n_cells": 3255
      },
      "16": {
        "A": 6.088230095199616,
        "P": 11.457286432160805,
        "NPI": 1.309879392759946,
        "n_cells": 2411
      },
      "26": {
        "A": 7.014974369334109,
        "P": 14.57286432160804,
        "NPI": 1.5521258972586716,
        "n_cells": 2778
      },
      "27": {
        "A": 2.143885255422843,
        "P": 7.236180904522613,
        "NPI": 1.3941314194071008,
        "n_cells": 849
      },
      "28": {
        "A": 4.5806924067574055,
        "P": 11.055276381909549,
        "NPI": 1.4571327100655713,
        "n_cells": 1814
      },
      "30": {
        "A": 8.027575061235828,
        "P": 13.969849246231156,
        "NPI": 1.3908958135637117,
        "n_cells": 3179
      },
      "31": {
        "A": 4.527663442842353,
        "P": 10.954773869346734,
        "NPI": 1.4523169860117056,
        "n_cells": 1793
      },
      "35": {
        "A": 5.025125628140704,
        "P": 11.859296482412061,
        "NPI": 1.4923838229445143,
        "n_cells": 1990
      },
      "39": {
        "A": 2.8509381076235454,
        "P": 8.241206030150755,
        "NPI": 1.3768668540051123,
        "n_cells": 1129
      }
    },
    "mean_npi_baseline": 1.505606283708384,
    "max_npi_baseline": 1.9528640545585891,
    "p90_npi_baseline": 1.7846177743684322,
    "n_catchments_baseline": 18,
    "worst_catchment_site": 6,
    "worst_catchment_npi": 1.9528640545585891,
    "min_mean_npi_threshold": 1.2,
    "min_max_npi_threshold": 1.45,
    "base_seed": 7931,
    "attempt": 0,
    "uncapacitated": true,
    "pair_id": "shape_niceness_med_11",
    "difficulty": "med",
    "tier_kwargs": {
      "min_mean_npi": 1.2,
      "min_max_npi": 1.45
    },
    "per_catchment_solidity": {
      "0": {
        "A": 3.1792126461452996,
        "A_hull": 3.300421706522563,
        "solidity": 0.9632746748278499
      },
      "1": {
        "A": 5.926618014696599,
        "A_hull": 6.150097219767178,
        "solidity": 0.9636624923013755
      },
      "2": {
        "A": 4.901391379005581,
        "A_hull": 6.533925910961846,
        "solidity": 0.7501449275362317
      },
      "3": {
        "A": 6.921542385293302,
        "A_hull": 7.9417186434686,
        "solidity": 0.8715421303656599
      },
      "4": {
        "A": 5.449357339461125,
        "A_hull": 5.777631877982879,
        "solidity": 0.9431818181818183
      },
      "6": {
        "A": 7.850811848185653,
        "A_hull": 10.744678164692813,
        "solidity": 0.7306698002350176
      },
      "8": {
        "A": 4.97967223049923,
        "A_hull": 4.895078407110932,
        "solidity": 1.0
      },
      "12": {
        "A": 7.865962980732811,
        "A_hull": 9.295219817681367,
        "solidity": 0.8462374354794898
      },
      "14": {
        "A": 5.454407716976845,
        "A_hull": 5.689250271457794,
        "solidity": 0.9587217043941408
      },
      "15": {
        "A": 8.219489406833162,
        "A_hull": 10.750991136587459,
        "solidity": 0.7645331767469175
      },
      "16": {
        "A": 6.088230095199616,
        "A_hull": 6.138733870356808,
        "solidity": 0.9917729329494037
      },
      "26": {
        "A": 7.014974369334109,
        "A_hull": 8.391202242367617,
        "solidity": 0.835991573879025
      },
      "27": {
        "A": 2.143885255422843,
        "A_hull": 2.0971692634024395,
        "solidity": 1.0
      },
      "28": {
        "A": 4.5806924067574055,
        "A_hull": 4.912754728415949,
        "solidity": 0.932408121305577
      },
      "30": {
        "A": 8.027575061235828,
        "A_hull": 8.588166965480667,
        "solidity": 0.9347250808585713
      },
      "31": {
        "A": 4.527663442842353,
        "A_hull": 4.518825282189845,
        "solidity": 1.0
      },
      "35": {
        "A": 5.025125628140704,
        "A_hull": 5.489760359586877,
        "solidity": 0.9153633854645818
      },
      "39": {
        "A": 2.8509381076235454,
        "A_hull": 2.8357869750763864,
        "solidity": 1.0
      }
    },
    "globally_clustered_sites": [],
    "clustered_sites_radius": 1.35,
    "clustered_sites_min_sites": 4,
    "vague_text": "Some of these service regions look weird on the map \u2014 too elongated, oddly twisted, or with strange thin tails. Make them more compact and reasonable in shape.",
    "precise_text": "The catchment around polling place 6 is bowtied / stretched. Make it visually compact, but be mindful about causing this issue elsewhere.",
    "vague_template_idx": 0,
    "precise_template_idx": 4
  },
  "proposal": {
    "force_close": [
      31
    ],
    "force_open": [
      36
    ],
    "rationale": "The first southeast site swap did not improve shape. The remaining visibly awkward shape is the long eastward reach of site 31 into precinct 66 while site 32 covers the far southeast edge. Candidate site 36 at (6.82,0.76) sits almost on top of site 31 but farther west, which should pull the southern-central catchment back from the east and shorten the thin bottom-right wedge without disturbing the rest of the map much. This is a materially different compactness fix focused on reducing the elongated south-side service regions."
  },
  "score": {
    "query_id": "shape_niceness_shape_niceness_med_11_vague",
    "archetype": "shape_niceness",
    "target_direction": "minimize",
    "target_baseline": 1.505606283708384,
    "target_response": 1.505606283708384,
    "raw_improvement": 0.0,