{
  "pair_id": "shape_niceness_med_15",
  "modality": "multimodal",
  "query_type": "vague",
  "run_config": {
    "model": "gpt-5.4",
    "temperature": null,
    "seed": null,
    "enable_visual": true,
    "query_type": "vague",
    "max_iters": 25,
    "guard_config": [
      {
        "name": "total_weighted_distance",
        "bound_kind": "max_pct_increase",
        "max_pct_increase": 0.05
      },
      {
        "name": "p90_voter_distance",
        "bound_kind": "max_abs_increase",
        "max_abs_increase": 0.0
      }
    ]
  },
  "status": "completed",
  "result_schema_version": 1,
  "termination_reason": "explicit_submit",
  "baseline_digest": "0bc6faf864848ac06806fdd400bfccb2814a04cf711046aeeaaf5ca73be6ed1f",
  "guard_config": [
    {
      "name": "total_weighted_distance",
      "bound_kind": "max_pct_increase",
      "max_pct_increase": 0.05
    },
    {
      "name": "p90_voter_distance",
      "bound_kind": "max_abs_increase",
      "max_abs_increase": 0.0
    }
  ],
  "metadata": {
    "archetype": "shape_niceness",
    "per_catchment_npi": {
      "2": {
        "A": 4.2978712658771245,
        "P": 13.969849246231156,
        "NPI": 1.9009035687708047,
        "n_cells": 1702
      },
      "3": {
        "A": 6.545289260372214,
        "P": 15.075376884422113,
        "NPI": 1.6622595016726363,
        "n_cells": 2592
      },
      "4": {
        "A": 3.5680917148556857,
        "P": 10.050251256281408,
        "NPI": 1.50090768994238,
        "n_cells": 1413
      },
      "5": {
        "A": 6.391252746142775,
        "P": 13.969849246231156,
        "NPI": 1.558812182772645,
        "n_cells": 2531
      },
      "6": {
        "A": 6.6008434130451255,
        "P": 12.663316582914574,
        "NPI": 1.3904097904049597,
        "n_cells": 2614
      },
      "7": {
        "A": 4.176662205499862,
        "P": 10.452261306532664,
        "NPI": 1.442748562756128,
        "n_cells": 1654
      },
      "8": {
        "A": 2.3433751672937553,
        "P": 9.447236180904524,
        "NPI": 1.740920459298305,
        "n_cells": 928
      },
      "9": {
        "A": 5.2170399737380375,
        "P": 11.758793969849247,
        "NPI": 1.4522646520314852,
        "n_cells": 2066
      },
      "14": {
        "A": 6.335698593469862,
        "P": 13.869346733668342,
        "NPI": 1.5543679019219847,
        "n_cells": 2509
      },
      "21": {
        "A": 8.022524683720109,
        "P": 14.673366834170855,
        "NPI": 1.4614007033338436,
        "n_cells": 3177
      },
      "22": {
        "A": 5.618544986237722,
        "P": 13.467336683417086,
        "NPI": 1.6027465634525446,
        "n_cells": 2225
      },
      "23": {
        "A": 3.234766798818212,
        "P": 9.748743718592966,
        "NPI": 1.5290519221794774,
        "n_cells": 1281
      },
      "27": {
        "A": 6.009949243705968,
        "P": 12.763819095477388,
        "NPI": 1.4687243871191893,
        "n_cells": 2380
      },
      "28": {
        "A": 5.027650816898563,
        "P": 12.763819095477388,
        "NPI": 1.605806289502725,
        "n_cells": 1991
      },
      "30": {
        "A": 8.093229968940179,
        "P": 15.276381909547741,
        "NPI": 1.514797691747532,
        "n_cells": 3205
      },
      "32": {
        "A": 6.651347188202319,
        "P": 12.56281407035176,
        "NPI": 1.3741280070135282,
        "n_cells": 2634
      },
      "37": {
        "A": 3.406479634352668,
        "P": 10.653266331658292,
        "NPI": 1.6282644990431938,
        "n_cells": 1349
      },
      "38": {
        "A": 9.46693265321583,
        "P": 16.48241206030151,
        "NPI": 1.5111625821332726,
        "n_cells": 3749
      }
    },
    "mean_npi_baseline": 1.5499820530609243,
    "max_npi_baseline": 1.9009035687708047,
    "p90_npi_baseline": 1.685857788960337,
    "n_catchments_baseline": 18,
    "worst_catchment_site": 2,
    "worst_catchment_npi": 1.9009035687708047,
    "min_mean_npi_threshold": 1.2,
    "min_max_npi_threshold": 1.45,
    "base_seed": 7935,
    "attempt": 0,
    "uncapacitated": true,
    "pair_id": "shape_niceness_med_15",
    "difficulty": "med",
    "tier_kwargs": {
      "min_mean_npi": 1.2,
      "min_max_npi": 1.45
    },
    "per_catchment_solidity": {
      "2": {
        "A": 4.2978712658771245,
        "A_hull": 5.9644958460644935,
        "solidity": 0.720575783234547
      },
      "3": {
        "A": 6.545289260372214,
        "A_hull": 7.165223100426756,
        "solidity": 0.913480176211454
      },
      "4": {
        "A": 3.5680917148556857,
        "A_hull": 3.820610590641651,
        "solidity": 0.9339061467283541
      },
      "5": {
        "A": 6.391252746142775,
        "A_hull": 7.386177116739476,
        "solidity": 0.8652991452991454
      },
      "6": {
        "A": 6.6008434130451255,
        "A_hull": 6.633670866897303,
        "solidity": 0.9950513894175863
      },
      "7": {
        "A": 4.176662205499862,
        "A_hull": 4.434231458801547,
        "solidity": 0.9419134396355352
      },
      "8": {
        "A": 2.3433751672937553,
        "A_hull": 2.781495416782405,
        "solidity": 0.8424875170222422
      },
      "9": {
        "A": 5.2170399737380375,
        "A_hull": 5.658948006363477,
        "solidity": 0.9219098616688977
      },
      "14": {
        "A": 6.335698593469862,
        "A_hull": 6.77381884295851,
        "solidity": 0.935321528424977
      },
      "21": {
        "A": 8.022524683720109,
        "A_hull": 8.73967829095225,
        "solidity": 0.9179427911008378
      },
      "22": {
        "A": 5.618544986237722,
        "A_hull": 6.360950481048459,
        "solidity": 0.8832870186581977
      },
      "23": {
        "A": 3.234766798818212,
        "A_hull": 3.534001666624581,
        "solidity": 0.9153269024651661
      },
      "27": {
        "A": 6.009949243705968,
        "A_hull": 6.384939774248125,
        "solidity": 0.9412695273877795
      },
      "28": {
        "A": 5.027650816898563,
        "A_hull": 5.4973359258604555,
        "solidity": 0.914561322921452
      },
      "30": {
        "A": 8.093229968940179,
        "A_hull": 9.84697356127371,
        "solidity": 0.8219002436209767
      },
      "32": {
        "A": 6.651347188202319,
        "A_hull": 6.78896997550567,
        "solidity": 0.9797284731262786
      },
      "37": {
        "A": 3.406479634352668,
        "A_hull": 4.210752253730967,
        "solidity": 0.8089955022488755
      },
      "38": {
        "A": 9.46693265321583,
        "A_hull": 10.603267594252673,
        "solidity": 0.8928316265777566
      }
    },
    "globally_clustered_sites": [],
    "clustered_sites_radius": 1.35,
    "clustered_sites_min_sites": 4,
    "vague_text": "The shapes of the service regions on the map are ugly \u2014 long, thin, jagged. Tidy them up so each catchment is more rounded.",
    "precise_text": "The catchment around polling place 2 is bowtied / stretched. Make it visually compact, but be mindful about causing this issue elsewhere.",
    "vague_template_idx": 2,
    "precise_template_idx": 4
  },
  "proposal": null,
  "score": {
    "query_id": "shape_niceness_shape_niceness_med_15_vague",
    "archetype": "shape_niceness",
    "target_direction": "minimize",
    "target_baseline": 1.5499820530609243,
    "target_response": 1.5236053504861466,
    "raw_improvement": 0.026376702574777644,
    "fraction_improved": 0.017017424506747415,
    "guards": [
      {
        "name": "total_weighted_distance",
        "baseline": 49330.81531323184,
        "response": 49332.30812952924,
        "bound": 51797.356078893434,
        "violation": 0.0,
        "passed": true
      },
      {
        "name": "p90_voter_distance",
        "baseline": 1.4312506651585384,
        "response": 1.4312506651585384,
        "bound": 1.4312506651585384,
        "violation": 0.0,
        "passed": true
      }
    ],
    "all_guards_passed": true,
    "feasible": true,
    "valid": true,