{
  "pair_id": "shape_niceness_med_19",
  "modality": "multimodal",
  "query_type": "vague",
  "run_config": {
    "model": "gpt-5.4",
    "temperature": null,
    "seed": null,
    "enable_visual": true,
    "query_type": "vague",
    "max_iters": 25,
    "guard_config": [
      {
        "name": "total_weighted_distance",
        "bound_kind": "max_pct_increase",
        "max_pct_increase": 0.05
      },
      {
        "name": "p90_voter_distance",
        "bound_kind": "max_abs_increase",
        "max_abs_increase": 0.0
      }
    ]
  },
  "status": "completed",
  "result_schema_version": 1,
  "termination_reason": "explicit_submit",
  "baseline_digest": "fe597a28b957db666f83f3c9e83c293f27d48cc692860950fffc5c0bb8c91bfe",
  "guard_config": [
    {
      "name": "total_weighted_distance",
      "bound_kind": "max_pct_increase",
      "max_pct_increase": 0.05
    },
    {
      "name": "p90_voter_distance",
      "bound_kind": "max_abs_increase",
      "max_abs_increase": 0.0
    }
  ],
  "metadata": {
    "archetype": "shape_niceness",
    "per_catchment_npi": {
      "0": {
        "A": 4.467058912653721,
        "P": 15.979899497487438,
        "NPI": 2.1328399728287413,
        "n_cells": 1769
      },
      "3": {
        "A": 2.6413474407211943,
        "P": 12.56281407035176,
        "NPI": 2.1805659911370197,
        "n_cells": 1046
      },
      "4": {
        "A": 10.307820509583092,
        "P": 17.085427135678394,
        "NPI": 1.5011962982884652,
        "n_cells": 4082
      },
      "5": {
        "A": 5.0933057246029145,
        "P": 12.56281407035176,
        "NPI": 1.5702981807955083,
        "n_cells": 2017
      },
      "6": {
        "A": 8.479583848892705,
        "P": 16.78391959798995,
        "NPI": 1.6259275463188454,
        "n_cells": 3358
      },
      "7": {
        "A": 6.35337491477488,
        "P": 11.959798994974875,
        "NPI": 1.3384948565537822,
        "n_cells": 2516
      },
      "8": {
        "A": 3.277695007701826,
        "P": 12.261306532663317,
        "NPI": 1.9105022262529205,
        "n_cells": 1298
      },
      "17": {
        "A": 6.166510946693266,
        "P": 13.06532663316583,
        "NPI": 1.4842107955782153,
        "n_cells": 2442
      },
      "20": {
        "A": 6.828110401252494,
        "P": 14.170854271356784,
        "NPI": 1.5298217553891085,
        "n_cells": 2704
      },
      "24": {
        "A": 6.7548799272745645,
        "P": 16.080402010050253,
        "NPI": 1.7453525028962977,
        "n_cells": 2675
      },
      "26": {
        "A": 7.792732506754881,
        "P": 15.979899497487438,
        "NPI": 1.6148203996345722,
        "n_cells": 3086
      },
      "29": {
        "A": 4.98219741925709,
        "P": 11.859296482412061,
        "NPI": 1.4987994613197788,
        "n_cells": 1973
      },
      "30": {
        "A": 5.752379990404283,
        "P": 14.57286432160804,
        "NPI": 1.7140212662727907,
        "n_cells": 2278
      },
      "31": {
        "A": 6.439231332542108,
        "P": 12.864321608040202,
        "NPI": 1.4300951806024809,
        "n_cells": 2550
      },
      "34": {
        "A": 2.868614428928563,
        "P": 7.336683417085427,
        "NPI": 1.221964975334773,
        "n_cells": 1136
      },
      "35": {
        "A": 5.674099138910634,
        "P": 12.261306532663317,
        "NPI": 1.4520559746817794,
        "n_cells": 2247
      },
      "37": {
        "A": 5.257442993863792,
        "P": 13.768844221105528,
        "NPI": 1.6939682582712499,
        "n_cells": 2082
      },
      "39": {
        "A": 1.8711648695740009,
        "P": 7.839195979899499,
        "NPI": 1.6166297340726992,
        "n_cells": 741
      }
    },
    "mean_npi_baseline": 1.6256425209016128,
    "max_npi_baseline": 2.1805659911370197,
    "p90_npi_baseline": 1.9772035502256669,
    "n_catchments_baseline": 18,
    "worst_catchment_site": 3,
    "worst_catchment_npi": 2.1805659911370197,
    "min_mean_npi_threshold": 1.2,
    "min_max_npi_threshold": 1.45,
    "base_seed": 7939,
    "attempt": 0,
    "uncapacitated": true,
    "pair_id": "shape_niceness_med_19",
    "difficulty": "med",
    "tier_kwargs": {
      "min_mean_npi": 1.2,
      "min_max_npi": 1.45
    },
    "per_catchment_solidity": {
      "0": {
        "A": 4.467058912653721,
        "A_hull": 6.542764071614354,
        "solidity": 0.6827479737553068
      },
      "3": {
        "A": 2.6413474407211943,
        "A_hull": 4.028938663165072,
        "solidity": 0.6555938577248511
      },
      "4": {
        "A": 10.307820509583092,
        "A_hull": 11.30905785207444,
        "solidity": 0.9114658925979683
      },
      "5": {
        "A": 5.0933057246029145,
        "A_hull": 5.360975732936036,
        "solidity": 0.9500706547338674
      },
      "6": {
        "A": 8.479583848892705,
        "A_hull": 9.569202797909146,
        "solidity": 0.8861327351893389
      },
      "7": {
        "A": 6.35337491477488,
        "A_hull": 6.430393171889601,
        "solidity": 0.9880227763597093
      },
      "8": {
        "A": 3.277695007701826,
        "A_hull": 4.030201257544001,
        "solidity": 0.8132832080200502
      },
      "17": {
        "A": 6.166510946693266,
        "A_hull": 6.920279790914369,
        "solidity": 0.8910782703886154
      },
      "20": {
        "A": 6.828110401252494,
        "A_hull": 7.477083912022424,
        "solidity": 0.9132049983113812
      },
      "24": {
        "A": 6.7548799272745645,
        "A_hull": 8.418979318704073,
        "solidity": 0.8023395320935813
      },
      "26": {
        "A": 7.792732506754881,
        "A_hull": 8.845736218782351,
        "solidity": 0.8809591778475596
      },
      "29": {
        "A": 4.98219741925709,
        "A_hull": 5.42031766874574,
        "solidity": 0.9191707430701139
      },
      "30": {
        "A": 5.752379990404283,
        "A_hull": 7.261180273225424,
        "solidity": 0.7922100504260129
      },
      "31": {
        "A": 6.439231332542108,
        "A_hull": 6.506148834625391,
        "solidity": 0.989714729283912
      },
      "34": {
        "A": 2.868614428928563,
        "A_hull": 2.7385672078987904,
        "solidity": 1.0
      },
      "35": {
        "A": 5.674099138910634,
        "A_hull": 5.927880609075529,
        "solidity": 0.9571884984025559
      },
      "37": {
        "A": 5.257442993863792,
        "A_hull": 6.049089669452792,
        "solidity": 0.8691296180338135
      },
      "39": {
        "A": 1.8711648695740009,
        "A_hull": 1.9115678896997554,
        "solidity": 0.9788639365918097
      }
    },
    "globally_clustered_sites": [],
    "clustered_sites_radius": 1.35,
    "clustered_sites_min_sites": 4,
    "vague_text": "Several polling places have catchments that look bizarre \u2014 stringy or with awkward protrusions. Reshape so the service areas are visually compact.",
    "precise_text": "Polling place 3's catchment is unusually elongated \u2014 it has a long thin tail or protrusion that makes the service area look bad. Make it more compact, but be mindful about causing this issue elsewhere.",
    "vague_template_idx": 3,
    "precise_template_idx": 0
  },
  "proposal": null,
  "score": {
    "query_id": "shape_niceness_shape_niceness_med_19_vague",
    "archetype": "shape_niceness",
    "target_direction": "minimize",
    "target_baseline": 1.6256425209016128,
    "target_response": 1.6209398689786922,
    "raw_improvement": 0.00470265192292052,
    "fraction_improved": 0.0028927958406946308,
    "guards": [
      {
        "name": "total_weighted_distance",
        "baseline": 48107.99572800504,
        "response": 48288.84685495774,
        "bound": 50513.39551440529,
        "violation": 0.0,
        "passed": true
      },
      {
        "name": "p90_voter_distance",
        "baseline": 1.500511968749679,
        "response": 1.500511968749679,
        "bound": 1.500511968749679,
        "violation": 0.0,