{
  "pair_id": "shape_niceness_med_12",
  "modality": "multimodal",
  "query_type": "vague",
  "run_config": {
    "model": "gpt-5.4",
    "temperature": null,
    "seed": null,
    "enable_visual": true,
    "query_type": "vague",
    "max_iters": 25,
    "guard_config": [
      {
        "name": "total_weighted_distance",
        "bound_kind": "max_pct_increase",
        "max_pct_increase": 0.05
      },
      {
        "name": "p90_voter_distance",
        "bound_kind": "max_abs_increase",
        "max_abs_increase": 0.0
      }
    ]
  },
  "status": "completed",
  "result_schema_version": 1,
  "termination_reason": "explicit_submit",
  "baseline_digest": "29072b249f246624e1bc0cb9e8bf6fa5106bb27ffb7af1918934a9ad3b7c3890",
  "guard_config": [
    {
      "name": "total_weighted_distance",
      "bound_kind": "max_pct_increase",
      "max_pct_increase": 0.05
    },
    {
      "name": "p90_voter_distance",
      "bound_kind": "max_abs_increase",
      "max_abs_increase": 0.0
    }
  ],
  "metadata": {
    "archetype": "shape_niceness",
    "per_catchment_npi": {
      "0": {
        "A": 2.6615489507840713,
        "P": 8.944723618090453,
        "NPI": 1.546659682997912,
        "n_cells": 1054
      },
      "2": {
        "A": 4.105956920279791,
        "P": 9.246231155778895,
        "NPI": 1.2872195300285192,
        "n_cells": 1626
      },
      "5": {
        "A": 3.1943637786924577,
        "P": 9.145728643216081,
        "NPI": 1.4435146413366706,
        "n_cells": 1265
      },
      "6": {
        "A": 3.5478902047928087,
        "P": 9.246231155778895,
        "NPI": 1.3847606976634312,
        "n_cells": 1405
      },
      "7": {
        "A": 8.115956667760916,
        "P": 15.175879396984925,
        "NPI": 1.5027234884243652,
        "n_cells": 3214
      },
      "8": {
        "A": 7.65637231383046,
        "P": 16.582914572864322,
        "NPI": 1.690613798872243,
        "n_cells": 3032
      },
      "9": {
        "A": 6.441756521299968,
        "P": 13.366834170854272,
        "NPI": 1.4856669948948003,
        "n_cells": 2551
      },
      "15": {
        "A": 6.747304361000985,
        "P": 15.376884422110553,
        "NPI": 1.6699300029340256,
        "n_cells": 2672
      },
      "16": {
        "A": 7.227090224994319,
        "P": 14.170854271356784,
        "NPI": 1.4869944979871328,
        "n_cells": 2862
      },
      "18": {
        "A": 9.898739930809828,
        "P": 15.175879396984925,
        "NPI": 1.3606893243751577,
        "n_cells": 3920
      },
      "25": {
        "A": 3.868589177040984,
        "P": 9.246231155778895,
        "NPI": 1.3261220867409986,
        "n_cells": 1532
      },
      "27": {
        "A": 5.386227620514634,
        "P": 12.462311557788945,
        "NPI": 1.514786134188907,
        "n_cells": 2133
      },
      "30": {
        "A": 10.636095048104847,
        "P": 17.68844221105528,
        "NPI": 1.5300074665439458,
        "n_cells": 4212
      },
      "31": {
        "A": 3.5579909598242474,
        "P": 9.648241206030152,
        "NPI": 1.442915172566784,
        "n_cells": 1409
      },
      "33": {
        "A": 1.9393449660362114,
        "P": 6.834170854271358,
        "NPI": 1.3843737837249401,
        "n_cells": 768
      },
      "36": {
        "A": 6.217014721850459,
        "P": 12.160804020100503,
        "NPI": 1.375835178541433,
        "n_cells": 2462
      },
      "37": {
        "A": 2.9443700916643523,
        "P": 7.537688442211056,
        "NPI": 1.2391875796050944,
        "n_cells": 1166
      },
      "39": {
        "A": 6.86093785510467,
        "P": 12.763819095477388,
        "NPI": 1.3746241369718708,
        "n_cells": 2717
      }
    },
    "mean_npi_baseline": 1.4470346776887906,
    "max_npi_baseline": 1.690613798872243,
    "p90_npi_baseline": 1.583640778978746,
    "n_catchments_baseline": 18,
    "worst_catchment_site": 8,
    "worst_catchment_npi": 1.690613798872243,
    "min_mean_npi_threshold": 1.2,
    "min_max_npi_threshold": 1.45,
    "base_seed": 7932,
    "attempt": 0,
    "uncapacitated": true,
    "pair_id": "shape_niceness_med_12",
    "difficulty": "med",
    "tier_kwargs": {
      "min_mean_npi": 1.2,
      "min_max_npi": 1.45
    },
    "per_catchment_solidity": {
      "0": {
        "A": 2.6615489507840713,
        "A_hull": 2.903967071538599,
        "solidity": 0.9165217391304344
      },
      "2": {
        "A": 4.105956920279791,
        "A_hull": 4.084492815837985,
        "solidity": 1.0
      },
      "5": {
        "A": 3.1943637786924577,
        "A_hull": 3.1400722203984754,
        "solidity": 1.0
      },
      "6": {
        "A": 3.5478902047928087,
        "A_hull": 3.636271811317897,
        "solidity": 0.9756944444444443
      },
      "7": {
        "A": 8.115956667760916,
        "A_hull": 9.124769576525845,
        "solidity": 0.8894423688944239
      },
      "8": {
        "A": 7.65637231383046,
        "A_hull": 9.400015151132546,
        "solidity": 0.8145063801208866
      },
      "9": {
        "A": 6.441756521299968,
        "A_hull": 6.778869220474231,
        "solidity": 0.9502700689141368
      },
      "15": {
        "A": 6.747304361000985,
        "A_hull": 7.642483775662229,
        "solidity": 0.8828679993391709
      },
      "16": {
        "A": 7.227090224994319,
        "A_hull": 7.609656321810052,
        "solidity": 0.9497262319561977
      },
      "18": {
        "A": 9.898739930809828,
        "A_hull": 10.30277013206737,
        "solidity": 0.9607843137254904
      },
      "25": {
        "A": 3.868589177040984,
        "A_hull": 3.950657811671424,
        "solidity": 0.9792265899648447
      },
      "27": {
        "A": 5.386227620514634,
        "A_hull": 5.9506073078962665,
        "solidity": 0.9051559516231699
      },
      "30": {
        "A": 10.636095048104847,
        "A_hull": 11.509810358324286,
        "solidity": 0.9240895129442739
      },
      "31": {
        "A": 3.5579909598242474,
        "A_hull": 3.6956137471275983,
        "solidity": 0.9627605056371712
      },
      "33": {
        "A": 1.9393449660362114,
        "A_hull": 1.859801520163632,
        "solidity": 1.0
      },
      "36": {
        "A": 6.217014721850459,
        "A_hull": 6.3660008585641785,
        "solidity": 0.9765965886552955
      },
      "37": {
        "A": 2.9443700916643523,
        "A_hull": 2.869877023307492,
        "solidity": 1.0
      },
      "39": {
        "A": 6.86093785510467,
        "A_hull": 7.21951465872074,
        "solidity": 0.9503322840153899
      }
    },
    "globally_clustered_sites": [],
    "clustered_sites_radius": 1.35,
    "clustered_sites_min_sites": 4,
    "vague_text": "Several polling places have catchments that look bizarre \u2014 stringy or with awkward protrusions. Reshape so the service areas are visually compact.",
    "precise_text": "Polling place 8's service region has an ugly shape on the map \u2014 long and thin with awkward bumps. Tidy it up, but be mindful about causing this issue elsewhere.",
    "vague_template_idx": 3,
    "precise_template_idx": 3
  },
  "proposal": {
    "force_open": [
      11
    ],
    "force_close": [
      16
    ],
    "rationale": "Second attempt, materially different from the failed right-side swap: open site 11 at (5.453,8.698) and close site 16 at (6.672,7.304). This targets the upper-middle/upper-right awkward catchment shapes and should shorten the tall central-northeast reach while avoiding the south-central protrusion introduced previously."
  },
  "score": {
    "query_id": "shape_niceness_shape_niceness_med_12_vague",
    "archetype": "shape_niceness",
    "target_direction": "minimize",
    "target_baseline": 1.4470346776887906,
    "target_response": 1.4425362849360106,
    "raw_improvement": 0.004498392752779967,
    "fraction_improved": 0.003108697270451609,
    "guards": [
      {
        "name": "total_weighted_distance",
        "baseline": 47371.77199619672,