{
  "pair_id": "shape_niceness_med_01",
  "modality": "multimodal",
  "query_type": "vague",
  "run_config": {
    "model": "gpt-5.4",
    "temperature": null,
    "seed": null,
    "enable_visual": true,
    "query_type": "vague",
    "max_iters": 25,
    "guard_config": [
      {
        "name": "total_weighted_distance",
        "bound_kind": "max_pct_increase",
        "max_pct_increase": 0.05
      },
      {
        "name": "p90_voter_distance",
        "bound_kind": "max_abs_increase",
        "max_abs_increase": 0.0
      }
    ]
  },
  "status": "completed",
  "result_schema_version": 1,
  "termination_reason": "explicit_submit",
  "baseline_digest": "a17639a6f80e80394a56d9813ee5268777a423d3e62d0a98ac2ceee025b2365b",
  "guard_config": [
    {
      "name": "total_weighted_distance",
      "bound_kind": "max_pct_increase",
      "max_pct_increase": 0.05
    },
    {
      "name": "p90_voter_distance",
      "bound_kind": "max_abs_increase",
      "max_abs_increase": 0.0
    }
  ],
  "metadata": {
    "archetype": "shape_niceness",
    "per_catchment_npi": {
      "1": {
        "A": 5.148859877275827,
        "P": 10.452261306532664,
        "NPI": 1.2994207274991343,
        "n_cells": 2039
      },
      "2": {
        "A": 2.648923006994773,
        "P": 9.949748743718594,
        "NPI": 1.7245369902611989,
        "n_cells": 1049
      },
      "3": {
        "A": 6.312971894649126,
        "P": 13.5678391959799,
        "NPI": 1.5233118755789419,
        "n_cells": 2500
      },
      "4": {
        "A": 6.42408019999495,
        "P": 13.266331658291458,
        "NPI": 1.4765237647980847,
        "n_cells": 2544
      },
      "5": {
        "A": 2.464584227671019,
        "P": 7.839195979899499,
        "NPI": 1.4086229423778458,
        "n_cells": 976
      },
      "6": {
        "A": 5.979646978611652,
        "P": 13.768844221105528,
        "NPI": 1.5883813596421363,
        "n_cells": 2368
      },
      "8": {
        "A": 4.7221029771975465,
        "P": 11.859296482412061,
        "NPI": 1.5395233054879993,
        "n_cells": 1870
      },
      "11": {
        "A": 5.709451781520669,
        "P": 13.668341708542716,
        "NPI": 1.6136661573659847,
        "n_cells": 2261
      },
      "16": {
        "A": 7.338198530340144,
        "P": 13.969849246231156,
        "NPI": 1.4547623706446733,
        "n_cells": 2906
      },
      "18": {
        "A": 6.5604403929193715,
        "P": 14.07035175879397,
        "NPI": 1.5496496623125584,
        "n_cells": 2598
      },
      "19": {
        "A": 5.987222544885231,
        "P": 10.653266331658292,
        "NPI": 1.2281888544321853,
        "n_cells": 2371
      },
      "22": {
        "A": 5.078154592055757,
        "P": 13.768844221105528,
        "NPI": 1.7236123431877146,
        "n_cells": 2011
      },
      "24": {
        "A": 7.570515896063232,
        "P": 14.07035175879397,
        "NPI": 1.442571291486645,
        "n_cells": 2998
      },
      "25": {
        "A": 2.9140678265700366,
        "P": 8.040201005025127,
        "NPI": 1.328654755346514,
        "n_cells": 1154
      },
      "31": {
        "A": 6.896290497714705,
        "P": 15.477386934673369,
        "NPI": 1.6625891210406447,
        "n_cells": 2731
      },
      "33": {
        "A": 8.631095174364285,
        "P": 14.57286432160804,
        "NPI": 1.3992877646842434,
        "n_cells": 3418
      },
      "38": {
        "A": 6.4897351076993015,
        "P": 16.381909547738694,
        "NPI": 1.8140368558558984,
        "n_cells": 2570
      },
      "39": {
        "A": 4.131208807858388,
        "P": 9.648241206030152,
        "NPI": 1.3390742137920042,
        "n_cells": 1636
      }
    },
    "mean_npi_baseline": 1.5064674642108005,
    "max_npi_baseline": 1.8140368558558984,
    "p90_npi_baseline": 1.72388973730976,
    "n_catchments_baseline": 18,
    "worst_catchment_site": 38,
    "worst_catchment_npi": 1.8140368558558984,
    "min_mean_npi_threshold": 1.2,
    "min_max_npi_threshold": 1.45,
    "base_seed": 7921,
    "attempt": 0,
    "uncapacitated": true,
    "pair_id": "shape_niceness_med_01",
    "difficulty": "med",
    "tier_kwargs": {
      "min_mean_npi": 1.2,
      "min_max_npi": 1.45
    },
    "per_catchment_solidity": {
      "1": {
        "A": 5.148859877275827,
        "A_hull": 5.0099744955935455,
        "solidity": 1.0
      },
      "2": {
        "A": 2.648923006994773,
        "A_hull": 2.945632686043282,
        "solidity": 0.899271324474925
      },
      "3": {
        "A": 6.312971894649126,
        "A_hull": 7.165223100426756,
        "solidity": 0.8810572687224671
      },
      "4": {
        "A": 6.42408019999495,
        "A_hull": 7.0591651725966535,
        "solidity": 0.9100339831872651
      },
      "5": {
        "A": 2.464584227671019,
        "A_hull": 2.5706421555011247,
        "solidity": 0.9587426326129663
      },
      "6": {
        "A": 5.979646978611652,
        "A_hull": 7.110931542132775,
        "solidity": 0.8409090909090909
      },
      "8": {
        "A": 4.7221029771975465,
        "A_hull": 5.19936365243302,
        "solidity": 0.9082078678970376
      },
      "11": {
        "A": 5.709451781520669,
        "A_hull": 6.253629958839422,
        "solidity": 0.9129820310922675
      },
      "16": {
        "A": 7.338198530340144,
        "A_hull": 8.196762708012422,
        "solidity": 0.8952556993222431
      },
      "18": {
        "A": 6.5604403929193715,
        "A_hull": 7.2371909800257574,
        "solidity": 0.90648988136776
      },
      "19": {
        "A": 5.987222544885231,
        "A_hull": 5.91020428777051,
        "solidity": 1.0
      },
      "22": {
        "A": 5.078154592055757,
        "A_hull": 6.1766117017247035,
        "solidity": 0.8221586263287001
      },
      "24": {
        "A": 7.570515896063232,
        "A_hull": 8.347011439105072,
        "solidity": 0.9069732264407807
      },
      "25": {
        "A": 2.9140678265700366,
        "A_hull": 2.8458877301078243,
        "solidity": 1.0
      },
      "31": {
        "A": 6.896290497714705,
        "A_hull": 8.186661952980987,
        "solidity": 0.8423812461443552
      },
      "33": {
        "A": 8.631095174364285,
        "A_hull": 8.835635463750911,
        "solidity": 0.9768505287224927
      },
      "38": {
        "A": 6.4897351076993015,
        "A_hull": 8.0010605792783,
        "solidity": 0.8111093577402558
      },
      "39": {
        "A": 4.131208807858388,
        "A_hull": 4.11353248655337,
        "solidity": 1.0
      }
    },
    "globally_clustered_sites": [],
    "clustered_sites_radius": 1.35,
    "clustered_sites_min_sites": 4,
    "vague_text": "Looking at the colored catchments, several are visibly bowtied or stretched out. Service areas should look more like compact blobs. Improve the shape.",
    "precise_text": "The catchment around polling place 38 is bowtied / stretched. Make it visually compact, but be mindful about causing this issue elsewhere.",
    "vague_template_idx": 1,
    "precise_template_idx": 4
  },
  "proposal": null,
  "score": {
    "query_id": "shape_niceness_shape_niceness_med_01_vague",
    "archetype": "shape_niceness",
    "target_direction": "minimize",
    "target_baseline": 1.5064674642108005,
    "target_response": 1.496749260774668,
    "raw_improvement": 0.0097182034361325,
    "fraction_improved": 0.006450987935025611,
    "guards": [
      {
        "name": "total_weighted_distance",
        "baseline": 47078.96191982395,
        "response": 47519.12539132275,
        "bound": 49432.91001581515,
        "violation": 0.0,
        "passed": true
      },
      {
        "name": "p90_voter_distance",
        "baseline": 1.6623970723703534,
        "response": 1.6623970723703534,
        "bound": 1.6623970723703534,
        "violation": 0.0,
        "passed": true
      }
    ],
    "all_guards_passed": true,
    "feasible": true,
    "valid": true,