{
  "pair_id": "shape_niceness_med_18",
  "modality": "multimodal",
  "query_type": "vague",
  "run_config": {
    "model": "gpt-5.4",
    "temperature": null,
    "seed": null,
    "enable_visual": true,
    "query_type": "vague",
    "max_iters": 25,
    "guard_config": [
      {
        "name": "total_weighted_distance",
        "bound_kind": "max_pct_increase",
        "max_pct_increase": 0.05
      },
      {
        "name": "p90_voter_distance",
        "bound_kind": "max_abs_increase",
        "max_abs_increase": 0.0
      }
    ]
  },
  "status": "completed",
  "result_schema_version": 1,
  "termination_reason": "explicit_submit",
  "baseline_digest": "f8c7030975e59adb0373da6b0f957d3ad24309df244dfab6f563cd96afdecc0f",
  "guard_config": [
    {
      "name": "total_weighted_distance",
      "bound_kind": "max_pct_increase",
      "max_pct_increase": 0.05
    },
    {
      "name": "p90_voter_distance",
      "bound_kind": "max_abs_increase",
      "max_abs_increase": 0.0
    }
  ],
  "metadata": {
    "archetype": "shape_niceness",
    "per_catchment_npi": {
      "0": {
        "A": 5.8533875407186695,
        "P": 15.477386934673369,
        "NPI": 1.8046337228045786,
        "n_cells": 2318
      },
      "1": {
        "A": 4.929168455342038,
        "P": 11.658291457286433,
        "NPI": 1.4813004208215046,
        "n_cells": 1952
      },
      "3": {
        "A": 2.065604403929194,
        "P": 8.241206030150755,
        "NPI": 1.6175669475191337,
        "n_cells": 818
      },
      "4": {
        "A": 5.060478270750739,
        "P": 13.467336683417086,
        "NPI": 1.688810822493074,
        "n_cells": 2004
      },
      "8": {
        "A": 8.44675639504053,
        "P": 19.39698492462312,
        "NPI": 1.8827138246236481,
        "n_cells": 3345
      },
      "11": {
        "A": 7.472033534506705,
        "P": 13.06532663316583,
        "NPI": 1.3483291797833004,
        "n_cells": 2959
      },
      "15": {
        "A": 4.40645438246509,
        "P": 12.160804020100503,
        "NPI": 1.6342282676315465,
        "n_cells": 1745
      },
      "16": {
        "A": 4.787757884901897,
        "P": 13.5678391959799,
        "NPI": 1.7492007933491704,
        "n_cells": 1896
      },
      "17": {
        "A": 4.151410317921265,
        "P": 9.246231155778895,
        "NPI": 1.2801533127133071,
        "n_cells": 1644
      },
      "18": {
        "A": 8.143733744097371,
        "P": 17.98994974874372,
        "NPI": 1.778333604023272,
        "n_cells": 3225
      },
      "22": {
        "A": 6.434180955026389,
        "P": 13.165829145728644,
        "NPI": 1.4641873401422987,
        "n_cells": 2548
      },
      "26": {
        "A": 3.025176131915861,
        "P": 10.753768844221106,
        "NPI": 1.744136345516438,
        "n_cells": 1198
      },
      "30": {
        "A": 8.598267720512109,
        "P": 16.48241206030151,
        "NPI": 1.58566103252656,
        "n_cells": 3405
      },
      "31": {
        "A": 6.603368601802986,
        "P": 12.160804020100503,
        "NPI": 1.3349794712892122,
        "n_cells": 2615
      },
      "32": {
        "A": 5.982172167369511,
        "P": 12.06030150753769,
        "NPI": 1.3909892682491753,
        "n_cells": 2369
      },
      "33": {
        "A": 3.530213883487791,
        "P": 10.753768844221106,
        "NPI": 1.614563966020141,
        "n_cells": 1398
      },
      "37": {
        "A": 4.62362061564102,
        "P": 11.055276381909549,
        "NPI": 1.4503525292892265,
        "n_cells": 1831
      },
      "39": {
        "A": 6.893765308956845,
        "P": 13.869346733668344,
        "NPI": 1.4901254307757885,
        "n_cells": 2730
      }
    },
    "mean_npi_baseline": 1.5744592377539655,
    "max_npi_baseline": 1.8827138246236481,
    "p90_npi_baseline": 1.786223639657664,
    "n_catchments_baseline": 18,
    "worst_catchment_site": 8,
    "worst_catchment_npi": 1.8827138246236481,
    "min_mean_npi_threshold": 1.2,
    "min_max_npi_threshold": 1.45,
    "base_seed": 7938,
    "attempt": 0,
    "uncapacitated": true,
    "pair_id": "shape_niceness_med_18",
    "difficulty": "med",
    "tier_kwargs": {
      "min_mean_npi": 1.2,
      "min_max_npi": 1.45
    },
    "per_catchment_solidity": {
      "0": {
        "A": 5.8533875407186695,
        "A_hull": 7.176586449837124,
        "solidity": 0.8156228008444759
      },
      "1": {
        "A": 4.929168455342038,
        "A_hull": 5.275119315168809,
        "solidity": 0.9344183820009575
      },
      "3": {
        "A": 2.065604403929194,
        "A_hull": 2.222166106916492,
        "solidity": 0.9295454545454547
      },
      "4": {
        "A": 5.060478270750739,
        "A_hull": 6.20691396681902,
        "solidity": 0.8152969894222947
      },
      "8": {
        "A": 8.44675639504053,
        "A_hull": 11.369662382263074,
        "solidity": 0.7429205996668519
      },
      "11": {
        "A": 7.472033534506705,
        "A_hull": 7.772530996692001,
        "solidity": 0.9613385315139705
      },
      "15": {
        "A": 4.40645438246509,
        "A_hull": 4.960733314815281,
        "solidity": 0.8882667345380508
      },
      "16": {
        "A": 4.787757884901897,
        "A_hull": 6.151359814146106,
        "solidity": 0.7783251231527095
      },
      "17": {
        "A": 4.151410317921265,
        "A_hull": 4.018837908133633,
        "solidity": 1.0
      },
      "18": {
        "A": 8.143733744097371,
        "A_hull": 11.28380596449585,
        "solidity": 0.721718697549513
      },
      "22": {
        "A": 6.434180955026389,
        "A_hull": 6.5667533648140175,
        "solidity": 0.9798115746971741
      },
      "26": {
        "A": 3.025176131915861,
        "A_hull": 3.489810863362036,
        "solidity": 0.8668596237337194
      },
      "30": {
        "A": 8.598267720512109,
        "A_hull": 10.03762531249211,
        "solidity": 0.8566037735849055
      },
      "31": {
        "A": 6.603368601802986,
        "A_hull": 6.982146915481932,
        "solidity": 0.9457504520795662
      },
      "32": {
        "A": 5.982172167369511,
        "A_hull": 6.108431605262494,
        "solidity": 0.9793303017775941
      },
      "33": {
        "A": 3.530213883487791,
        "A_hull": 4.118582864069089,
        "solidity": 0.8571428571428573
      },
      "37": {
        "A": 4.62362061564102,
        "A_hull": 4.661498447008914,
        "solidity": 0.9918743228602385
      },
      "39": {
        "A": 6.893765308956845,
        "A_hull": 7.209413903689301,
        "solidity": 0.9562171628721542
      }
    },
    "globally_clustered_sites": [],
    "clustered_sites_radius": 1.35,
    "clustered_sites_min_sites": 4,
    "vague_text": "Looking at the colored catchments, several are visibly bowtied or stretched out. Service areas should look more like compact blobs. Improve the shape.",
    "precise_text": "Polling place 8's service region has an ugly shape on the map \u2014 long and thin with awkward bumps. Tidy it up, but be mindful about causing this issue elsewhere.",
    "vague_template_idx": 1,
    "precise_template_idx": 3
  },
  "proposal": null,
  "score": {
    "query_id": "shape_niceness_shape_niceness_med_18_vague",
    "archetype": "shape_niceness",
    "target_direction": "minimize",
    "target_baseline": 1.5744592377539655,
    "target_response": 1.5611540662788892,
    "raw_improvement": 0.01330517147507626,
    "fraction_improved": 0.008450629369139252,
    "guards": [
      {
        "name": "total_weighted_distance",
        "baseline": 46580.91799302492,
        "response": 46633.55671752326,
        "bound": 48909.96389267617,
        "violation": 0.0,
        "passed": true
      },
      {
        "name": "p90_voter_distance",
        "baseline": 1.611934261679953,
        "response": 1.611934261679953,
        "bound": 1.611934261679953,
        "violation": 0.0,
        "passed": true
      }
    ],
    "all_guards_passed": true,