{
  "pair_id": "shape_niceness_med_02",
  "modality": "multimodal",
  "query_type": "vague",
  "run_config": {
    "model": "gpt-5.4",
    "temperature": null,
    "seed": null,
    "enable_visual": true,
    "query_type": "vague",
    "max_iters": 25,
    "guard_config": [
      {
        "name": "total_weighted_distance",
        "bound_kind": "max_pct_increase",
        "max_pct_increase": 0.05
      },
      {
        "name": "p90_voter_distance",
        "bound_kind": "max_abs_increase",
        "max_abs_increase": 0.0
      }
    ]
  },
  "status": "completed",
  "result_schema_version": 1,
  "termination_reason": "explicit_submit",
  "baseline_digest": "495435892f342e7bd7f0b02a776ef5ce746c33e93beabfaed8fa2bfda3484a54",
  "guard_config": [
    {
      "name": "total_weighted_distance",
      "bound_kind": "max_pct_increase",
      "max_pct_increase": 0.05
    },
    {
      "name": "p90_voter_distance",
      "bound_kind": "max_abs_increase",
      "max_abs_increase": 0.0
    }
  ],
  "metadata": {
    "archetype": "shape_niceness",
    "per_catchment_npi": {
      "0": {
        "A": 5.386227620514634,
        "P": 12.462311557788945,
        "NPI": 1.514786134188907,
        "n_cells": 2133
      },
      "1": {
        "A": 5.080679780813616,
        "P": 12.160804020100503,
        "NPI": 1.521936195479226,
        "n_cells": 2012
      },
      "2": {
        "A": 2.4494330951238608,
        "P": 8.040201005025127,
        "NPI": 1.449202863566499,
        "n_cells": 970
      },
      "4": {
        "A": 5.833186030655792,
        "P": 13.366834170854272,
        "NPI": 1.5612437567009498,
        "n_cells": 2310
      },
      "5": {
        "A": 6.333173404712003,
        "P": 14.371859296482413,
        "NPI": 1.6110066570910007,
        "n_cells": 2508
      },
      "6": {
        "A": 1.9620716648569483,
        "P": 7.336683417085428,
        "NPI": 1.4775337653117508,
        "n_cells": 777
      },
      "7": {
        "A": 4.1741370167420015,
        "P": 10.35175879396985,
        "NPI": 1.4293081219652857,
        "n_cells": 1653
      },
      "11": {
        "A": 6.451857276331406,
        "P": 14.773869346733669,
        "NPI": 1.6407671265060466,
        "n_cells": 2555
      },
      "16": {
        "A": 5.871063862023687,
        "P": 11.859296482412061,
        "NPI": 1.3806881337494732,
        "n_cells": 2325
      },
      "19": {
        "A": 8.94169339158102,
        "P": 15.577889447236181,
        "NPI": 1.469581913773215,
        "n_cells": 3541
      },
      "20": {
        "A": 6.509936617762178,
        "P": 14.673366834170857,
        "NPI": 1.622319778553009,
        "n_cells": 2578
      },
      "22": {
        "A": 11.386076109189164,
        "P": 15.678391959798997,
        "NPI": 1.3107188473080575,
        "n_cells": 4509
      },
      "27": {
        "A": 5.403903941819651,
        "P": 12.261306532663317,
        "NPI": 1.4879146081981671,
        "n_cells": 2140
      },
      "32": {
        "A": 5.717027347794248,
        "P": 12.261306532663317,
        "NPI": 1.446594078664557,
        "n_cells": 2264
      },
      "33": {
        "A": 3.502436807151335,
        "P": 8.84422110552764,
        "NPI": 1.3331208021994359,
        "n_cells": 1387
      },
      "34": {
        "A": 8.259892426958917,
        "P": 15.175879396984925,
        "NPI": 1.4895728188917075,
        "n_cells": 3271
      },
      "36": {
        "A": 4.4746344789273005,
        "P": 11.658291457286433,
        "NPI": 1.5547164513403509,
        "n_cells": 1772
      },
      "37": {
        "A": 3.270119441428247,
        "P": 9.045226130653267,
        "NPI": 1.4110184383179163,
        "n_cells": 1295
      }
    },
    "mean_npi_baseline": 1.4840016939891973,
    "max_npi_baseline": 1.6407671265060466,
    "p90_npi_baseline": 1.614400593529603,
    "n_catchments_baseline": 18,
    "worst_catchment_site": 11,
    "worst_catchment_npi": 1.6407671265060466,
    "min_mean_npi_threshold": 1.2,
    "min_max_npi_threshold": 1.45,
    "base_seed": 7922,
    "attempt": 0,
    "uncapacitated": true,
    "pair_id": "shape_niceness_med_02",
    "difficulty": "med",
    "tier_kwargs": {
      "min_mean_npi": 1.2,
      "min_max_npi": 1.45
    },
    "per_catchment_solidity": {
      "0": {
        "A": 5.386227620514634,
        "A_hull": 5.6677861670159855,
        "solidity": 0.9503230118066384
      },
      "1": {
        "A": 5.080679780813616,
        "A_hull": 5.541526729123004,
        "solidity": 0.9168375484164956
      },
      "2": {
        "A": 2.4494330951238608,
        "A_hull": 2.5857932880482823,
        "solidity": 0.9472656249999998
      },
      "4": {
        "A": 5.833186030655792,
        "A_hull": 6.57054114795081,
        "solidity": 0.8877786318216756
      },
      "5": {
        "A": 6.333173404712003,
        "A_hull": 7.2813817832883005,
        "solidity": 0.8697763135078899
      },
      "6": {
        "A": 1.9620716648569483,
        "A_hull": 1.9216686447311944,
        "solidity": 1.0
      },
      "7": {
        "A": 4.1741370167420015,
        "A_hull": 4.395091033054721,
        "solidity": 0.9497270899166906
      },
      "11": {
        "A": 6.451857276331406,
        "A_hull": 7.421529759349512,
        "solidity": 0.8693433140523987
      },
      "16": {
        "A": 5.871063862023687,
        "A_hull": 6.1715613242089855,
        "solidity": 0.9513093289689033
      },
      "19": {
        "A": 8.94169339158102,
        "A_hull": 9.45178152066867,
        "solidity": 0.9460325941757949
      },
      "20": {
        "A": 6.509936617762178,
        "A_hull": 8.543976162218126,
        "solidity": 0.7619329097088814
      },
      "22": {
        "A": 11.386076109189164,
        "A_hull": 11.561576727860407,
        "solidity": 0.9848203560117944
      },
      "27": {
        "A": 5.403903941819651,
        "A_hull": 5.701876215247089,
        "solidity": 0.9477413640389727
      },
      "32": {
        "A": 5.717027347794248,
        "A_hull": 6.338223782227724,
        "solidity": 0.9019920318725098
      },
      "33": {
        "A": 3.502436807151335,
        "A_hull": 3.3736521805004926,
        "solidity": 1.0
      },
      "34": {
        "A": 8.259892426958917,
        "A_hull": 8.484634226408424,
        "solidity": 0.973511904761905
      },
      "36": {
        "A": 4.4746344789273005,
        "A_hull": 5.112244640286858,
        "solidity": 0.8752778463818235
      },
      "37": {
        "A": 3.270119441428247,
        "A_hull": 3.190575995555669,
        "solidity": 1.0
      }
    },
    "globally_clustered_sites": [],
    "clustered_sites_radius": 1.35,
    "clustered_sites_min_sites": 4,
    "vague_text": "The shapes of the service regions on the map are ugly \u2014 long, thin, jagged. Tidy them up so each catchment is more rounded.",
    "precise_text": "The catchment of polling place 11 has a weird shape \u2014 stretched and jagged rather than a nice compact region. Reshape it, but be mindful about causing this issue elsewhere.",
    "vague_template_idx": 2,
    "precise_template_idx": 1
  },
  "proposal": null,
  "score": {
    "query_id": "shape_niceness_shape_niceness_med_02_vague",
    "archetype": "shape_niceness",
    "target_direction": "minimize",
    "target_baseline": 1.4840016939891973,
    "target_response": 1.4811882460964585,
    "raw_improvement": 0.0028134478927388518,
    "fraction_improved": 0.0018958522110415676,
    "guards": [
      {
        "name": "total_weighted_distance",
        "baseline": 42724.073651920524,
        "response": 42745.19967332518,
        "bound": 44860.277334516555,
        "violation": 0.0,
        "passed": true
      },
      {
        "name": "p90_voter_distance",
        "baseline": 1.3302032540045796,
        "response": 1.3302032540045796,
        "bound": 1.3302032540045796,
        "violation": 0.0,
        "passed": true
      }
    ],
    "all_guards_passed": true,
    "feasible": true,