{
  "pair_id": "shape_niceness_med_28",
  "modality": "multimodal",
  "query_type": "vague",
  "run_config": {
    "model": "gpt-5.4",
    "temperature": null,
    "seed": null,
    "enable_visual": true,
    "query_type": "vague",
    "max_iters": 25,
    "guard_config": [
      {
        "name": "total_weighted_distance",
        "bound_kind": "max_pct_increase",
        "max_pct_increase": 0.05
      },
      {
        "name": "p90_voter_distance",
        "bound_kind": "max_abs_increase",
        "max_abs_increase": 0.0
      }
    ]
  },
  "status": "completed",
  "result_schema_version": 1,
  "termination_reason": "explicit_submit",
  "baseline_digest": "0f65a5a0006d86f408c37e792d4c54d79700ea7caba829beb7c6da6f5703493c",
  "guard_config": [
    {
      "name": "total_weighted_distance",
      "bound_kind": "max_pct_increase",
      "max_pct_increase": 0.05
    },
    {
      "name": "p90_voter_distance",
      "bound_kind": "max_abs_increase",
      "max_abs_increase": 0.0
    }
  ],
  "metadata": {
    "archetype": "shape_niceness",
    "per_catchment_npi": {
      "0": {
        "A": 4.648872503219616,
        "P": 12.864321608040202,
        "NPI": 1.6830930980054628,
        "n_cells": 1841
      },
      "1": {
        "A": 6.174086512966845,
        "P": 12.964824120603016,
        "NPI": 1.471889957652204,
        "n_cells": 2445
      },
      "2": {
        "A": 3.4569834095098613,
        "P": 11.658291457286433,
        "NPI": 1.7688105862578305,
        "n_cells": 1369
      },
      "5": {
        "A": 6.169036135451126,
        "P": 12.56281407035176,
        "NPI": 1.4268336503991883,
        "n_cells": 2443
      },
      "6": {
        "A": 7.270018433877933,
        "P": 13.366834170854272,
        "NPI": 1.3984787518154465,
        "n_cells": 2879
      },
      "8": {
        "A": 3.944344839776774,
        "P": 13.467336683417086,
        "NPI": 1.9128871389468758,
        "n_cells": 1562
      },
      "14": {
        "A": 6.676599075780915,
        "P": 15.477386934673369,
        "NPI": 1.689721223810665,
        "n_cells": 2644
      },
      "17": {
        "A": 6.578116714224389,
        "P": 13.869346733668342,
        "NPI": 1.5254581102905111,
        "n_cells": 2605
      },
      "19": {
        "A": 6.810434079947477,
        "P": 13.869346733668342,
        "NPI": 1.4992141647493151,
        "n_cells": 2697
      },
      "21": {
        "A": 5.913992070907301,
        "P": 14.170854271356784,
        "NPI": 1.6438066420213537,
        "n_cells": 2342
      },
      "22": {
        "A": 7.429105325623091,
        "P": 15.175879396984925,
        "NPI": 1.570654550007009,
        "n_cells": 2942
      },
      "23": {
        "A": 7.014974369334109,
        "P": 13.467336683417086,
        "NPI": 1.4343784153976689,
        "n_cells": 2778
      },
      "25": {
        "A": 8.876038483876671,
        "P": 15.979899497487438,
        "NPI": 1.51307175174247,
        "n_cells": 3515
      },
      "31": {
        "A": 3.9695967273553703,
        "P": 9.648241206030152,
        "NPI": 1.3660607895819337,
        "n_cells": 1572
      },
      "32": {
        "A": 4.550390141663089,
        "P": 10.050251256281408,
        "NPI": 1.3290694344195388,
        "n_cells": 1802
      },
      "34": {
        "A": 3.4973864296356156,
        "P": 8.442211055276383,
        "NPI": 1.27344286082755,
        "n_cells": 1385
      },
      "35": {
        "A": 4.777657129870458,
        "P": 12.56281407035176,
        "NPI": 1.621341543098565,
        "n_cells": 1892
      },
      "38": {
        "A": 3.24991793136537,
        "P": 9.045226130653267,
        "NPI": 1.4153970941131178,
        "n_cells": 1287
      }
    },
    "mean_npi_baseline": 1.5302005423964837,
    "max_npi_baseline": 1.9128871389468758,
    "p90_npi_baseline": 1.7134480325448147,
    "n_catchments_baseline": 18,
    "worst_catchment_site": 8,
    "worst_catchment_npi": 1.9128871389468758,
    "min_mean_npi_threshold": 1.2,
    "min_max_npi_threshold": 1.45,
    "base_seed": 7948,
    "attempt": 0,
    "uncapacitated": true,
    "pair_id": "shape_niceness_med_28",
    "difficulty": "med",
    "tier_kwargs": {
      "min_mean_npi": 1.2,
      "min_max_npi": 1.45
    },
    "per_catchment_solidity": {
      "0": {
        "A": 4.648872503219616,
        "A_hull": 5.273856720789879,
        "solidity": 0.8814938951400528
      },
      "1": {
        "A": 6.174086512966845,
        "A_hull": 6.8255852124946355,
        "solidity": 0.9045504994450609
      },
      "2": {
        "A": 3.4569834095098613,
        "A_hull": 4.051665361985809,
        "solidity": 0.8532253038329697
      },
      "5": {
        "A": 6.169036135451126,
        "A_hull": 6.618519734350143,
        "solidity": 0.9320869896985884
      },
      "6": {
        "A": 7.270018433877933,
        "A_hull": 7.790207317997021,
        "solidity": 0.93322528363047
      },
      "8": {
        "A": 3.944344839776774,
        "A_hull": 5.273856720789879,
        "solidity": 0.7479051951161122
      },
      "14": {
        "A": 6.676599075780915,
        "A_hull": 7.302845887730106,
        "solidity": 0.9142461964038731
      },
      "17": {
        "A": 6.578116714224389,
        "A_hull": 7.315471831519406,
        "solidity": 0.899206075250259
      },
      "19": {
        "A": 6.810434079947477,
        "A_hull": 7.483396883917075,
        "solidity": 0.9100725493504301
      },
      "21": {
        "A": 5.913992070907301,
        "A_hull": 6.714476907148807,
        "solidity": 0.880782248965777
      },
      "22": {
        "A": 7.429105325623091,
        "A_hull": 8.591954748617457,
        "solidity": 0.8646583394562825
      },
      "23": {
        "A": 7.014974369334109,
        "A_hull": 7.6159692937047065,
        "solidity": 0.9210875331564985
      },
      "25": {
        "A": 8.876038483876671,
        "A_hull": 9.825509456831895,
        "solidity": 0.9033667437676695
      },
      "31": {
        "A": 3.9695967273553703,
        "A_hull": 3.980960076765738,
        "solidity": 0.9971455756422457
      },
      "32": {
        "A": 4.550390141663089,
        "A_hull": 4.443069619454055,
        "solidity": 1.0
      },
      "34": {
        "A": 3.4973864296356156,
        "A_hull": 3.4443574657205613,
        "solidity": 1.0
      },
      "35": {
        "A": 4.777657129870458,
        "A_hull": 5.7119769702785295,
        "solidity": 0.8364279398762156
      },
      "38": {
        "A": 3.24991793136537,
        "A_hull": 3.1388096260195453,
        "solidity": 1.0
      }
    },
    "globally_clustered_sites": [],
    "clustered_sites_radius": 1.35,
    "clustered_sites_min_sites": 4,
    "vague_text": "Some of these service regions look weird on the map \u2014 too elongated, oddly twisted, or with strange thin tails. Make them more compact and reasonable in shape.",
    "precise_text": "Polling place 8's catchment is unusually elongated \u2014 it has a long thin tail or protrusion that makes the service area look bad. Make it more compact, but be mindful about causing this issue elsewhere.",
    "vague_template_idx": 0,
    "precise_template_idx": 0
  },
  "proposal": null,
  "score": {
    "query_id": "shape_niceness_shape_niceness_med_28_vague",
    "archetype": "shape_niceness",
    "target_direction": "minimize",
    "target_baseline": 1.5302005423964837,
    "target_response": 1.5302005423964837,
    "raw_improvement": 0.0,
    "fraction_improved": 0.0,
    "guards": [
      {
        "name": "total_weighted_distance",
        "baseline": 43669.340655660446,
        "response": 43669.340655660446,
        "bound": 45852.80768844347,
        "violation": 0.0,
        "passed": true
      },
      {
        "name": "p90_voter_distance",
        "baseline": 1.4213462962530072,
        "response": 1.4213462962530072,
        "bound": 1.4213462962530072,
        "violation": 0.0,
        "passed": true
      }
    ],
    "all_guards_passed": true,