{
  "pair_id": "shape_niceness_med_03",
  "modality": "multimodal",
  "query_type": "vague",
  "run_config": {
    "model": "gpt-5.4",
    "temperature": null,
    "seed": null,
    "enable_visual": true,
    "query_type": "vague",
    "max_iters": 25,
    "guard_config": [
      {
        "name": "total_weighted_distance",
        "bound_kind": "max_pct_increase",
        "max_pct_increase": 0.05
      },
      {
        "name": "p90_voter_distance",
        "bound_kind": "max_abs_increase",
        "max_abs_increase": 0.0
      }
    ]
  },
  "status": "completed",
  "result_schema_version": 1,
  "termination_reason": "explicit_submit",
  "baseline_digest": "91dd23cff73c1545bb0eb974c57c4268517c92fb5ac049e35fa56f01db8c18b7",
  "guard_config": [
    {
      "name": "total_weighted_distance",
      "bound_kind": "max_pct_increase",
      "max_pct_increase": 0.05
    },
    {
      "name": "p90_voter_distance",
      "bound_kind": "max_abs_increase",
      "max_abs_increase": 0.0
    }
  ],
  "metadata": {
    "archetype": "shape_niceness",
    "per_catchment_npi": {
      "1": {
        "A": 3.7423297391480017,
        "P": 13.366834170854272,
        "NPI": 1.9491829453188616,
        "n_cells": 1482
      },
      "2": {
        "A": 3.113557738440949,
        "P": 10.753768844221106,
        "NPI": 1.7192035649520658,
        "n_cells": 1233
      },
      "3": {
        "A": 3.782732759273756,
        "P": 13.969849246231156,
        "NPI": 2.02620768038638,
        "n_cells": 1498
      },
      "4": {
        "A": 3.6640488876543524,
        "P": 11.557788944723619,
        "NPI": 1.70329235750092,
        "n_cells": 1451
      },
      "6": {
        "A": 6.141259059114669,
        "P": 14.974874371859297,
        "NPI": 1.7046277210641532,
        "n_cells": 2432
      },
      "7": {
        "A": 2.684275649604808,
        "P": 7.437185929648242,
        "NPI": 1.2805311606437102,
        "n_cells": 1063
      },
      "13": {
        "A": 4.696851089618949,
        "P": 14.57286432160804,
        "NPI": 1.8968657449352364,
        "n_cells": 1860
      },
      "14": {
        "A": 4.181712583015581,
        "P": 10.050251256281408,
        "NPI": 1.3864202640082994,
        "n_cells": 1656
      },
      "20": {
        "A": 8.845736218782354,
        "P": 15.175879396984925,
        "NPI": 1.4394014713553083,
        "n_cells": 3503
      },
      "21": {
        "A": 6.626095300623723,
        "P": 16.080402010050253,
        "NPI": 1.7622321936203822,
        "n_cells": 2624
      },
      "22": {
        "A": 10.487108911391127,
        "P": 16.28140703517588,
        "NPI": 1.4182706403222034,
        "n_cells": 4153
      },
      "24": {
        "A": 6.482159541425722,
        "P": 13.668341708542714,
        "NPI": 1.5144363936845677,
        "n_cells": 2567
      },
      "25": {
        "A": 10.312870887098812,
        "P": 15.376884422110553,
        "NPI": 1.3507458060404396,
        "n_cells": 4084
      },
      "32": {
        "A": 5.6059190424484235,
        "P": 13.668341708542714,
        "NPI": 1.62849895718065,
        "n_cells": 2220
      },
      "33": {
        "A": 6.1715613242089855,
        "P": 11.959798994974875,
        "NPI": 1.3580677127965188,
        "n_cells": 2444
      },
      "34": {
        "A": 3.03275169818944,
        "P": 8.040201005025127,
        "NPI": 1.3023974791330695,
        "n_cells": 1201
      },
      "36": {
        "A": 5.573091588596248,
        "P": 14.07035175879397,
        "NPI": 1.681326014709834,
        "n_cells": 2207
      },
      "38": {
        "A": 5.863488295750108,
        "P": 12.663316582914574,
        "NPI": 1.4752461878744207,
        "n_cells": 2322
      }
    },
    "mean_npi_baseline": 1.5887196830848347,
    "max_npi_baseline": 2.02620768038638,
    "p90_npi_baseline": 1.912560905050324,
    "n_catchments_baseline": 18,
    "worst_catchment_site": 3,
    "worst_catchment_npi": 2.02620768038638,
    "min_mean_npi_threshold": 1.2,
    "min_max_npi_threshold": 1.45,
    "base_seed": 7923,
    "attempt": 0,
    "uncapacitated": true,
    "pair_id": "shape_niceness_med_03",
    "difficulty": "med",
    "tier_kwargs": {
      "min_mean_npi": 1.2,
      "min_max_npi": 1.45
    },
    "per_catchment_solidity": {
      "1": {
        "A": 3.7423297391480017,
        "A_hull": 5.117295017802582,
        "solidity": 0.7313101406365654
      },
      "2": {
        "A": 3.113557738440949,
        "A_hull": 3.938031867882124,
        "solidity": 0.7906380250080155
      },
      "3": {
        "A": 3.782732759273756,
        "A_hull": 5.727128102825687,
        "solidity": 0.6604938271604938
      },
      "4": {
        "A": 3.6640488876543524,
        "A_hull": 4.557965707936667,
        "solidity": 0.8038781163434906
      },
      "6": {
        "A": 6.141259059114669,
        "A_hull": 7.607131133052195,
        "solidity": 0.8073029045643155
      },
      "7": {
        "A": 2.684275649604808,
        "A_hull": 2.6451352238579835,
        "solidity": 1.0
      },
      "13": {
        "A": 4.696851089618949,
        "A_hull": 6.118532360293933,
        "solidity": 0.7676434172513412
      },
      "14": {
        "A": 4.181712583015581,
        "A_hull": 4.17666220549986,
        "solidity": 1.0
      },
      "20": {
        "A": 8.845736218782354,
        "A_hull": 9.513648645236229,
        "solidity": 0.9297942932979433
      },
      "21": {
        "A": 6.626095300623723,
        "A_hull": 8.50609833085023,
        "solidity": 0.7789817426154076
      },
      "22": {
        "A": 10.487108911391127,
        "A_hull": 11.17648544228681,
        "solidity": 0.9383190239493902
      },
      "24": {
        "A": 6.482159541425722,
        "A_hull": 7.128607863437791,
        "solidity": 0.9093163301452357
      },
      "25": {
        "A": 10.312870887098812,
        "A_hull": 10.596954622358021,
        "solidity": 0.97319194566901
      },
      "32": {
        "A": 5.6059190424484235,
        "A_hull": 6.328123027196284,
        "solidity": 0.885873902633679
      },
      "33": {
        "A": 6.1715613242089855,
        "A_hull": 6.219539910608319,
        "solidity": 0.9922858302882663
      },
      "34": {
        "A": 3.03275169818944,
        "A_hull": 2.9481578748011414,
        "solidity": 1.0
      },
      "36": {
        "A": 5.573091588596248,
        "A_hull": 6.306658922754474,
        "solidity": 0.883683683683684
      },
      "38": {
        "A": 5.863488295750108,
        "A_hull": 6.13115830408323,
        "solidity": 0.9563426688632621
      }
    },
    "globally_clustered_sites": [],
    "clustered_sites_radius": 1.35,
    "clustered_sites_min_sites": 4,
    "vague_text": "The catchments on the map have odd, elongated shapes. Real-world service areas should look reasonably compact. Address the worst offenders.",
    "precise_text": "The catchment of polling place 3 has a weird shape \u2014 stretched and jagged rather than a nice compact region. Reshape it, but be mindful about causing this issue elsewhere.",
    "vague_template_idx": 4,
    "precise_template_idx": 1
  },
  "proposal": {
    "force_open": [
      1,
      4
    ],
    "force_close": [
      0,
      5
    ],
    "rationale": "The previous resolve visibly worsened compactness by introducing new east-side sites and creating even more elongated, interlocking catchments. Revert to the original open-site pattern before submitting, since the baseline remains better on the shape metric than the attempted modification."
  },
  "score": {
    "query_id": "shape_niceness_shape_niceness_med_03_vague",
    "archetype": "shape_niceness",
    "target_direction": "minimize",
    "target_baseline": 1.5887196830848347,
    "target_response": 1.5887196830848347,
    "raw_improvement": 0.0,
    "fraction_improved": 0.0,
    "guards": [
      {
        "name": "total_weighted_distance",
        "baseline": 47690.63632392262,
        "response": 47690.63632392262,