{
  "pair_id": "shape_niceness_med_17",
  "modality": "multimodal",
  "query_type": "vague",
  "run_config": {
    "model": "gpt-5.4",
    "temperature": null,
    "seed": null,
    "enable_visual": true,
    "query_type": "vague",
    "max_iters": 25,
    "guard_config": [
      {
        "name": "total_weighted_distance",
        "bound_kind": "max_pct_increase",
        "max_pct_increase": 0.05
      },
      {
        "name": "p90_voter_distance",
        "bound_kind": "max_abs_increase",
        "max_abs_increase": 0.0
      }
    ]
  },
  "status": "completed",
  "result_schema_version": 1,
  "termination_reason": "explicit_submit",
  "baseline_digest": "2cbc1ebe03e90318869d46d8f55854d73a800c8fb0094e4c0f35d1ce596819c7",
  "guard_config": [
    {
      "name": "total_weighted_distance",
      "bound_kind": "max_pct_increase",
      "max_pct_increase": 0.05
    },
    {
      "name": "p90_voter_distance",
      "bound_kind": "max_abs_increase",
      "max_abs_increase": 0.0
    }
  ],
  "metadata": {
    "archetype": "shape_niceness",
    "per_catchment_npi": {
      "0": {
        "A": 4.641296936946037,
        "P": 12.663316582914574,
        "NPI": 1.6581463346663643,
        "n_cells": 1838
      },
      "1": {
        "A": 4.143834751647686,
        "P": 12.763819095477388,
        "NPI": 1.768782749734315,
        "n_cells": 1641
      },
      "3": {
        "A": 8.512411302744882,
        "P": 15.175879396984925,
        "NPI": 1.4673125587359395,
        "n_cells": 3371
      },
      "5": {
        "A": 8.711901214615793,
        "P": 17.286432160804022,
        "NPI": 1.6521290324789366,
        "n_cells": 3450
      },
      "8": {
        "A": 2.636297063205475,
        "P": 9.145728643216081,
        "NPI": 1.5889718619452051,
        "n_cells": 1044
      },
      "10": {
        "A": 8.666447816974319,
        "P": 14.673366834170857,
        "NPI": 1.4060613803980526,
        "n_cells": 3432
      },
      "12": {
        "A": 5.537738945986213,
        "P": 11.35678391959799,
        "NPI": 1.3613951255799883,
        "n_cells": 2193
      },
      "17": {
        "A": 3.1792126461452996,
        "P": 10.150753768844222,
        "NPI": 1.6059557414497798,
        "n_cells": 1259
      },
      "19": {
        "A": 4.886240246458423,
        "P": 10.251256281407036,
        "NPI": 1.3082319480504303,
        "n_cells": 1935
      },
      "21": {
        "A": 6.143784247872529,
        "P": 13.266331658291458,
        "NPI": 1.5098296173524333,
        "n_cells": 2433
      },
      "27": {
        "A": 6.383677179869196,
        "P": 15.77889447236181,
        "NPI": 1.761717146426395,
        "n_cells": 2528
      },
      "29": {
        "A": 4.108482109037651,
        "P": 10.251256281407036,
        "NPI": 1.4266960503454806,
        "n_cells": 1627
      },
      "30": {
        "A": 5.757430367920002,
        "P": 12.261306532663317,
        "NPI": 1.4415093737272948,
        "n_cells": 2280
      },
      "32": {
        "A": 6.815484457463196,
        "P": 15.075376884422113,
        "NPI": 1.6289767299706757,
        "n_cells": 2699
      },
      "33": {
        "A": 7.999797984899372,
        "P": 13.467336683417086,
        "NPI": 1.343189460995766,
        "n_cells": 3168
      },
      "35": {
        "A": 2.772657256129896,
        "P": 7.336683417085427,
        "NPI": 1.242930238160573,
        "n_cells": 1098
      },
      "36": {
        "A": 5.5882427211434065,
        "P": 11.959798994974875,
        "NPI": 1.4271884358986666,
        "n_cells": 2213
      },
      "39": {
        "A": 4.522613065326634,
        "P": 11.658291457286433,
        "NPI": 1.546447781775474,
        "n_cells": 1791
      }
    },
    "mean_npi_baseline": 1.508081753760654,
    "max_npi_baseline": 1.768782749734315,
    "p90_npi_baseline": 1.6892175781943737,
    "n_catchments_baseline": 18,
    "worst_catchment_site": 1,
    "worst_catchment_npi": 1.768782749734315,
    "min_mean_npi_threshold": 1.2,
    "min_max_npi_threshold": 1.45,
    "base_seed": 7937,
    "attempt": 0,
    "uncapacitated": true,
    "pair_id": "shape_niceness_med_17",
    "difficulty": "med",
    "tier_kwargs": {
      "min_mean_npi": 1.2,
      "min_max_npi": 1.45
    },
    "per_catchment_solidity": {
      "0": {
        "A": 4.641296936946037,
        "A_hull": 5.686725082699932,
        "solidity": 0.8161634103019538
      },
      "1": {
        "A": 4.143834751647686,
        "A_hull": 5.390015403651423,
        "solidity": 0.7687983134223472
      },
      "3": {
        "A": 8.512411302744882,
        "A_hull": 9.498497512689074,
        "solidity": 0.8961850325667953
      },
      "5": {
        "A": 8.711901214615793,
        "A_hull": 9.459357086942253,
        "solidity": 0.92098238120662
      },
      "8": {
        "A": 2.636297063205475,
        "A_hull": 3.081992878967703,
        "solidity": 0.8553871364195003
      },
      "10": {
        "A": 8.666447816974319,
        "A_hull": 9.29269462892351,
        "solidity": 0.9326086956521742
      },
      "12": {
        "A": 5.537738945986213,
        "A_hull": 5.783944849877529,
        "solidity": 0.9574328749181401
      },
      "17": {
        "A": 3.1792126461452996,
        "A_hull": 3.1097699553041576,
        "solidity": 1.0
      },
      "19": {
        "A": 4.886240246458423,
        "A_hull": 4.926643266584177,
        "solidity": 0.9917990773962072
      },
      "21": {
        "A": 6.143784247872529,
        "A_hull": 7.240978763162547,
        "solidity": 0.8484742807323453
      },
      "27": {
        "A": 6.383677179869196,
        "A_hull": 8.269993181990356,
        "solidity": 0.7719083969465647
      },
      "29": {
        "A": 4.108482109037651,
        "A_hull": 3.996111209312896,
        "solidity": 1.0
      },
      "30": {
        "A": 5.757430367920002,
        "A_hull": 6.516249589656827,
        "solidity": 0.8835496996706066
      },
      "32": {
        "A": 6.815484457463196,
        "A_hull": 7.7687432135552115,
        "solidity": 0.8772956281488707
      },
      "33": {
        "A": 7.999797984899372,
        "A_hull": 8.29777025832681,
        "solidity": 0.9640900791235545
      },
      "35": {
        "A": 2.772657256129896,
        "A_hull": 2.683013055225878,
        "solidity": 1.0
      },
      "36": {
        "A": 5.5882427211434065,
        "A_hull": 6.146309436630389,
        "solidity": 0.909202958093673
      },
      "39": {
        "A": 4.522613065326634,
        "A_hull": 5.27511931516881,
        "solidity": 0.8573480134035423
      }
    },
    "globally_clustered_sites": [],
    "clustered_sites_radius": 1.35,
    "clustered_sites_min_sites": 4,
    "vague_text": "The catchments on the map have odd, elongated shapes. Real-world service areas should look reasonably compact. Address the worst offenders.",
    "precise_text": "The catchment of polling place 1 has a weird shape \u2014 stretched and jagged rather than a nice compact region. Reshape it, but be mindful about causing this issue elsewhere.",
    "vague_template_idx": 4,
    "precise_template_idx": 1
  },
  "proposal": {
    "force_open": [
      15
    ],
    "force_close": [
      17
    ],
    "rationale": "The first attempt made shape_niceness worse. A more conservative intervention targets the clearest compactness offender only: the original site 17 catchment was a very thin central-north wedge, while candidate site 15 at (2.63,6.34) sits closer to the west-central pocket that can absorb part of that awkward shape. Keep the rest of the baseline intact and only replace site 17 with site 15 so the optimizer can smooth the central catchments without disturbing the eastern half of the county."
  },
  "score": {
    "query_id": "shape_niceness_shape_niceness_med_17_vague",
    "archetype": "shape_niceness",
    "target_direction": "minimize",
    "target_baseline": 1.508081753760654,
    "target_response": 1.508081753760654,
    "raw_improvement": 0.0,