{
  "pair_id": "shape_niceness_med_21",
  "modality": "multimodal",
  "query_type": "vague",
  "run_config": {
    "model": "gpt-5.4",
    "temperature": null,
    "seed": null,
    "enable_visual": true,
    "query_type": "vague",
    "max_iters": 25,
    "guard_config": [
      {
        "name": "total_weighted_distance",
        "bound_kind": "max_pct_increase",
        "max_pct_increase": 0.05
      },
      {
        "name": "p90_voter_distance",
        "bound_kind": "max_abs_increase",
        "max_abs_increase": 0.0
      }
    ]
  },
  "status": "completed",
  "result_schema_version": 1,
  "termination_reason": "explicit_submit",
  "baseline_digest": "4040fda6f3d5383ff9506d45b502f47fd43d963740b45b0fd0e58fc058a2802f",
  "guard_config": [
    {
      "name": "total_weighted_distance",
      "bound_kind": "max_pct_increase",
      "max_pct_increase": 0.05
    },
    {
      "name": "p90_voter_distance",
      "bound_kind": "max_abs_increase",
      "max_abs_increase": 0.0
    }
  ],
  "metadata": {
    "archetype": "shape_niceness",
    "per_catchment_npi": {
      "0": {
        "A": 5.373601676725336,
        "P": 12.261306532663317,
        "NPI": 1.4921039584175588,
        "n_cells": 2128
      },
      "2": {
        "A": 8.992197166738215,
        "P": 16.78391959798995,
        "NPI": 1.5789033564409665,
        "n_cells": 3561
      },
      "3": {
        "A": 6.320547460922705,
        "P": 16.48241206030151,
        "NPI": 1.8494325072305648,
        "n_cells": 2503
      },
      "4": {
        "A": 8.80280800989874,
        "P": 16.080402010050253,
        "NPI": 1.528908006388221,
        "n_cells": 3486
      },
      "6": {
        "A": 4.2094896593520374,
        "P": 9.246231155778895,
        "NPI": 1.2712913472756082,
        "n_cells": 1667
      },
      "7": {
        "A": 3.2877957627332646,
        "P": 10.85427135678392,
        "NPI": 1.6886643192593314,
        "n_cells": 1302
      },
      "8": {
        "A": 3.355975859195475,
        "P": 10.954773869346734,
        "NPI": 1.6868989624955717,
        "n_cells": 1329
      },
      "10": {
        "A": 4.90896694527916,
        "P": 11.155778894472363,
        "NPI": 1.4203648367154902,
        "n_cells": 1944
      },
      "15": {
        "A": 5.939243958485897,
        "P": 13.5678391959799,
        "NPI": 1.5705080739736714,
        "n_cells": 2352
      },
      "18": {
        "A": 3.9721219161132297,
        "P": 9.84924623115578,
        "NPI": 1.3940770511278515,
        "n_cells": 1573
      },
      "21": {
        "A": 6.691750208328073,
        "P": 15.175879396984925,
        "NPI": 1.6549278858912881,
        "n_cells": 2650
      },
      "22": {
        "A": 6.383677179869196,
        "P": 14.874371859296483,
        "NPI": 1.66072699153571,
        "n_cells": 2528
      },
      "23": {
        "A": 9.17148556854625,
        "P": 20.502512562814072,
        "NPI": 1.9097754716888822,
        "n_cells": 3632
      },
      "28": {
        "A": 4.585742784273125,
        "P": 10.954773869346734,
        "NPI": 1.443090738594795,
        "n_cells": 1816
      },
      "30": {
        "A": 4.992298174288528,
        "P": 10.954773869346734,
        "NPI": 1.3830829479628777,
        "n_cells": 1977
      },
      "32": {
        "A": 3.5706169036135456,
        "P": 8.84422110552764,
        "NPI": 1.3203316411339245,
        "n_cells": 1414
      },
      "35": {
        "A": 5.335723845357441,
        "P": 10.653266331658292,
        "NPI": 1.3010116346985343,
        "n_cells": 2113
      },
      "36": {
        "A": 5.113507234665792,
        "P": 11.155778894472363,
        "NPI": 1.391667639417799,
        "n_cells": 2025
      }
    },
    "mean_npi_baseline": 1.530320409458258,
    "max_npi_baseline": 1.9097754716888822,
    "p90_npi_baseline": 1.7368947756507016,
    "n_catchments_baseline": 18,
    "worst_catchment_site": 23,
    "worst_catchment_npi": 1.9097754716888822,
    "min_mean_npi_threshold": 1.2,
    "min_max_npi_threshold": 1.45,
    "base_seed": 7941,
    "attempt": 0,
    "uncapacitated": true,
    "pair_id": "shape_niceness_med_21",
    "difficulty": "med",
    "tier_kwargs": {
      "min_mean_npi": 1.2,
      "min_max_npi": 1.45
    },
    "per_catchment_solidity": {
      "0": {
        "A": 5.373601676725336,
        "A_hull": 6.013737026842756,
        "solidity": 0.8935544824690322
      },
      "2": {
        "A": 8.992197166738215,
        "A_hull": 9.699250018938917,
        "solidity": 0.9271023171049206
      },
      "3": {
        "A": 6.320547460922705,
        "A_hull": 7.752329486629126,
        "solidity": 0.8153094462540718
      },
      "4": {
        "A": 8.80280800989874,
        "A_hull": 10.391151738592459,
        "solidity": 0.8471445929526125
      },
      "6": {
        "A": 4.2094896593520374,
        "A_hull": 4.305446832150704,
        "solidity": 0.9777126099706746
      },
      "7": {
        "A": 3.2877957627332646,
        "A_hull": 3.8648013939041945,
        "solidity": 0.850702384841555
      },
      "8": {
        "A": 3.355975859195475,
        "A_hull": 4.073129466427616,
        "solidity": 0.82393056416615
      },
      "10": {
        "A": 4.90896694527916,
        "A_hull": 5.063003459508596,
        "solidity": 0.9695760598503746
      },
      "15": {
        "A": 5.939243958485897,
        "A_hull": 7.0427514456705635,
        "solidity": 0.8433130154177125
      },
      "18": {
        "A": 3.9721219161132297,
        "A_hull": 4.2221156031413365,
        "solidity": 0.9407894736842102
      },
      "21": {
        "A": 6.691750208328073,
        "A_hull": 7.792732506754878,
        "solidity": 0.8587167854828259
      },
      "22": {
        "A": 6.383677179869196,
        "A_hull": 7.862175197596021,
        "solidity": 0.811947968524169
      },
      "23": {
        "A": 9.17148556854625,
        "A_hull": 11.639857579354056,
        "solidity": 0.7879379542249704
      },
      "28": {
        "A": 4.585742784273125,
        "A_hull": 4.796596045554403,
        "solidity": 0.9560410634377474
      },
      "30": {
        "A": 4.992298174288528,
        "A_hull": 4.929168455342038,
        "solidity": 1.0
      },
      "32": {
        "A": 3.5706169036135456,
        "A_hull": 3.6690992651700727,
        "solidity": 0.9731589814177561
      },
      "35": {
        "A": 5.335723845357441,
        "A_hull": 5.302896391505264,
        "solidity": 1.0
      },
      "36": {
        "A": 5.113507234665792,
        "A_hull": 5.028913411277493,
        "solidity": 1.0
      }
    },
    "globally_clustered_sites": [],
    "clustered_sites_radius": 1.35,
    "clustered_sites_min_sites": 4,
    "vague_text": "The catchments on the map have odd, elongated shapes. Real-world service areas should look reasonably compact. Address the worst offenders.",
    "precise_text": "Polling place 23's catchment is unusually elongated \u2014 it has a long thin tail or protrusion that makes the service area look bad. Make it more compact, but be mindful about causing this issue elsewhere.",
    "vague_template_idx": 4,
    "precise_template_idx": 0
  },
  "proposal": {
    "force_open": [
      9,
      16
    ],
    "force_close": [
      18,
      21
    ],