{
  "pair_id": "shape_niceness_med_10",
  "modality": "multimodal",
  "query_type": "vague",
  "run_config": {
    "model": "gpt-5.4",
    "temperature": null,
    "seed": null,
    "enable_visual": true,
    "query_type": "vague",
    "max_iters": 25,
    "guard_config": [
      {
        "name": "total_weighted_distance",
        "bound_kind": "max_pct_increase",
        "max_pct_increase": 0.05
      },
      {
        "name": "p90_voter_distance",
        "bound_kind": "max_abs_increase",
        "max_abs_increase": 0.0
      }
    ]
  },
  "status": "completed",
  "result_schema_version": 1,
  "termination_reason": "explicit_submit",
  "baseline_digest": "25416954637acf9b66ac4e34c303bc5da026c9369e73b3b2de646ff25da6ccc1",
  "guard_config": [
    {
      "name": "total_weighted_distance",
      "bound_kind": "max_pct_increase",
      "max_pct_increase": 0.05
    },
    {
      "name": "p90_voter_distance",
      "bound_kind": "max_abs_increase",
      "max_abs_increase": 0.0
    }
  ],
  "metadata": {
    "archetype": "shape_niceness",
    "per_catchment_npi": {
      "0": {
        "A": 4.095856165248353,
        "P": 10.452261306532664,
        "NPI": 1.4569108513247109,
        "n_cells": 1622
      },
      "1": {
        "A": 3.6337466225600368,
        "P": 10.85427135678392,
        "NPI": 1.6062695338767252,
        "n_cells": 1439
      },
      "2": {
        "A": 3.3736521805004926,
        "P": 10.35175879396985,
        "NPI": 1.5898606458261,
        "n_cells": 1336
      },
      "4": {
        "A": 4.8988661902477215,
        "P": 12.160804020100503,
        "NPI": 1.5499210228660372,
        "n_cells": 1940
      },
      "5": {
        "A": 5.92156763718088,
        "P": 13.366834170854272,
        "NPI": 1.5495488822450816,
        "n_cells": 2345
      },
      "8": {
        "A": 4.320597964697861,
        "P": 11.256281407035177,
        "NPI": 1.5276296587260425,
        "n_cells": 1711
      },
      "9": {
        "A": 5.532688568470494,
        "P": 11.256281407035177,
        "NPI": 1.3499630997694518,
        "n_cells": 2191
      },
      "14": {
        "A": 5.684199893942073,
        "P": 14.974874371859297,
        "NPI": 1.7718362577271376,
        "n_cells": 2251
      },
      "15": {
        "A": 9.545213504709478,
        "P": 17.68844221105528,
        "NPI": 1.61507179017377,
        "n_cells": 3780
      },
      "20": {
        "A": 7.252342112572916,
        "P": 12.261306532663317,
        "NPI": 1.2843774634619158,
        "n_cells": 2872
      },
      "21": {
        "A": 8.37605110982046,
        "P": 12.864321608040202,
        "NPI": 1.2538982537035082,
        "n_cells": 3317
      },
      "23": {
        "A": 6.646296810686599,
        "P": 13.5678391959799,
        "NPI": 1.4846219924183337,
        "n_cells": 2632
      },
      "25": {
        "A": 5.785207444256459,
        "P": 12.261306532663317,
        "NPI": 1.438044580535911,
        "n_cells": 2291
      },
      "27": {
        "A": 5.153910254791546,
        "P": 12.160804020100503,
        "NPI": 1.5110851290804936,
        "n_cells": 2041
      },
      "31": {
        "A": 8.752304234741548,
        "P": 13.668341708542714,
        "NPI": 1.3033158979055057,
        "n_cells": 3466
      },
      "33": {
        "A": 3.7953587030630542,
        "P": 10.552763819095478,
        "NPI": 1.5280405255605465,
        "n_cells": 1503
      },
      "38": {
        "A": 3.9746471048710896,
        "P": 9.447236180904524,
        "NPI": 1.3367511095162286,
        "n_cells": 1574
      },
      "39": {
        "A": 4.265043812024949,
        "P": 12.261306532663317,
        "NPI": 1.674827447252281,
        "n_cells": 1689
      }
    },
    "mean_npi_baseline": 1.490665230109432,
    "max_npi_baseline": 1.7718362577271376,
    "p90_npi_baseline": 1.6329984872973233,
    "n_catchments_baseline": 18,
    "worst_catchment_site": 14,
    "worst_catchment_npi": 1.7718362577271376,
    "min_mean_npi_threshold": 1.2,
    "min_max_npi_threshold": 1.45,
    "base_seed": 7930,
    "attempt": 0,
    "uncapacitated": true,
    "pair_id": "shape_niceness_med_10",
    "difficulty": "med",
    "tier_kwargs": {
      "min_mean_npi": 1.2,
      "min_max_npi": 1.45
    },
    "per_catchment_solidity": {
      "0": {
        "A": 4.095856165248353,
        "A_hull": 4.3509002297921775,
        "solidity": 0.9413813116656995
      },
      "1": {
        "A": 3.6337466225600368,
        "A_hull": 4.054190550743669,
        "solidity": 0.8962939894113983
      },
      "2": {
        "A": 3.3736521805004926,
        "A_hull": 3.489810863362036,
        "solidity": 0.96671490593343
      },
      "4": {
        "A": 4.8988661902477215,
        "A_hull": 5.411479508093231,
        "solidity": 0.9052729818012131
      },
      "5": {
        "A": 5.92156763718088,
        "A_hull": 6.594530441150478,
        "solidity": 0.8979513689450507
      },
      "8": {
        "A": 4.320597964697861,
        "A_hull": 4.9430569935102655,
        "solidity": 0.874074074074074
      },
      "9": {
        "A": 5.532688568470494,
        "A_hull": 5.648847251332034,
        "solidity": 0.9794367456414848
      },
      "14": {
        "A": 5.684199893942073,
        "A_hull": 6.633670866897299,
        "solidity": 0.856870955462505
      },
      "15": {
        "A": 9.545213504709478,
        "A_hull": 10.54392565844297,
        "solidity": 0.9052808046940487
      },
      "20": {
        "A": 7.252342112572916,
        "A_hull": 7.310421454003685,
        "solidity": 0.9920552677029365
      },
      "21": {
        "A": 8.37605110982046,
        "A_hull": 8.410141158051564,
        "solidity": 0.9959465545713859
      },
      "23": {
        "A": 6.646296810686599,
        "A_hull": 7.35713744602409,
        "solidity": 0.9033808134546079
      },
      "25": {
        "A": 5.785207444256459,
        "A_hull": 6.309184111512336,
        "solidity": 0.9169501701020613
      },
      "27": {
        "A": 5.153910254791546,
        "A_hull": 6.041514103179212,
        "solidity": 0.8530825496342739
      },
      "31": {
        "A": 8.752304234741548,
        "A_hull": 9.218201560566653,
        "solidity": 0.9494589782221613
      },
      "33": {
        "A": 3.7953587030630542,
        "A_hull": 4.254943056993511,
        "solidity": 0.8919881305637981
      },
      "38": {
        "A": 3.9746471048710896,
        "A_hull": 3.8547006388727567,
        "solidity": 1.0
      },
      "39": {
        "A": 4.265043812024949,
        "A_hull": 5.157698037928336,
        "solidity": 0.8269277845777233
      }
    },
    "globally_clustered_sites": [],
    "clustered_sites_radius": 1.35,
    "clustered_sites_min_sites": 4,
    "vague_text": "The catchments on the map have odd, elongated shapes. Real-world service areas should look reasonably compact. Address the worst offenders.",
    "precise_text": "Site 14 is serving an awkwardly-shaped catchment. The service area should be more circular / compact, not elongated, but be mindful about causing this issue elsewhere.",
    "vague_template_idx": 4,
    "precise_template_idx": 2
  },
  "proposal": null,
  "score": {
    "query_id": "shape_niceness_shape_niceness_med_10_vague",
    "archetype": "shape_niceness",
    "target_direction": "minimize",
    "target_baseline": 1.490665230109432,
    "target_response": 1.484481465280732,
    "raw_improvement": 0.006183764828699978,
    "fraction_improved": 0.004148325662795541,
    "guards": [
      {
        "name": "total_weighted_distance",
        "baseline": 46080.746655516545,
        "response": 46100.55319990472,
        "bound": 48384.78398829237,
        "violation": 0.0,
        "passed": true
      },
      {
        "name": "p90_voter_distance",
        "baseline": 1.462572289201471,
        "response": 1.462572289201471,
        "bound": 1.462572289201471,
        "violation": 0.0,
        "passed": true
      }
    ],
    "all_guards_passed": true,