{
  "pair_id": "shape_niceness_med_04",
  "modality": "multimodal",
  "query_type": "vague",
  "run_config": {
    "model": "gpt-5.4",
    "temperature": null,
    "seed": null,
    "enable_visual": true,
    "query_type": "vague",
    "max_iters": 25,
    "guard_config": [
      {
        "name": "total_weighted_distance",
        "bound_kind": "max_pct_increase",
        "max_pct_increase": 0.05
      },
      {
        "name": "p90_voter_distance",
        "bound_kind": "max_abs_increase",
        "max_abs_increase": 0.0
      }
    ]
  },
  "status": "completed",
  "result_schema_version": 1,
  "termination_reason": "explicit_submit",
  "baseline_digest": "43eaed89cc8963832cfaa55ac0042fd30f23398cf576d4c88abb565cc6675ef0",
  "guard_config": [
    {
      "name": "total_weighted_distance",
      "bound_kind": "max_pct_increase",
      "max_pct_increase": 0.05
    },
    {
      "name": "p90_voter_distance",
      "bound_kind": "max_abs_increase",
      "max_abs_increase": 0.0
    }
  ],
  "metadata": {
    "archetype": "shape_niceness",
    "per_catchment_npi": {
      "0": {
        "A": 4.2271659806570545,
        "P": 10.35175879396985,
        "NPI": 1.4203146332491425,
        "n_cells": 1674
      },
      "1": {
        "A": 4.610994671851722,
        "P": 13.768844221105528,
        "NPI": 1.8088195538565428,
        "n_cells": 1826
      },
      "2": {
        "A": 5.2347162950430555,
        "P": 11.959798994974875,
        "NPI": 1.4745936996309024,
        "n_cells": 2073
      },
      "4": {
        "A": 7.7144516552612314,
        "P": 15.477386934673369,
        "NPI": 1.571955245292586,
        "n_cells": 3055
      },
      "5": {
        "A": 4.353425418550037,
        "P": 10.954773869346734,
        "NPI": 1.4810950512707988,
        "n_cells": 1724
      },
      "6": {
        "A": 3.5201131284563525,
        "P": 10.954773869346734,
        "NPI": 1.64710078704669,
        "n_cells": 1394
      },
      "7": {
        "A": 4.876139491426985,
        "P": 13.969849246231156,
        "NPI": 1.7846322096577238,
        "n_cells": 1931
      },
      "10": {
        "A": 8.979571222948916,
        "P": 14.673366834170855,
        "NPI": 1.3813287254584354,
        "n_cells": 3556
      },
      "15": {
        "A": 4.6160450493674405,
        "P": 10.85427135678392,
        "NPI": 1.4251504800671897,
        "n_cells": 1828
      },
      "16": {
        "A": 7.090730032069898,
        "P": 12.160804020100503,
        "NPI": 1.2882847985153683,
        "n_cells": 2808
      },
      "19": {
        "A": 8.098280346455898,
        "P": 18.994974874371863,
        "NPI": 1.8829439300157504,
        "n_cells": 3207
      },
      "23": {
        "A": 6.287720007070529,
        "P": 13.668341708542714,
        "NPI": 1.5376740969581235,
        "n_cells": 2490
      },
      "24": {
        "A": 7.045276634428424,
        "P": 12.56281407035176,
        "NPI": 1.3351589613952972,
        "n_cells": 2790
      },
      "28": {
        "A": 5.893790560844423,
        "P": 12.864321608040202,
        "NPI": 1.4948052257439455,
        "n_cells": 2334
      },
      "29": {
        "A": 4.487260422716599,
        "P": 12.964824120603016,
        "NPI": 1.7265177994637646,
        "n_cells": 1777
      },
      "34": {
        "A": 9.224514532461303,
        "P": 15.376884422110553,
        "NPI": 1.4282086476875204,
        "n_cells": 3653
      },
      "38": {
        "A": 2.954470846695791,
        "P": 11.859296482412061,
        "NPI": 1.9463195280628744,
        "n_cells": 1170
      },
      "39": {
        "A": 1.7928840180803518,
        "P": 11.758793969849247,
        "NPI": 2.4773179590799717,
        "n_cells": 710
      }
    },
    "mean_npi_baseline": 1.6173456295807016,
    "max_npi_baseline": 2.4773179590799717,
    "p90_npi_baseline": 1.9019566094298876,
    "n_catchments_baseline": 18,
    "worst_catchment_site": 39,
    "worst_catchment_npi": 2.4773179590799717,
    "min_mean_npi_threshold": 1.2,
    "min_max_npi_threshold": 1.45,
    "base_seed": 7924,
    "attempt": 0,
    "uncapacitated": true,
    "pair_id": "shape_niceness_med_04",
    "difficulty": "med",
    "tier_kwargs": {
      "min_mean_npi": 1.2,
      "min_max_npi": 1.45
    },
    "per_catchment_solidity": {
      "0": {
        "A": 4.2271659806570545,
        "A_hull": 4.083230221459055,
        "solidity": 1.0
      },
      "1": {
        "A": 4.610994671851722,
        "A_hull": 5.6008686649327055,
        "solidity": 0.823264201983769
      },
      "2": {
        "A": 5.2347162950430555,
        "A_hull": 5.828135653140072,
        "solidity": 0.8981802426343156
      },
      "4": {
        "A": 7.7144516552612314,
        "A_hull": 8.699275270826496,
        "solidity": 0.8867924528301886
      },
      "5": {
        "A": 4.353425418550037,
        "A_hull": 4.578167217999547,
        "solidity": 0.9509100937672363
      },
      "6": {
        "A": 3.5201131284563525,
        "A_hull": 3.9355066791242654,
        "solidity": 0.8944497914661532
      },
      "7": {
        "A": 4.876139491426985,
        "A_hull": 6.412716850584584,
        "solidity": 0.760385902736759
      },
      "10": {
        "A": 8.979571222948916,
        "A_hull": 9.205575616777354,
        "solidity": 0.9754491839253876
      },
      "15": {
        "A": 4.6160450493674405,
        "A_hull": 4.513774904674121,
        "solidity": 1.0
      },
      "16": {
        "A": 7.090730032069898,
        "A_hull": 7.3129466427615455,
        "solidity": 0.9696132596685084
      },
      "19": {
        "A": 8.098280346455898,
        "A_hull": 11.482033281987828,
        "solidity": 0.7053001979327029
      },
      "23": {
        "A": 6.287720007070529,
        "A_hull": 7.079366682659526,
        "solidity": 0.8881754949170685
      },
      "24": {
        "A": 7.045276634428424,
        "A_hull": 7.367238201055527,
        "solidity": 0.956298200514139
      },
      "28": {
        "A": 5.893790560844423,
        "A_hull": 6.078129340168178,
        "solidity": 0.9696717906107187
      },
      "29": {
        "A": 4.487260422716599,
        "A_hull": 5.4998611146183185,
        "solidity": 0.8158861340679522
      },
      "34": {
        "A": 9.224514532461303,
        "A_hull": 9.321734299638896,
        "solidity": 0.9895706352431264
      },
      "38": {
        "A": 2.954470846695791,
        "A_hull": 4.138784374131967,
        "solidity": 0.7138499084807809
      },
      "39": {
        "A": 1.7928840180803518,
        "A_hull": 2.7979091437084933,
        "solidity": 0.6407942238267147
      }
    },
    "globally_clustered_sites": [],
    "clustered_sites_radius": 1.35,
    "clustered_sites_min_sites": 4,
    "vague_text": "Some of these service regions look weird on the map \u2014 too elongated, oddly twisted, or with strange thin tails. Make them more compact and reasonable in shape.",
    "precise_text": "Site 39 is serving an awkwardly-shaped catchment. The service area should be more circular / compact, not elongated, but be mindful about causing this issue elsewhere.",
    "vague_template_idx": 0,
    "precise_template_idx": 2
  },
  "proposal": null,
  "score": {
    "query_id": "shape_niceness_shape_niceness_med_04_vague",
    "archetype": "shape_niceness",
    "target_direction": "minimize",
    "target_baseline": 1.6173456295807016,
    "target_response": 1.6173456295807016,
    "raw_improvement": 0.0,
    "fraction_improved": 0.0,
    "guards": [
      {
        "name": "total_weighted_distance",
        "baseline": 47275.45102681836,
        "response": 47275.45102681836,
        "bound": 49639.223578159275,
        "violation": 0.0,
        "passed": true
      },
      {
        "name": "p90_voter_distance",
        "baseline": 1.488847055989425,
        "response": 1.488847055989425,
        "bound": 1.488847055989425,
        "violation": 0.0,
        "passed": true
      }
    ],
    "all_guards_passed": true,
    "feasible": true,