{
  "archetype": "cluster",
  "cluster_center": [
    5.346913385077178,
    2.3812264808298016
  ],
  "cluster_radius": 1.3,
  "affected_sites": [
    0,
    1,
    2,
    3,
    5
  ],
  "cluster_size": 5,
  "cluster_density_ratio": 5.231917918865725,
  "cluster_min_sites": 5,
  "cluster_density_factor": 2.5,
  "base_seed": 780,
  "attempt": 0,
  "pair_id": "cluster_easy_02",
  "difficulty": "easy",
  "tier_kwargs": {
    "cluster_radius": 1.3,
    "cluster_min_sites": 5,
    "cluster_density_factor": 2.5
  },
  "per_catchment_solidity": {
    "0": {
      "A": 3.295371329006844,
      "A_hull": 3.3622888310901233,
      "solidity": 0.9800976342470901
    },
    "1": {
      "A": 5.318047524052424,
      "A_hull": 5.706926592762808,
      "solidity": 0.9318584070796463
    },
    "2": {
      "A": 3.378702558016212,
      "A_hull": 4.446857402590843,
      "solidity": 0.7597955706984669
    },
    "3": {
      "A": 6.2952955733441085,
      "A_hull": 6.7776066260953,
      "solidity": 0.9288375558867366
    },
    "5": {
      "A": 2.7777076336456155,
      "A_hull": 3.7511678998005116,
      "solidity": 0.7404914170313024
    },
    "6": {
      "A": 3.4620337870255806,
      "A_hull": 4.339536880381809,
      "solidity": 0.797788769275531
    },
    "7": {
      "A": 5.742279235372845,
      "A_hull": 8.660134845079671,
      "solidity": 0.6630704184283422
    },
    "8": {
      "A": 3.3635514254690544,
      "A_hull": 3.7271786066008445,
      "solidity": 0.9024390243902438
    },
    "11": {
      "A": 11.615868286154392,
      "A_hull": 12.870887098810634,
      "solidity": 0.9024916617618209
    },
    "17": {
      "A": 6.0831797176838975,
      "A_hull": 7.280119188909369,
      "solidity": 0.835587929240375
    },
    "19": {
      "A": 6.323072649680564,
      "A_hull": 7.352087068508369,
      "solidity": 0.8600377812124338
    },
    "22": {
      "A": 5.610969419964143,
      "A_hull": 6.186712456756143,
      "solidity": 0.9069387755102042
    },
    "27": {
      "A": 4.009999747481125,
      "A_hull": 4.391303249917933,
      "solidity": 0.9131684876365724
    },
    "28": {
      "A": 9.623494356203127,
      "A_hull": 9.767430115401124,
      "solidity": 0.9852637021716651
    },
    "33": {
      "A": 8.931592636549583,
      "A_hull": 9.051539102547915,
      "solidity": 0.9867485004882133
    },
    "35": {
      "A": 3.8862654983460017,
      "A_hull": 3.9973738036918274,
      "solidity": 0.9722046746683509
    },
    "36": {
      "A": 3.8610136107674053,
      "A_hull": 4.205701876215247,
      "solidity": 0.9180426298408887
    },
    "37": {
      "A": 7.429105325623091,
      "A_hull": 9.050276508168984,
      "solidity": 0.8208705357142859
    }
  },
  "globally_clustered_sites": [
    0,
    1,
    2,
    3,
    5
  ],
  "clustered_sites_radius": 1.3,
  "clustered_sites_min_sites": 5
}