{
  "archetype": "shape_niceness",
  "per_catchment_npi": {
    "1": {
      "A": 5.62864574126916,
      "P": 12.361809045226131,
      "NPI": 1.4698571890347976,
      "n_cells": 2229
    },
    "3": {
      "A": 5.621070174995581,
      "P": 11.557788944723619,
      "NPI": 1.375182458657928,
      "n_cells": 2226
    },
    "4": {
      "A": 2.9999242443372647,
      "P": 10.050251256281408,
      "NPI": 1.6368800036435793,
      "n_cells": 1188
    },
    "6": {
      "A": 7.017499558091968,
      "P": 15.678391959798997,
      "NPI": 1.6695729070742156,
      "n_cells": 2779
    },
    "8": {
      "A": 3.6337466225600368,
      "P": 10.35175879396985,
      "NPI": 1.5319052036046548,
      "n_cells": 1439
    },
    "9": {
      "A": 8.95684452412818,
      "P": 16.28140703517588,
      "NPI": 1.5346504955538371,
      "n_cells": 3547
    },
    "15": {
      "A": 4.530188631600213,
      "P": 13.165829145728644,
      "NPI": 1.744958649770578,
      "n_cells": 1794
    },
    "18": {
      "A": 8.025049872477968,
      "P": 15.577889447236181,
      "NPI": 1.551242930829525,
      "n_cells": 3178
    },
    "22": {
      "A": 5.711976970278529,
      "P": 14.371859296482413,
      "NPI": 1.6963474130578167,
      "n_cells": 2262
    },
    "25": {
      "A": 4.3685765510971954,
      "P": 12.06030150753769,
      "NPI": 1.6277333367704505,
      "n_cells": 1730
    },
    "26": {
      "A": 7.6260700487361435,
      "P": 14.974874371859297,
      "NPI": 1.5297056141457799,
      "n_cells": 3020
    },
    "28": {
      "A": 5.595818287416985,
      "P": 13.5678391959799,
      "NPI": 1.6179829996724486,
      "n_cells": 2216
    },
    "29": {
      "A": 7.646271558799021,
      "P": 14.57286432160804,
      "NPI": 1.486671892091151,
      "n_cells": 3028
    },
    "30": {
      "A": 6.1008560389889155,
      "P": 11.35678391959799,
      "NPI": 1.2970449949114502,
      "n_cells": 2416
    },
    "32": {
      "A": 4.482210045200879,
      "P": 11.256281407035177,
      "NPI": 1.4998364628766532,
      "n_cells": 1775
    },
    "34": {
      "A": 4.358475796065757,
      "P": 9.748743718592966,
      "NPI": 1.3172748562806313,
      "n_cells": 1726
    },
    "37": {
      "A": 3.8584884220095454,
      "P": 9.246231155778895,
      "NPI": 1.3278567141492563,
      "n_cells": 1528
    },
    "38": {
      "A": 4.845837226332669,
      "P": 10.150753768844222,
      "NPI": 1.3007952730331602,
      "n_cells": 1919
    }
  },
  "mean_npi_baseline": 1.511972188619884,
  "max_npi_baseline": 1.744958649770578,
  "p90_npi_baseline": 1.677605258869296,
  "n_catchments_baseline": 18,
  "worst_catchment_site": 15,
  "worst_catchment_npi": 1.744958649770578,
  "min_mean_npi_threshold": 1.15,
  "min_max_npi_threshold": 1.3,
  "base_seed": 15844,
  "attempt": 0,
  "uncapacitated": true,
  "pair_id": "shape_niceness_hard_05",
  "difficulty": "hard",
  "tier_kwargs": {
    "min_mean_npi": 1.15,
    "min_max_npi": 1.3
  },
  "per_catchment_solidity": {
    "1": {
      "A": 5.62864574126916,
      "A_hull": 6.248579581323705,
      "solidity": 0.9007880379874721
    },
    "3": {
      "A": 5.621070174995581,
      "A_hull": 5.513749652786545,
      "solidity": 1.0
    },
    "4": {
      "A": 2.9999242443372647,
      "A_hull": 3.3117850559329316,
      "solidity": 0.9058330156309569
    },
    "6": {
      "A": 7.017499558091968,
      "A_hull": 7.984646852352213,
      "solidity": 0.8788741302972803
    },
    "8": {
      "A": 3.6337466225600368,
      "A_hull": 3.9001540365142313,
      "solidity": 0.9316931045645837
    },
    "9": {
      "A": 8.95684452412818,
      "A_hull": 9.76743011540113,
      "solidity": 0.9170113753877971
    },
    "15": {
      "A": 4.530188631600213,
      "A_hull": 5.2132521906012474,
      "solidity": 0.8689755388713976
    },
    "18": {
      "A": 8.025049872477968,
      "A_hull": 8.666447816974316,
      "solidity": 0.9259906759906764
    },
    "22": {
      "A": 5.711976970278529,
      "A_hull": 6.974571349208354,
      "solidity": 0.8189717595944968
    },
    "25": {
      "A": 4.3685765510971954,
      "A_hull": 4.996085957425318,
      "solidity": 0.8743997978266366
    },
    "26": {
      "A": 7.6260700487361435,
      "A_hull": 8.254842049443194,
      "solidity": 0.9238299174059348
    },
    "28": {
      "A": 5.595818287416985,
      "A_hull": 6.092017878336406,
      "solidity": 0.9185492227979275
    },
    "29": {
      "A": 7.646271558799021,
      "A_hull": 8.5048357364713,
      "solidity": 0.8990498812351546
    },
    "30": {
      "A": 6.1008560389889155,
      "A_hull": 6.093280472715334,
      "solidity": 1.0
    },
    "32": {
      "A": 4.482210045200879,
      "A_hull": 4.773869346733669,
      "solidity": 0.9389050515736577
    },
    "34": {
      "A": 4.358475796065757,
      "A_hull": 4.323123153455722,
      "solidity": 1.0
    },
    "37": {
      "A": 3.8584884220095454,
      "A_hull": 3.8206105906416505,
      "solidity": 1.0
    },
    "38": {
      "A": 4.845837226332669,
      "A_hull": 4.705689250271457,
      "solidity": 1.0
    }
  },
  "globally_clustered_sites": [],
  "clustered_sites_radius": 1.35,
  "clustered_sites_min_sites": 4
}