{
  "archetype": "shape_niceness",
  "per_catchment_npi": {
    "2": {
      "A": 2.2019645968536152,
      "P": 9.246231155778895,
      "NPI": 1.7577400512909722,
      "n_cells": 872
    },
    "5": {
      "A": 9.189161889851267,
      "P": 17.68844221105528,
      "NPI": 1.6460639500746608,
      "n_cells": 3639
    },
    "6": {
      "A": 3.2170904775131945,
      "P": 13.366834170854272,
      "NPI": 2.1022869316015433,
      "n_cells": 1274
    },
    "7": {
      "A": 8.80028282114088,
      "P": 19.195979899497488,
      "NPI": 1.8253957695016314,
      "n_cells": 3485
    },
    "8": {
      "A": 6.073078962652459,
      "P": 12.864321608040202,
      "NPI": 1.4725752366316074,
      "n_cells": 2405
    },
    "10": {
      "A": 6.663973131991617,
      "P": 15.678391959798997,
      "NPI": 1.713286397679379,
      "n_cells": 2639
    },
    "11": {
      "A": 5.754905179162143,
      "P": 14.371859296482413,
      "NPI": 1.6900086930061347,
      "n_cells": 2279
    },
    "12": {
      "A": 8.136158177823793,
      "P": 14.974874371859297,
      "NPI": 1.4809778530940845,
      "n_cells": 3222
    },
    "15": {
      "A": 5.434206206913967,
      "P": 10.452261306532664,
      "NPI": 1.2648448868570779,
      "n_cells": 2152
    },
    "18": {
      "A": 4.903916567763441,
      "P": 13.969849246231156,
      "NPI": 1.7795707184010507,
      "n_cells": 1942
    },
    "21": {
      "A": 8.191712330496706,
      "P": 15.376884422110553,
      "NPI": 1.5155702501063775,
      "n_cells": 3244
    },
    "23": {
      "A": 4.7044266558925285,
      "P": 10.452261306532664,
      "NPI": 1.3594147427532006,
      "n_cells": 1863
    },
    "30": {
      "A": 6.845786722557512,
      "P": 13.969849246231156,
      "NPI": 1.5061738567693883,
      "n_cells": 2711
    },
    "31": {
      "A": 2.3130729021994396,
      "P": 8.14070351758794,
      "NPI": 1.5099492325150414,
      "n_cells": 916
    },
    "34": {
      "A": 3.1034569834095103,
      "P": 9.045226130653267,
      "NPI": 1.4484103904434658,
      "n_cells": 1229
    },
    "35": {
      "A": 4.307972020908563,
      "P": 11.859296482412061,
      "NPI": 1.6118237752035158,
      "n_cells": 1706
    },
    "38": {
      "A": 5.035226383172143,
      "P": 17.185929648241206,
      "NPI": 2.160521522850957,
      "n_cells": 1994
    },
    "39": {
      "A": 6.131158304083231,
      "P": 16.78391959798995,
      "NPI": 1.9121290237673985,
      "n_cells": 2428
    }
  },
  "mean_npi_baseline": 1.6531524045859713,
  "max_npi_baseline": 2.160521522850957,
  "p90_npi_baseline": 1.969176396117642,
  "n_catchments_baseline": 18,
  "worst_catchment_site": 38,
  "worst_catchment_npi": 2.160521522850957,
  "min_mean_npi_threshold": 1.3,
  "min_max_npi_threshold": 1.65,
  "base_seed": 8,
  "attempt": 0,
  "uncapacitated": true,
  "pair_id": "shape_niceness_easy_07",
  "difficulty": "easy",
  "tier_kwargs": {
    "min_mean_npi": 1.3,
    "min_max_npi": 1.65
  },
  "per_catchment_solidity": {
    "2": {
      "A": 2.2019645968536152,
      "A_hull": 2.5403398904068086,
      "solidity": 0.8667992047713717
    },
    "5": {
      "A": 9.189161889851267,
      "A_hull": 10.788868967955356,
      "solidity": 0.8517261556465769
    },
    "6": {
      "A": 3.2170904775131945,
      "A_hull": 4.241054518825283,
      "solidity": 0.7585590949687406
    },
    "7": {
      "A": 8.80028282114088,
      "A_hull": 11.079265675109218,
      "solidity": 0.7943019943019941
    },
    "8": {
      "A": 6.073078962652459,
      "A_hull": 6.568015959192947,
      "solidity": 0.9246443675509424
    },
    "10": {
      "A": 6.663973131991617,
      "A_hull": 8.493472387060933,
      "solidity": 0.7845993756503643
    },
    "11": {
      "A": 5.754905179162143,
      "A_hull": 7.133658240953512,
      "solidity": 0.8067256637168142
    },
    "12": {
      "A": 8.136158177823793,
      "A_hull": 8.50736092522916,
      "solidity": 0.9563668744434553
    },
    "15": {
      "A": 5.434206206913967,
      "A_hull": 5.4783970101765105,
      "solidity": 0.9919336252592764
    },
    "18": {
      "A": 4.903916567763441,
      "A_hull": 6.036463725663494,
      "solidity": 0.8123823467893747
    },
    "21": {
      "A": 8.191712330496706,
      "A_hull": 9.285119062649937,
      "solidity": 0.8822409573021484
    },
    "23": {
      "A": 4.7044266558925285,
      "A_hull": 4.960733314815281,
      "solidity": 0.9483329091371855
    },
    "30": {
      "A": 6.845786722557512,
      "A_hull": 7.479609100780283,
      "solidity": 0.9152599594868334
    },
    "31": {
      "A": 2.3130729021994396,
      "A_hull": 2.2335294563268597,
      "solidity": 1.0
    },
    "34": {
      "A": 3.1034569834095103,
      "A_hull": 3.253705714502159,
      "solidity": 0.9538222739619715
    },
    "35": {
      "A": 4.307972020908563,
      "A_hull": 5.041539355066791,
      "solidity": 0.8544953668920612
    },
    "38": {
      "A": 5.035226383172143,
      "A_hull": 6.783919597989951,
      "solidity": 0.7422296668527824
    },
    "39": {
      "A": 6.131158304083231,
      "A_hull": 7.439206080654531,
      "solidity": 0.8241683638832313
    }
  },
  "globally_clustered_sites": [],
  "clustered_sites_radius": 1.35,
  "clustered_sites_min_sites": 4
}