{
  "archetype": "cluster",
  "cluster_center": [
    5.2344742987030735,
    3.3939328310412544
  ],
  "cluster_radius": 1.3,
  "affected_sites": [
    2,
    4,
    5,
    8
  ],
  "cluster_size": 4,
  "cluster_density_ratio": 4.18553433509258,
  "cluster_min_sites": 4,
  "cluster_density_factor": 1.5,
  "base_seed": 15904,
  "attempt": 0,
  "pair_id": "cluster_hard_04",
  "difficulty": "hard",
  "tier_kwargs": {
    "cluster_radius": 1.3,
    "cluster_min_sites": 4,
    "cluster_density_factor": 1.5
  },
  "per_catchment_solidity": {
    "1": {
      "A": 4.866038736395546,
      "A_hull": 6.709426529633091,
      "solidity": 0.725254045916447
    },
    "2": {
      "A": 4.512512310295195,
      "A_hull": 7.083154465796319,
      "solidity": 0.6370766488413547
    },
    "4": {
      "A": 4.7928082624176165,
      "A_hull": 5.388752809272495,
      "solidity": 0.8894095595126522
    },
    "5": {
      "A": 2.7524557460670187,
      "A_hull": 2.709527537183404,
      "solidity": 1.0
    },
    "6": {
      "A": 5.739754046614985,
      "A_hull": 6.1715613242089855,
      "solidity": 0.9300327332242225
    },
    "7": {
      "A": 2.843362541349966,
      "A_hull": 2.909017449054318,
      "solidity": 0.9774305555555551
    },
    "8": {
      "A": 1.5125880659579305,
      "A_hull": 1.4810232064846844,
      "solidity": 1.0
    },
    "10": {
      "A": 6.802858513673898,
      "A_hull": 7.060427766975583,
      "solidity": 0.9635193133047208
    },
    "11": {
      "A": 7.201838337415722,
      "A_hull": 7.684149390166913,
      "solidity": 0.9372329937561621
    },
    "13": {
      "A": 8.343223655968284,
      "A_hull": 9.02502462059039,
      "solidity": 0.9244543928371572
    },
    "24": {
      "A": 7.9417186434686,
      "A_hull": 9.942930734072371,
      "solidity": 0.7987301587301588
    },
    "27": {
      "A": 5.477134415797582,
      "A_hull": 6.719527284664531,
      "solidity": 0.8151071025930099
    },
    "28": {
      "A": 5.91651725966516,
      "A_hull": 8.594479937375322,
      "solidity": 0.6884089907448213
    },
    "29": {
      "A": 9.257341986313477,
      "A_hull": 9.581828741698441,
      "solidity": 0.966135195677955
    },
    "32": {
      "A": 4.507461932779476,
      "A_hull": 4.636246559430319,
      "solidity": 0.9722222222222221
    },
    "33": {
      "A": 6.9316431403247405,
      "A_hull": 7.767480619176283,
      "solidity": 0.8923927178153449
    },
    "38": {
      "A": 4.805434206206915,
      "A_hull": 5.021337845003914,
      "solidity": 0.9570027659039478
    },
    "39": {
      "A": 6.802858513673898,
      "A_hull": 8.144996338476302,
      "solidity": 0.8352193458378546
    }
  },
  "globally_clustered_sites": [
    2,
    4,
    5,
    8
  ],
  "clustered_sites_radius": 1.3,
  "clustered_sites_min_sites": 4
}