{
  "archetype": "contiguity",
  "culprits": [
    {
      "site": 3,
      "n_components": 2,
      "components": [
        [
          2,
          17,
          22,
          18,
          19
        ],
        [
          69
        ]
      ],
      "component_voters": [
        2594,
        2308
      ],
      "largest_component_voters": 2594,
      "disjoint_excess_voters": 2308,
      "worst_pair_separation_km": 3.1926450281882888
    }
  ],
  "n_split_sites_baseline": 1,
  "total_disjoint_excess_voters_baseline": 2308,
  "worst_culprit_site": 3,
  "worst_culprit_disjoint_voters": 2308,
  "smallest_component_centroid": [
    1.6296082180815612,
    0.8226086183128045
  ],
  "min_split_voters_threshold": 1,
  "min_separation_threshold_km": 3.0,
  "base_seed": 9,
  "attempt": 0,
  "pair_id": "contiguity_easy_04",
  "difficulty": "easy",
  "tier_kwargs": {
    "min_split_voters": 1,
    "min_separation": 3.0
  },
  "per_catchment_solidity": {
    "0": {
      "A": 3.6943511527486685,
      "A_hull": 3.9822226711446698,
      "solidity": 0.9277108433734937
    },
    "1": {
      "A": 5.56046564480695,
      "A_hull": 7.465720562612056,
      "solidity": 0.7447995941146627
    },
    "3": {
      "A": 5.833186030655792,
      "A_hull": 11.074215297593495,
      "solidity": 0.5267358339984038
    },
    "5": {
      "A": 8.0856544026666,
      "A_hull": 10.580540895431934,
      "solidity": 0.764200477326969
    },
    "7": {
      "A": 5.121082800939371,
      "A_hull": 5.867276078886898,
      "solidity": 0.8728211749515816
    },
    "8": {
      "A": 5.371076487967477,
      "A_hull": 5.441781773187543,
      "solidity": 0.9870069605568452
    },
    "10": {
      "A": 6.131158304083231,
      "A_hull": 6.6892250195702125,
      "solidity": 0.9165722914307287
    },
    "11": {
      "A": 7.2321406025100385,
      "A_hull": 7.841973687533142,
      "solidity": 0.9222347448075997
    },
    "14": {
      "A": 4.782707507386178,
      "A_hull": 5.143809499760108,
      "solidity": 0.9297987236131565
    },
    "22": {
      "A": 5.158960632307266,
      "A_hull": 5.090780535845055,
      "solidity": 1.0
    },
    "28": {
      "A": 7.681624201409056,
      "A_hull": 8.344486250347213,
      "solidity": 0.9205628688152521
    },
    "29": {
      "A": 3.747380116663721,
      "A_hull": 3.7839953536526862,
      "solidity": 0.9903236569903235
    },
    "31": {
      "A": 8.413928941188354,
      "A_hull": 8.732102724678672,
      "solidity": 0.963562753036437
    },
    "32": {
      "A": 2.426706396303124,
      "A_hull": 2.565591777985404,
      "solidity": 0.9458661417322837
    },
    "36": {
      "A": 9.671472942602461,
      "A_hull": 10.003535264261002,
      "solidity": 0.9668055029660486
    },
    "37": {
      "A": 4.575642029241687,
      "A_hull": 4.521350470947703,
      "solidity": 1.0
    },
    "38": {
      "A": 4.866038736395546,
      "A_hull": 5.28143228706346,
      "solidity": 0.9213483146067414
    },
    "39": {
      "A": 2.6539733845104925,
      "A_hull": 2.5883184768061414,
      "solidity": 1.0
    }
  },
  "globally_clustered_sites": [],
  "clustered_sites_radius": 1.35,
  "clustered_sites_min_sites": 4
}