{
  "archetype": "shape_niceness",
  "per_catchment_npi": {
    "0": {
      "A": 4.504936744021616,
      "P": 13.869346733668342,
      "NPI": 1.8433454234210003,
      "n_cells": 1784
    },
    "2": {
      "A": 6.312971894649126,
      "P": 13.06532663316583,
      "NPI": 1.4668929172241663,
      "n_cells": 2500
    },
    "4": {
      "A": 4.7751319411125985,
      "P": 13.467336683417086,
      "NPI": 1.7385376393343959,
      "n_cells": 1891
    },
    "5": {
      "A": 2.623671119416177,
      "P": 11.658291457286433,
      "NPI": 2.0303704267369858,
      "n_cells": 1039
    },
    "7": {
      "A": 5.542789323501933,
      "P": 16.180904522613066,
      "NPI": 1.9388029747342264,
      "n_cells": 2195
    },
    "8": {
      "A": 3.494861240877756,
      "P": 10.954773869346734,
      "NPI": 1.6530405855770003,
      "n_cells": 1384
    },
    "9": {
      "A": 4.0857554102169145,
      "P": 9.648241206030152,
      "NPI": 1.3465021092459681,
      "n_cells": 1618
    },
    "10": {
      "A": 7.441731269412389,
      "P": 14.170854271356784,
      "NPI": 1.4653929856465342,
      "n_cells": 2947
    },
    "18": {
      "A": 5.3054215802631255,
      "P": 10.150753768844222,
      "NPI": 1.2431782726129164,
      "n_cells": 2101
    },
    "22": {
      "A": 5.732178480341406,
      "P": 13.869346733668342,
      "NPI": 1.6341473780160407,
      "n_cells": 2270
    },
    "23": {
      "A": 9.494709729552286,
      "P": 14.673366834170855,
      "NPI": 1.3433339691347415,
      "n_cells": 3760
    },
    "24": {
      "A": 8.110906290245197,
      "P": 18.391959798994975,
      "NPI": 1.821748350980228,
      "n_cells": 3212
    },
    "26": {
      "A": 7.7851569404813015,
      "P": 17.587939698492463,
      "NPI": 1.7781825743492417,
      "n_cells": 3083
    },
    "31": {
      "A": 7.358400040403021,
      "P": 14.070351758793972,
      "NPI": 1.4632156098118094,
      "n_cells": 2914
    },
    "32": {
      "A": 5.739754046614985,
      "P": 11.155778894472363,
      "NPI": 1.3135551895929918,
      "n_cells": 2273
    },
    "33": {
      "A": 4.944319587889195,
      "P": 13.266331658291458,
      "NPI": 1.683033076168804,
      "n_cells": 1958
    },
    "34": {
      "A": 4.2978712658771245,
      "P": 11.758793969849247,
      "NPI": 1.6000411334257851,
      "n_cells": 1702
    },
    "36": {
      "A": 3.4569834095098613,
      "P": 9.246231155778895,
      "NPI": 1.4028497753079345,
      "n_cells": 1369
    }
  },
  "mean_npi_baseline": 1.5981205772955984,
  "max_npi_baseline": 2.0303704267369858,
  "p90_npi_baseline": 1.8719826888149682,
  "n_catchments_baseline": 18,
  "worst_catchment_site": 5,
  "worst_catchment_npi": 2.0303704267369858,
  "min_mean_npi_threshold": 1.5,
  "min_max_npi_threshold": 2.0,
  "base_seed": 24,
  "attempt": 0,
  "vague_text": "Several polling places have catchments that look bizarre \u2014 stringy or with awkward protrusions. Reshape so the service areas are visually compact.",
  "precise_text": "The catchment of polling place 5 has a weird shape \u2014 stretched and jagged rather than a nice compact region. Reshape it.",
  "vague_template_idx": 3,
  "precise_template_idx": 1,
  "pair_id": "21"
}