{
  "archetype": "shape_niceness",
  "per_catchment_npi": {
    "0": {
      "A": 5.386227620514634,
      "P": 12.462311557788945,
      "NPI": 1.514786134188907,
      "n_cells": 2133
    },
    "1": {
      "A": 5.080679780813616,
      "P": 12.160804020100503,
      "NPI": 1.521936195479226,
      "n_cells": 2012
    },
    "2": {
      "A": 2.4494330951238608,
      "P": 8.040201005025127,
      "NPI": 1.449202863566499,
      "n_cells": 970
    },
    "4": {
      "A": 5.833186030655792,
      "P": 13.366834170854272,
      "NPI": 1.5612437567009498,
      "n_cells": 2310
    },
    "5": {
      "A": 6.333173404712003,
      "P": 14.371859296482413,
      "NPI": 1.6110066570910007,
      "n_cells": 2508
    },
    "6": {
      "A": 1.9620716648569483,
      "P": 7.336683417085428,
      "NPI": 1.4775337653117508,
      "n_cells": 777
    },
    "7": {
      "A": 4.1741370167420015,
      "P": 10.35175879396985,
      "NPI": 1.4293081219652857,
      "n_cells": 1653
    },
    "11": {
      "A": 6.451857276331406,
      "P": 14.773869346733669,
      "NPI": 1.6407671265060466,
      "n_cells": 2555
    },
    "16": {
      "A": 5.871063862023687,
      "P": 11.859296482412061,
      "NPI": 1.3806881337494732,
      "n_cells": 2325
    },
    "19": {
      "A": 8.94169339158102,
      "P": 15.577889447236181,
      "NPI": 1.469581913773215,
      "n_cells": 3541
    },
    "20": {
      "A": 6.509936617762178,
      "P": 14.673366834170857,
      "NPI": 1.622319778553009,
      "n_cells": 2578
    },
    "22": {
      "A": 11.386076109189164,
      "P": 15.678391959798997,
      "NPI": 1.3107188473080575,
      "n_cells": 4509
    },
    "27": {
      "A": 5.403903941819651,
      "P": 12.261306532663317,
      "NPI": 1.4879146081981671,
      "n_cells": 2140
    },
    "32": {
      "A": 5.717027347794248,
      "P": 12.261306532663317,
      "NPI": 1.446594078664557,
      "n_cells": 2264
    },
    "33": {
      "A": 3.502436807151335,
      "P": 8.84422110552764,
      "NPI": 1.3331208021994359,
      "n_cells": 1387
    },
    "34": {
      "A": 8.259892426958917,
      "P": 15.175879396984925,
      "NPI": 1.4895728188917075,
      "n_cells": 3271
    },
    "36": {
      "A": 4.4746344789273005,
      "P": 11.658291457286433,
      "NPI": 1.5547164513403509,
      "n_cells": 1772
    },
    "37": {
      "A": 3.270119441428247,
      "P": 9.045226130653267,
      "NPI": 1.4110184383179163,
      "n_cells": 1295
    }
  },
  "mean_npi_baseline": 1.4840016939891973,
  "max_npi_baseline": 1.6407671265060466,
  "p90_npi_baseline": 1.614400593529603,
  "n_catchments_baseline": 18,
  "worst_catchment_site": 11,
  "worst_catchment_npi": 1.6407671265060466,
  "min_mean_npi_threshold": 1.2,
  "min_max_npi_threshold": 1.45,
  "base_seed": 7922,
  "attempt": 0,
  "uncapacitated": true,
  "pair_id": "shape_niceness_med_02",
  "difficulty": "med",
  "tier_kwargs": {
    "min_mean_npi": 1.2,
    "min_max_npi": 1.45
  },
  "per_catchment_solidity": {
    "0": {
      "A": 5.386227620514634,
      "A_hull": 5.6677861670159855,
      "solidity": 0.9503230118066384
    },
    "1": {
      "A": 5.080679780813616,
      "A_hull": 5.541526729123004,
      "solidity": 0.9168375484164956
    },
    "2": {
      "A": 2.4494330951238608,
      "A_hull": 2.5857932880482823,
      "solidity": 0.9472656249999998
    },
    "4": {
      "A": 5.833186030655792,
      "A_hull": 6.57054114795081,
      "solidity": 0.8877786318216756
    },
    "5": {
      "A": 6.333173404712003,
      "A_hull": 7.2813817832883005,
      "solidity": 0.8697763135078899
    },
    "6": {
      "A": 1.9620716648569483,
      "A_hull": 1.9216686447311944,
      "solidity": 1.0
    },
    "7": {
      "A": 4.1741370167420015,
      "A_hull": 4.395091033054721,
      "solidity": 0.9497270899166906
    },
    "11": {
      "A": 6.451857276331406,
      "A_hull": 7.421529759349512,
      "solidity": 0.8693433140523987
    },
    "16": {
      "A": 5.871063862023687,
      "A_hull": 6.1715613242089855,
      "solidity": 0.9513093289689033
    },
    "19": {
      "A": 8.94169339158102,
      "A_hull": 9.45178152066867,
      "solidity": 0.9460325941757949
    },
    "20": {
      "A": 6.509936617762178,
      "A_hull": 8.543976162218126,
      "solidity": 0.7619329097088814
    },
    "22": {
      "A": 11.386076109189164,
      "A_hull": 11.561576727860407,
      "solidity": 0.9848203560117944
    },
    "27": {
      "A": 5.403903941819651,
      "A_hull": 5.701876215247089,
      "solidity": 0.9477413640389727
    },
    "32": {
      "A": 5.717027347794248,
      "A_hull": 6.338223782227724,
      "solidity": 0.9019920318725098
    },
    "33": {
      "A": 3.502436807151335,
      "A_hull": 3.3736521805004926,
      "solidity": 1.0
    },
    "34": {
      "A": 8.259892426958917,
      "A_hull": 8.484634226408424,
      "solidity": 0.973511904761905
    },
    "36": {
      "A": 4.4746344789273005,
      "A_hull": 5.112244640286858,
      "solidity": 0.8752778463818235
    },
    "37": {
      "A": 3.270119441428247,
      "A_hull": 3.190575995555669,
      "solidity": 1.0
    }
  },
  "globally_clustered_sites": [],
  "clustered_sites_radius": 1.35,
  "clustered_sites_min_sites": 4
}