{
  "archetype": "contiguity",
  "culprits": [
    {
      "site": 8,
      "n_components": 2,
      "components": [
        [
          77
        ],
        [
          32,
          28,
          23,
          26
        ]
      ],
      "component_voters": [
        2376,
        2251
      ],
      "largest_component_voters": 2376,
      "disjoint_excess_voters": 2251,
      "worst_pair_separation_km": 3.4346253203379105
    }
  ],
  "n_split_sites_baseline": 1,
  "total_disjoint_excess_voters_baseline": 2251,
  "worst_culprit_site": 8,
  "worst_culprit_disjoint_voters": 2251,
  "smallest_component_centroid": [
    7.091427026498135,
    3.857769912955486
  ],
  "min_split_voters_threshold": 1,
  "min_separation_threshold_km": 3.0,
  "base_seed": 6,
  "attempt": 0,
  "pair_id": "contiguity_easy_00",
  "difficulty": "easy",
  "tier_kwargs": {
    "min_split_voters": 1,
    "min_separation": 3.0
  },
  "per_catchment_solidity": {
    "0": {
      "A": 3.588293224918563,
      "A_hull": 4.655185475114266,
      "solidity": 0.7708163818822891
    },
    "1": {
      "A": 6.381151991111336,
      "A_hull": 6.819272240599983,
      "solidity": 0.9357526384002965
    },
    "2": {
      "A": 4.4216055150122475,
      "A_hull": 4.91654251155274,
      "solidity": 0.8993323061119669
    },
    "3": {
      "A": 4.47715966768516,
      "A_hull": 5.004924118077827,
      "solidity": 0.8945509586276488
    },
    "4": {
      "A": 6.0124744324638275,
      "A_hull": 7.8116714224388275,
      "solidity": 0.7696783578470988
    },
    "5": {
      "A": 3.82818615691523,
      "A_hull": 6.593267846771546,
      "solidity": 0.5806204519341249
    },
    "6": {
      "A": 3.315572839069721,
      "A_hull": 4.164036261710564,
      "solidity": 0.7962401455427531
    },
    "8": {
      "A": 7.166485694805687,
      "A_hull": 11.932779475265777,
      "solidity": 0.6005713681091948
    },
    "10": {
      "A": 9.199262644882706,
      "A_hull": 10.29771975455165,
      "solidity": 0.8933300637567438
    },
    "12": {
      "A": 5.873589050781547,
      "A_hull": 6.421555011237089,
      "solidity": 0.9146677152968937
    },
    "16": {
      "A": 7.07557889952274,
      "A_hull": 8.312921390873965,
      "solidity": 0.8511543134872421
    },
    "17": {
      "A": 7.9088911896164245,
      "A_hull": 9.096992500189387,
      "solidity": 0.8693962526023598
    },
    "18": {
      "A": 5.913992070907301,
      "A_hull": 7.382389333602688,
      "solidity": 0.8010945784162818
    },
    "20": {
      "A": 8.643721118153582,
      "A_hull": 9.009873488043233,
      "solidity": 0.959360986547085
    },
    "22": {
      "A": 2.5958940430797206,
      "A_hull": 2.4999368702810543,
      "solidity": 1.0
    },
    "25": {
      "A": 4.414029948738668,
      "A_hull": 4.998611146183176,
      "solidity": 0.8830512755746402
    },
    "33": {
      "A": 6.0124744324638275,
      "A_hull": 7.022549935607689,
      "solidity": 0.8561668464581085
    },
    "36": {
      "A": 4.179187394257721,
      "A_hull": 4.729678543471125,
      "solidity": 0.8836091831286706
    }
  },
  "globally_clustered_sites": [],
  "clustered_sites_radius": 1.35,
  "clustered_sites_min_sites": 4
}