{
  "archetype": "contiguity",
  "culprits": [
    {
      "site": 25,
      "n_components": 2,
      "components": [
        [
          25
        ],
        [
          38
        ]
      ],
      "component_voters": [
        1163,
        194
      ],
      "largest_component_voters": 1163,
      "disjoint_excess_voters": 194,
      "worst_pair_separation_km": 2.1206405943621562
    }
  ],
  "n_split_sites_baseline": 1,
  "total_disjoint_excess_voters_baseline": 194,
  "worst_culprit_site": 25,
  "worst_culprit_disjoint_voters": 194,
  "smallest_component_centroid": [
    7.640029415369519,
    7.171221963475904
  ],
  "min_split_voters_threshold": 1,
  "min_separation_threshold_km": 1.8,
  "base_seed": 7947,
  "attempt": 0,
  "pair_id": "contiguity_med_17",
  "difficulty": "med",
  "tier_kwargs": {
    "min_split_voters": 1,
    "min_separation": 1.8
  },
  "per_catchment_solidity": {
    "1": {
      "A": 3.626171056286458,
      "A_hull": 3.9203555465771065,
      "solidity": 0.9249597423510468
    },
    "2": {
      "A": 3.7145526628115455,
      "A_hull": 3.948132622913565,
      "solidity": 0.9408378637671886
    },
    "3": {
      "A": 4.689275523345371,
      "A_hull": 5.687987677078861,
      "solidity": 0.8244173140954497
    },
    "5": {
      "A": 7.482134289538144,
      "A_hull": 8.269993181990355,
      "solidity": 0.9047328244274809
    },
    "7": {
      "A": 3.9746471048710896,
      "A_hull": 6.369788641700969,
      "solidity": 0.6239841427155599
    },
    "8": {
      "A": 9.719451529001795,
      "A_hull": 10.868412413827933,
      "solidity": 0.8942843866171006
    },
    "15": {
      "A": 5.078154592055757,
      "A_hull": 4.9619959091942105,
      "solidity": 1.0
    },
    "17": {
      "A": 9.38612661296432,
      "A_hull": 10.01994899118709,
      "solidity": 0.9367439516129036
    },
    "18": {
      "A": 6.391252746142775,
      "A_hull": 7.66016009696725,
      "solidity": 0.8343497610021426
    },
    "21": {
      "A": 9.120981793389056,
      "A_hull": 10.903765056437967,
      "solidity": 0.8364983788791108
    },
    "22": {
      "A": 7.090730032069898,
      "A_hull": 7.345774096613721,
      "solidity": 0.9652801650051566
    },
    "25": {
      "A": 3.1034569834095103,
      "A_hull": 6.042776697558139,
      "solidity": 0.5135812787296284
    },
    "29": {
      "A": 6.9669957829347755,
      "A_hull": 7.636170803767581,
      "solidity": 0.9123677248677251
    },
    "30": {
      "A": 5.3938031867882135,
      "A_hull": 5.586980126764475,
      "solidity": 0.9654237288135596
    },
    "31": {
      "A": 3.6640488876543524,
      "A_hull": 3.778944976136968,
      "solidity": 0.9695957233544935
    },
    "32": {
      "A": 3.156485947324563,
      "A_hull": 3.284007979596476,
      "solidity": 0.9611687812379852
    },
    "34": {
      "A": 4.522613065326634,
      "A_hull": 4.633721370672458,
      "solidity": 0.9760217983651227
    },
    "37": {
      "A": 3.926668518471756,
      "A_hull": 3.814297618747001,
      "solidity": 1.0
    }
  },
  "globally_clustered_sites": [],
  "clustered_sites_radius": 1.35,
  "clustered_sites_min_sites": 4,
  "vague_text": "There are visible service-area splits: opened sites whose catchments appear in disconnected regions. Eliminate them.",
  "precise_text": "Polling place 25's service area is split into disconnected pockets \u2014 its catchment isn't a single contiguous region. Fix the split, but be mindful about causing this issue elsewhere.",
  "vague_template_idx": 4,
  "precise_template_idx": 0
}