{
  "archetype": "shape_niceness",
  "per_catchment_npi": {
    "1": {
      "A": 4.009999747481125,
      "P": 14.07035175879397,
      "NPI": 1.9821104458119663,
      "n_cells": 1588
    },
    "2": {
      "A": 3.3862781242897912,
      "P": 13.467336683417086,
      "NPI": 2.064502785097775,
      "n_cells": 1341
    },
    "3": {
      "A": 8.838160652508776,
      "P": 15.77889447236181,
      "NPI": 1.4972374928079337,
      "n_cells": 3500
    },
    "4": {
      "A": 2.6034696093532994,
      "P": 8.84422110552764,
      "NPI": 1.5462453377856742,
      "n_cells": 1031
    },
    "5": {
      "A": 5.34329941163102,
      "P": 15.075376884422113,
      "NPI": 1.8397486420035534,
      "n_cells": 2116
    },
    "6": {
      "A": 6.906391252746143,
      "P": 16.582914572864325,
      "NPI": 1.7800423809585735,
      "n_cells": 2735
    },
    "7": {
      "A": 1.37117749551779,
      "P": 6.030150753768845,
      "NPI": 1.4527015477564071,
      "n_cells": 543
    },
    "8": {
      "A": 3.588293224918563,
      "P": 9.547738693467338,
      "NPI": 1.421842953388959,
      "n_cells": 1421
    },
    "13": {
      "A": 9.54016312719376,
      "P": 17.386934673366838,
      "NPI": 1.5879623088185506,
      "n_cells": 3778
    },
    "15": {
      "A": 6.676599075780915,
      "P": 11.557788944723619,
      "NPI": 1.2618048099884833,
      "n_cells": 2644
    },
    "17": {
      "A": 8.295245069568951,
      "P": 16.28140703517588,
      "NPI": 1.594675754487571,
      "n_cells": 3285
    },
    "20": {
      "A": 7.853337036943512,
      "P": 15.376884422110553,
      "NPI": 1.5478764756332348,
      "n_cells": 3110
    },
    "23": {
      "A": 5.451882528218985,
      "P": 12.763819095477388,
      "NPI": 1.5420642304724004,
      "n_cells": 2159
    },
    "26": {
      "A": 5.843286785687231,
      "P": 14.673366834170857,
      "NPI": 1.7123646044039784,
      "n_cells": 2314
    },
    "30": {
      "A": 4.323123153455722,
      "P": 11.859296482412061,
      "NPI": 1.6089968386075244,
      "n_cells": 1712
    },
    "33": {
      "A": 3.0074998106108435,
      "P": 9.045226130653267,
      "NPI": 1.471335427868282,
      "n_cells": 1191
    },
    "35": {
      "A": 5.881164617055125,
      "P": 12.160804020100503,
      "NPI": 1.4145740594588212,
      "n_cells": 2329
    },
    "38": {
      "A": 8.08817959142446,
      "P": 12.864321608040202,
      "NPI": 1.2760173042949698,
      "n_cells": 3203
    }
  },
  "mean_npi_baseline": 1.5890057444247032,
  "max_npi_baseline": 2.064502785097775,
  "p90_npi_baseline": 1.8824571831460772,
  "n_catchments_baseline": 18,
  "worst_catchment_site": 2,
  "worst_catchment_npi": 2.064502785097775,
  "min_mean_npi_threshold": 1.5,
  "min_max_npi_threshold": 2.0,
  "base_seed": 13,
  "attempt": 0,
  "vague_text": "Several polling places have catchments that look bizarre \u2014 stringy or with awkward protrusions. Reshape so the service areas are visually compact.",
  "precise_text": "Polling place 2's service region has an ugly shape on the map \u2014 long and thin with awkward bumps. Tidy it up.",
  "vague_template_idx": 3,
  "precise_template_idx": 3,
  "pair_id": "12"
}