{
  "archetype": "shape_niceness",
  "per_catchment_npi": {
    "0": {
      "A": 3.343349915406177,
      "P": 8.442211055276383,
      "NPI": 1.302447891957089,
      "n_cells": 1324
    },
    "1": {
      "A": 4.449382591348704,
      "P": 11.557788944723619,
      "NPI": 1.5456812971653358,
      "n_cells": 1762
    },
    "2": {
      "A": 5.881164617055125,
      "P": 12.261306532663317,
      "NPI": 1.4262647541650924,
      "n_cells": 2329
    },
    "3": {
      "A": 6.141259059114669,
      "P": 13.768844221105528,
      "NPI": 1.567342267018718,
      "n_cells": 2432
    },
    "6": {
      "A": 7.651321936314741,
      "P": 15.879396984924625,
      "NPI": 1.6194249884751502,
      "n_cells": 3030
    },
    "7": {
      "A": 7.610918916188986,
      "P": 15.879396984924625,
      "NPI": 1.623717706379612,
      "n_cells": 3014
    },
    "8": {
      "A": 6.5250877503093365,
      "P": 14.773869346733669,
      "NPI": 1.631534056860013,
      "n_cells": 2584
    },
    "9": {
      "A": 4.893815812732003,
      "P": 11.859296482412061,
      "NPI": 1.5122729520623146,
      "n_cells": 1938
    },
    "13": {
      "A": 5.209464407464458,
      "P": 12.361809045226131,
      "NPI": 1.5278494461938605,
      "n_cells": 2063
    },
    "17": {
      "A": 5.194313274917301,
      "P": 13.969849246231156,
      "NPI": 1.7291103805981223,
      "n_cells": 2057
    },
    "18": {
      "A": 6.333173404712003,
      "P": 13.06532663316583,
      "NPI": 1.4645515064463643,
      "n_cells": 2508
    },
    "21": {
      "A": 4.338274286002879,
      "P": 10.050251256281408,
      "NPI": 1.361173495171307,
      "n_cells": 1718
    },
    "24": {
      "A": 10.441655513749653,
      "P": 15.979899497487438,
      "NPI": 1.3950328390956823,
      "n_cells": 4135
    },
    "27": {
      "A": 5.509961869649757,
      "P": 12.964824120603016,
      "NPI": 1.5580715618172247,
      "n_cells": 2182
    },
    "28": {
      "A": 4.956945531678493,
      "P": 13.5678391959799,
      "NPI": 1.7190902704547775,
      "n_cells": 1963
    },
    "31": {
      "A": 4.550390141663089,
      "P": 10.452261306532664,
      "NPI": 1.3822322117963204,
      "n_cells": 1802
    },
    "36": {
      "A": 2.2120653518850535,
      "P": 7.236180904522613,
      "NPI": 1.372478364384691,
      "n_cells": 876
    },
    "38": {
      "A": 5.7650059341935815,
      "P": 10.954773869346734,
      "NPI": 1.2870594445894767,
      "n_cells": 2283
    }
  },
  "mean_npi_baseline": 1.5014075241461748,
  "max_npi_baseline": 1.7291103805981223,
  "p90_npi_baseline": 1.6578009209384423,
  "n_catchments_baseline": 18,
  "worst_catchment_site": 17,
  "worst_catchment_npi": 1.7291103805981223,
  "min_mean_npi_threshold": 1.15,
  "min_max_npi_threshold": 1.3,
  "base_seed": 15841,
  "attempt": 0,
  "uncapacitated": true,
  "pair_id": "shape_niceness_hard_02",
  "difficulty": "hard",
  "tier_kwargs": {
    "min_mean_npi": 1.15,
    "min_max_npi": 1.3
  },
  "per_catchment_solidity": {
    "0": {
      "A": 3.343349915406177,
      "A_hull": 3.3180980278275793,
      "solidity": 1.0
    },
    "1": {
      "A": 4.449382591348704,
      "A_hull": 5.237241483800916,
      "solidity": 0.8495660559305689
    },
    "2": {
      "A": 5.881164617055125,
      "A_hull": 6.4720587863942844,
      "solidity": 0.9087007413187669
    },
    "3": {
      "A": 6.141259059114669,
      "A_hull": 6.811696674326407,
      "solidity": 0.9015755329008341
    },
    "6": {
      "A": 7.651321936314741,
      "A_hull": 8.252316860685337,
      "solidity": 0.9271725826193391
    },
    "7": {
      "A": 7.610918916188986,
      "A_hull": 8.849524001919145,
      "solidity": 0.8600370951633614
    },
    "8": {
      "A": 6.5250877503093365,
      "A_hull": 8.032625438751547,
      "solidity": 0.8123231688148382
    },
    "9": {
      "A": 4.893815812732003,
      "A_hull": 5.33951162849423,
      "solidity": 0.916528730196264
    },
    "13": {
      "A": 5.209464407464458,
      "A_hull": 5.8799020226761955,
      "solidity": 0.885978097487653
    },
    "17": {
      "A": 5.194313274917301,
      "A_hull": 6.549077043509001,
      "solidity": 0.7931366878735302
    },
    "18": {
      "A": 6.333173404712003,
      "A_hull": 6.691750208328073,
      "solidity": 0.9464150943396227
    },
    "21": {
      "A": 4.338274286002879,
      "A_hull": 4.593318350546702,
      "solidity": 0.9444749862561852
    },
    "24": {
      "A": 10.441655513749653,
      "A_hull": 11.160071715360722,
      "solidity": 0.9356262020590566
    },
    "27": {
      "A": 5.509961869649757,
      "A_hull": 5.983434761748441,
      "solidity": 0.9208693817261027
    },
    "28": {
      "A": 4.956945531678493,
      "A_hull": 6.237216231913337,
      "solidity": 0.7947368421052631
    },
    "31": {
      "A": 4.550390141663089,
      "A_hull": 4.665286230145703,
      "solidity": 0.9753721244925575
    },
    "36": {
      "A": 2.2120653518850535,
      "A_hull": 2.334537006641246,
      "solidity": 0.9475392103839916
    },
    "38": {
      "A": 5.7650059341935815,
      "A_hull": 5.70061362086816,
      "solidity": 1.0
    }
  },
  "globally_clustered_sites": [],
  "clustered_sites_radius": 1.35,
  "clustered_sites_min_sites": 4
}