{
  "archetype": "shape_niceness",
  "per_catchment_npi": {
    "0": {
      "A": 7.3962778717709154,
      "P": 14.874371859296483,
      "NPI": 1.5428620373488242,
      "n_cells": 2929
    },
    "1": {
      "A": 3.929193707229616,
      "P": 9.84924623115578,
      "NPI": 1.401671822875046,
      "n_cells": 1556
    },
    "2": {
      "A": 5.219565162495897,
      "P": 11.055276381909549,
      "NPI": 1.365046703441186,
      "n_cells": 2067
    },
    "3": {
      "A": 2.3231736572308783,
      "P": 8.944723618090453,
      "NPI": 1.6554693963468772,
      "n_cells": 920
    },
    "6": {
      "A": 9.853286533168355,
      "P": 16.18090452261307,
      "NPI": 1.4541436366412095,
      "n_cells": 3902
    },
    "7": {
      "A": 5.719552536552108,
      "P": 13.5678391959799,
      "NPI": 1.6003859462358787,
      "n_cells": 2265
    },
    "9": {
      "A": 3.767581626726598,
      "P": 10.753768844221106,
      "NPI": 1.5628756678515237,
      "n_cells": 1492
    },
    "10": {
      "A": 4.628670993156739,
      "P": 10.35175879396985,
      "NPI": 1.3573162728531663,
      "n_cells": 1833
    },
    "13": {
      "A": 6.845786722557512,
      "P": 14.974874371859297,
      "NPI": 1.6145316881916463,
      "n_cells": 2711
    },
    "15": {
      "A": 4.025150880028282,
      "P": 9.949748743718594,
      "NPI": 1.3989947983198707,
      "n_cells": 1594
    },
    "18": {
      "A": 6.179136890482564,
      "P": 11.457286432160805,
      "NPI": 1.300208288749709,
      "n_cells": 2447
    },
    "19": {
      "A": 4.83826166005909,
      "P": 12.06030150753769,
      "NPI": 1.5467088031144807,
      "n_cells": 1916
    },
    "25": {
      "A": 4.752405242291862,
      "P": 13.266331658291458,
      "NPI": 1.71667935902845,
      "n_cells": 1882
    },
    "26": {
      "A": 8.189187141738845,
      "P": 17.386934673366838,
      "NPI": 1.713948200692665,
      "n_cells": 3243
    },
    "32": {
      "A": 5.961970657306634,
      "P": 11.35678391959799,
      "NPI": 1.3120654923751276,
      "n_cells": 2361
    },
    "34": {
      "A": 5.91651725966516,
      "P": 14.472361809045227,
      "NPI": 1.6784229585500534,
      "n_cells": 2343
    },
    "36": {
      "A": 7.863437791974951,
      "P": 16.984924623115578,
      "NPI": 1.7086474554282145,
      "n_cells": 3114
    },
    "38": {
      "A": 3.5983939799500018,
      "P": 9.246231155778895,
      "NPI": 1.3750087404276214,
      "n_cells": 1425
    }
  },
  "mean_npi_baseline": 1.516943737137308,
  "max_npi_baseline": 1.71667935902845,
  "p90_npi_baseline": 1.7102376790075497,
  "n_catchments_baseline": 18,
  "worst_catchment_site": 25,
  "worst_catchment_npi": 1.71667935902845,
  "min_mean_npi_threshold": 1.15,
  "min_max_npi_threshold": 1.3,
  "base_seed": 15843,
  "attempt": 0,
  "uncapacitated": true,
  "pair_id": "shape_niceness_hard_04",
  "difficulty": "hard",
  "tier_kwargs": {
    "min_mean_npi": 1.15,
    "min_max_npi": 1.3
  },
  "per_catchment_solidity": {
    "0": {
      "A": 7.3962778717709154,
      "A_hull": 8.583116587964954,
      "solidity": 0.8617240364813178
    },
    "1": {
      "A": 3.929193707229616,
      "A_hull": 3.9809600767657387,
      "solidity": 0.9869965112591184
    },
    "2": {
      "A": 5.219565162495897,
      "A_hull": 5.222090351253757,
      "solidity": 0.9995164410058026
    },
    "3": {
      "A": 2.3231736572308783,
      "A_hull": 2.565591777985404,
      "solidity": 0.9055118110236223
    },
    "6": {
      "A": 9.853286533168355,
      "A_hull": 11.46561955506174,
      "solidity": 0.8593767206254818
    },
    "7": {
      "A": 5.719552536552108,
      "A_hull": 6.376101613595619,
      "solidity": 0.8970297029702967
    },
    "9": {
      "A": 3.767581626726598,
      "A_hull": 3.978434888007879,
      "solidity": 0.9470009520787052
    },
    "10": {
      "A": 4.628670993156739,
      "A_hull": 4.593318350546704,
      "solidity": 1.0
    },
    "13": {
      "A": 6.845786722557512,
      "A_hull": 7.235928385646826,
      "solidity": 0.9460827080788695
    },
    "15": {
      "A": 4.025150880028282,
      "A_hull": 4.374889522991842,
      "solidity": 0.9200577200577204
    },
    "18": {
      "A": 6.179136890482564,
      "A_hull": 6.086967500820684,
      "solidity": 1.0
    },
    "19": {
      "A": 4.83826166005909,
      "A_hull": 5.147597282896898,
      "solidity": 0.9399067942114299
    },
    "25": {
      "A": 4.752405242291862,
      "A_hull": 6.018787404358476,
      "solidity": 0.789595133207468
    },
    "26": {
      "A": 8.189187141738845,
      "A_hull": 9.494709729552284,
      "solidity": 0.8625
    },
    "32": {
      "A": 5.961970657306634,
      "A_hull": 6.113481982778215,
      "solidity": 0.9752168525402722
    },
    "34": {
      "A": 5.91651725966516,
      "A_hull": 6.305396328375545,
      "solidity": 0.9383259911894275
    },
    "36": {
      "A": 7.863437791974951,
      "A_hull": 8.94548117471781,
      "solidity": 0.8790402258292168
    },
    "38": {
      "A": 3.5983939799500018,
      "A_hull": 3.507487184667055,
      "solidity": 1.0
    }
  },
  "globally_clustered_sites": [],
  "clustered_sites_radius": 1.35,
  "clustered_sites_min_sites": 4
}