{
  "archetype": "shape_niceness",
  "per_catchment_npi": {
    "0": {
      "A": 7.047801823186284,
      "P": 13.165829145728644,
      "NPI": 1.3989958978931136,
      "n_cells": 2791
    },
    "2": {
      "A": 3.004974621852984,
      "P": 11.658291457286433,
      "NPI": 1.897184519115276,
      "n_cells": 1190
    },
    "4": {
      "A": 2.5908436655640013,
      "P": 8.743718592964825,
      "NPI": 1.5323946810797384,
      "n_cells": 1026
    },
    "5": {
      "A": 7.085679654554179,
      "P": 15.678391959798997,
      "NPI": 1.6615209768708525,
      "n_cells": 2806
    },
    "6": {
      "A": 2.9367945253907735,
      "P": 10.85427135678392,
      "NPI": 1.7867301329195835,
      "n_cells": 1163
    },
    "8": {
      "A": 6.56549077043509,
      "P": 13.06532663316583,
      "NPI": 1.4384068479378982,
      "n_cells": 2600
    },
    "9": {
      "A": 9.97197040478776,
      "P": 18.291457286432163,
      "NPI": 1.6340031324969504,
      "n_cells": 3949
    },
    "11": {
      "A": 6.704376152117372,
      "P": 12.361809045226131,
      "NPI": 1.3467838887386274,
      "n_cells": 2655
    },
    "16": {
      "A": 7.6538471250726,
      "P": 13.969849246231156,
      "NPI": 1.4244489706534655,
      "n_cells": 3031
    },
    "18": {
      "A": 4.797858639933335,
      "P": 11.055276381909549,
      "NPI": 1.4237736408690864,
      "n_cells": 1900
    },
    "23": {
      "A": 9.113406227115478,
      "P": 14.07035175879397,
      "NPI": 1.3147998876572904,
      "n_cells": 3609
    },
    "26": {
      "A": 5.6589480063634765,
      "P": 12.06030150753769,
      "NPI": 1.4301624839500766,
      "n_cells": 2241
    },
    "31": {
      "A": 1.219666170046211,
      "P": 5.326633165829146,
      "NPI": 1.360590291979902,
      "n_cells": 483
    },
    "33": {
      "A": 5.186737708643721,
      "P": 12.56281407035176,
      "NPI": 1.5560905204077577,
      "n_cells": 2054
    },
    "35": {
      "A": 3.305472084038282,
      "P": 9.34673366834171,
      "NPI": 1.4502343546562446,
      "n_cells": 1309
    },
    "36": {
      "A": 4.310497209666423,
      "P": 10.452261306532664,
      "NPI": 1.420174277646659,
      "n_cells": 1707
    },
    "37": {
      "A": 9.732077472791092,
      "P": 15.577889447236181,
      "NPI": 1.408642887139509,
      "n_cells": 3854
    },
    "38": {
      "A": 4.1211080528269495,
      "P": 10.251256281407036,
      "NPI": 1.424508871303252,
      "n_cells": 1632
    }
  },
  "mean_npi_baseline": 1.4949692368508494,
  "max_npi_baseline": 1.897184519115276,
  "p90_npi_baseline": 1.699083723685472,
  "n_catchments_baseline": 18,
  "worst_catchment_site": 2,
  "worst_catchment_npi": 1.897184519115276,
  "min_mean_npi_threshold": 1.3,
  "min_max_npi_threshold": 1.65,
  "base_seed": 1,
  "attempt": 0,
  "uncapacitated": true,
  "pair_id": "shape_niceness_easy_00",
  "difficulty": "easy",
  "tier_kwargs": {
    "min_mean_npi": 1.3,
    "min_max_npi": 1.65
  },
  "per_catchment_solidity": {
    "0": {
      "A": 7.047801823186284,
      "A_hull": 7.392490088634125,
      "solidity": 0.9533731853116996
    },
    "2": {
      "A": 3.004974621852984,
      "A_hull": 3.4531956263730708,
      "solidity": 0.8702010968921392
    },
    "4": {
      "A": 2.5908436655640013,
      "A_hull": 2.81558546501351,
      "solidity": 0.9201793721973095
    },
    "5": {
      "A": 7.085679654554179,
      "A_hull": 8.038938410646198,
      "solidity": 0.8814198209517825
    },
    "6": {
      "A": 2.9367945253907735,
      "A_hull": 3.561778742961037,
      "solidity": 0.8245303084012762
    },
    "8": {
      "A": 6.56549077043509,
      "A_hull": 7.150071967879601,
      "solidity": 0.9182412149037611
    },
    "9": {
      "A": 9.97197040478776,
      "A_hull": 11.884800888866444,
      "solidity": 0.8390523743758632
    },
    "11": {
      "A": 6.704376152117372,
      "A_hull": 7.0073988030605285,
      "solidity": 0.956756756756757
    },
    "16": {
      "A": 7.6538471250726,
      "A_hull": 8.176561197949546,
      "solidity": 0.9360716491661522
    },
    "18": {
      "A": 4.797858639933335,
      "A_hull": 4.7498800535340004,
      "solidity": 1.0
    },
    "23": {
      "A": 9.113406227115478,
      "A_hull": 9.326784677154617,
      "solidity": 0.9771219710301883
    },
    "26": {
      "A": 5.6589480063634765,
      "A_hull": 5.862225701371177,
      "solidity": 0.9653241438724965
    },
    "31": {
      "A": 1.219666170046211,
      "A_hull": 1.1704249892679486,
      "solidity": 1.0
    },
    "33": {
      "A": 5.186737708643721,
      "A_hull": 5.70187621524709,
      "solidity": 0.9096545615589017
    },
    "35": {
      "A": 3.305472084038282,
      "A_hull": 3.410267417489457,
      "solidity": 0.9692706405035174
    },
    "36": {
      "A": 4.310497209666423,
      "A_hull": 4.773869346733668,
      "solidity": 0.9029357312880192
    },
    "37": {
      "A": 9.732077472791092,
      "A_hull": 9.841923183757986,
      "solidity": 0.9888389993585632
    },
    "38": {
      "A": 4.1211080528269495,
      "A_hull": 4.18297517739451,
      "solidity": 0.9852097796559013
    }
  },
  "globally_clustered_sites": [],
  "clustered_sites_radius": 1.35,
  "clustered_sites_min_sites": 4
}