{
  "archetype": "shape_niceness",
  "per_catchment_npi": {
    "0": {
      "A": 3.956970783566072,
      "P": 16.48241206030151,
      "NPI": 2.337407393686052,
      "n_cells": 1567
    },
    "1": {
      "A": 7.239716168783618,
      "P": 17.085427135678394,
      "NPI": 1.7912662306321143,
      "n_cells": 2867
    },
    "2": {
      "A": 6.222065099366178,
      "P": 13.165829145728644,
      "NPI": 1.4889359211439355,
      "n_cells": 2464
    },
    "3": {
      "A": 4.994823363046388,
      "P": 14.271356783919598,
      "NPI": 1.801358961364881,
      "n_cells": 1978
    },
    "4": {
      "A": 3.416580389384107,
      "P": 10.35175879396985,
      "NPI": 1.5798410350027834,
      "n_cells": 1353
    },
    "5": {
      "A": 5.047852326961441,
      "P": 11.758793969849247,
      "NPI": 1.4764016719488713,
      "n_cells": 1999
    },
    "11": {
      "A": 5.626120552511301,
      "P": 15.577889447236181,
      "NPI": 1.8526746902475912,
      "n_cells": 2228
    },
    "14": {
      "A": 5.92156763718088,
      "P": 11.758793969849247,
      "NPI": 1.3631369866366507,
      "n_cells": 2345
    },
    "15": {
      "A": 11.992121411075479,
      "P": 17.185929648241206,
      "NPI": 1.3999743839894132,
      "n_cells": 4749
    },
    "16": {
      "A": 4.878664680184844,
      "P": 10.251256281407036,
      "NPI": 1.309247262093868,
      "n_cells": 1932
    },
    "22": {
      "A": 8.992197166738215,
      "P": 14.974874371859297,
      "NPI": 1.408722156345533,
      "n_cells": 3561
    },
    "26": {
      "A": 2.8610388626549836,
      "P": 8.341708542713569,
      "NPI": 1.3911956181442031,
      "n_cells": 1133
    },
    "28": {
      "A": 7.618494482462565,
      "P": 14.773869346733669,
      "NPI": 1.5099228008794652,
      "n_cells": 3017
    },
    "31": {
      "A": 3.8887906871038616,
      "P": 10.954773869346734,
      "NPI": 1.5670801199794526,
      "n_cells": 1540
    },
    "32": {
      "A": 2.161561576727861,
      "P": 7.437185929648241,
      "NPI": 1.4269866201024612,
      "n_cells": 856
    },
    "33": {
      "A": 3.1817378349031595,
      "P": 8.643216080402011,
      "NPI": 1.3669047174255022,
      "n_cells": 1260
    },
    "34": {
      "A": 5.739754046614985,
      "P": 11.055276381909549,
      "NPI": 1.301721359056118,
      "n_cells": 2273
    },
    "36": {
      "A": 7.2674932451200736,
      "P": 12.462311557788945,
      "NPI": 1.3040713509016741,
      "n_cells": 2878
    }
  },
  "mean_npi_baseline": 1.5376027377544759,
  "max_npi_baseline": 2.337407393686052,
  "p90_npi_baseline": 1.8167536800296942,
  "n_catchments_baseline": 18,
  "worst_catchment_site": 0,
  "worst_catchment_npi": 2.337407393686052,
  "min_mean_npi_threshold": 1.5,
  "min_max_npi_threshold": 2.0,
  "base_seed": 21,
  "attempt": 0,
  "vague_text": "The catchments on the map have odd, elongated shapes. Real-world service areas should look reasonably compact. Address the worst offenders.",
  "precise_text": "The catchment around polling place 0 is bowtied / stretched. Make it visually compact.",
  "vague_template_idx": 4,
  "precise_template_idx": 4,
  "pair_id": "18"
}