{
  "archetype": "shape_niceness",
  "per_catchment_npi": {
    "0": {
      "A": 4.239791924446353,
      "P": 12.964824120603016,
      "NPI": 1.7761900214357813,
      "n_cells": 1679
    },
    "2": {
      "A": 3.277695007701826,
      "P": 10.653266331658292,
      "NPI": 1.6599445572361442,
      "n_cells": 1298
    },
    "3": {
      "A": 3.2625438751546683,
      "P": 12.361809045226131,
      "NPI": 1.9306294126140018,
      "n_cells": 1292
    },
    "4": {
      "A": 4.845837226332669,
      "P": 12.160804020100503,
      "NPI": 1.5583784954159643,
      "n_cells": 1919
    },
    "5": {
      "A": 5.257442993863792,
      "P": 16.78391959798995,
      "NPI": 2.064910212637217,
      "n_cells": 2082
    },
    "8": {
      "A": 3.919092952198177,
      "P": 12.964824120603016,
      "NPI": 1.847433929454942,
      "n_cells": 1552
    },
    "12": {
      "A": 6.186712456756143,
      "P": 13.768844221105528,
      "NPI": 1.5615740689998938,
      "n_cells": 2450
    },
    "15": {
      "A": 5.722077725309967,
      "P": 11.256281407035177,
      "NPI": 1.3274346002558914,
      "n_cells": 2266
    },
    "17": {
      "A": 8.441706017524812,
      "P": 18.994974874371863,
      "NPI": 1.8442452753005762,
      "n_cells": 3343
    },
    "20": {
      "A": 7.79525769551274,
      "P": 16.683417085427138,
      "NPI": 1.6856400329240588,
      "n_cells": 3087
    },
    "24": {
      "A": 6.767505871063863,
      "P": 12.261306532663317,
      "NPI": 1.329589256791716,
      "n_cells": 2680
    },
    "26": {
      "A": 8.386151864851898,
      "P": 17.587939698492463,
      "NPI": 1.7132812993531492,
      "n_cells": 3321
    },
    "31": {
      "A": 6.275094063281231,
      "P": 13.467336683417086,
      "NPI": 1.5165846831394736,
      "n_cells": 2485
    },
    "32": {
      "A": 1.9544960985833693,
      "P": 6.532663316582915,
      "NPI": 1.3181594271396975,
      "n_cells": 774
    },
    "35": {
      "A": 4.658973258251055,
      "P": 9.84924623115578,
      "NPI": 1.2872205191774237,
      "n_cells": 1845
    },
    "36": {
      "A": 4.590793161788844,
      "P": 11.155778894472363,
      "NPI": 1.4687609012624465,
      "n_cells": 1818
    },
    "37": {
      "A": 8.259892426958917,
      "P": 14.773869346733669,
      "NPI": 1.4501139362720596,
      "n_cells": 3271
    },
    "39": {
      "A": 7.166485694805687,
      "P": 14.57286432160804,
      "NPI": 1.5356309986890313,
      "n_cells": 2838
    }
  },
  "mean_npi_baseline": 1.6042067571166372,
  "max_npi_baseline": 2.064910212637217,
  "p90_npi_baseline": 1.87239257440266,
  "n_catchments_baseline": 18,
  "worst_catchment_site": 5,
  "worst_catchment_npi": 2.064910212637217,
  "min_mean_npi_threshold": 1.5,
  "min_max_npi_threshold": 2.0,
  "base_seed": 15,
  "attempt": 0,
  "vague_text": "The shapes of the service regions on the map are ugly \u2014 long, thin, jagged. Tidy them up so each catchment is more rounded.",
  "precise_text": "The catchment around polling place 5 is bowtied / stretched. Make it visually compact.",
  "vague_template_idx": 2,
  "precise_template_idx": 4,
  "pair_id": "13"
}