{
  "archetype": "contiguity",
  "culprits": [
    {
      "site": 7,
      "n_components": 2,
      "components": [
        [
          75
        ],
        [
          8,
          6
        ]
      ],
      "component_voters": [
        1952,
        1187
      ],
      "largest_component_voters": 1952,
      "disjoint_excess_voters": 1187,
      "worst_pair_separation_km": 1.9043344156502795
    }
  ],
  "n_split_sites_baseline": 1,
  "total_disjoint_excess_voters_baseline": 1187,
  "worst_culprit_site": 7,
  "worst_culprit_disjoint_voters": 1187,
  "smallest_component_centroid": [
    2.144725673918896,
    2.6561313315587824
  ],
  "min_split_voters_threshold": 1,
  "min_separation_threshold_km": 1.8,
  "base_seed": 7955,
  "attempt": 0,
  "pair_id": "contiguity_med_24",
  "difficulty": "med",
  "tier_kwargs": {
    "min_split_voters": 1,
    "min_separation": 1.8
  },
  "per_catchment_solidity": {
    "1": {
      "A": 4.0680790889118965,
      "A_hull": 4.347112446655387,
      "solidity": 0.9358117920418241
    },
    "3": {
      "A": 3.510012373424914,
      "A_hull": 3.709502285295826,
      "solidity": 0.9462219196732471
    },
    "4": {
      "A": 3.6084947349814405,
      "A_hull": 5.138759122244389,
      "solidity": 0.7022113022113021
    },
    "6": {
      "A": 4.3155475871821425,
      "A_hull": 5.329410873462792,
      "solidity": 0.8097607202084814
    },
    "7": {
      "A": 3.575667281129265,
      "A_hull": 5.345824600388879,
      "solidity": 0.6688710439300898
    },
    "8": {
      "A": 4.234741546930634,
      "A_hull": 4.794070856796546,
      "solidity": 0.8833289439030814
    },
    "10": {
      "A": 8.042726193782986,
      "A_hull": 8.538925784702407,
      "solidity": 0.9418896939228154
    },
    "16": {
      "A": 7.262442867604355,
      "A_hull": 7.3874397111184065,
      "solidity": 0.9830798154161683
    },
    "17": {
      "A": 10.098229842680741,
      "A_hull": 11.506022575187496,
      "solidity": 0.8776473170196423
    },
    "23": {
      "A": 7.3558748516451615,
      "A_hull": 7.483396883917071,
      "solidity": 0.9829593386198755
    },
    "24": {
      "A": 6.78265700361102,
      "A_hull": 7.129870457816719,
      "solidity": 0.9513015760580843
    },
    "26": {
      "A": 5.583192343627687,
      "A_hull": 6.696800585843793,
      "solidity": 0.8337104072398189
    },
    "28": {
      "A": 9.287644251407794,
      "A_hull": 11.31663341834802,
      "solidity": 0.820707352448957
    },
    "32": {
      "A": 5.355925355420318,
      "A_hull": 6.246054392565845,
      "solidity": 0.8574893875075804
    },
    "33": {
      "A": 4.419080326254388,
      "A_hull": 4.5592283023156,
      "solidity": 0.9692605926336192
    },
    "35": {
      "A": 6.835685967526073,
      "A_hull": 9.219464154945587,
      "solidity": 0.7414407011777592
    },
    "38": {
      "A": 4.0504027676068795,
      "A_hull": 4.03525163505972,
      "solidity": 1.0
    },
    "39": {
      "A": 2.621145930658317,
      "A_hull": 3.217090477513195,
      "solidity": 0.8147566718995288
    }
  },
  "globally_clustered_sites": [],
  "clustered_sites_radius": 1.35,
  "clustered_sites_min_sites": 4,
  "vague_text": "The map shows polling places whose voters come from disjoint pockets \u2014 same colour on two separate patches with a gap between. Break up any such split-catchment.",
  "precise_text": "Site 7's catchment looks split on the map \u2014 same color appearing in two disconnected patches. Repair the contiguity, but be mindful about causing this issue elsewhere.",
  "vague_template_idx": 3,
  "precise_template_idx": 3
}