{
  "archetype": "coverage_gap",
  "current_max_distance_km": 2.911765178488341,
  "most_stranded_precinct": 61,
  "most_stranded_distance_km": 2.911765178488341,
  "best_candidate_idx": 16,
  "best_candidate_new_max_km": 1.6567833784443498,
  "best_improvement_km": 1.2549818000439912,
  "per_candidate_improvement": {
    "16": {
      "improvement_km": 1.2549818000439912,
      "new_max_km": 1.6567833784443498
    },
    "27": {
      "improvement_km": 1.2549818000439912,
      "new_max_km": 1.6567833784443498
    },
    "37": {
      "improvement_km": 1.2549818000439912,
      "new_max_km": 1.6567833784443498
    },
    "1": {
      "improvement_km": 0.0,
      "new_max_km": 2.911765178488341
    },
    "4": {
      "improvement_km": 0.0,
      "new_max_km": 2.911765178488341
    },
    "8": {
      "improvement_km": 0.0,
      "new_max_km": 2.911765178488341
    },
    "9": {
      "improvement_km": 0.0,
      "new_max_km": 2.911765178488341
    },
    "10": {
      "improvement_km": 0.0,
      "new_max_km": 2.911765178488341
    },
    "13": {
      "improvement_km": 0.0,
      "new_max_km": 2.911765178488341
    },
    "15": {
      "improvement_km": 0.0,
      "new_max_km": 2.911765178488341
    },
    "17": {
      "improvement_km": 0.0,
      "new_max_km": 2.911765178488341
    },
    "18": {
      "improvement_km": 0.0,
      "new_max_km": 2.911765178488341
    },
    "19": {
      "improvement_km": 0.0,
      "new_max_km": 2.911765178488341
    },
    "21": {
      "improvement_km": 0.0,
      "new_max_km": 2.911765178488341
    },
    "22": {
      "improvement_km": 0.0,
      "new_max_km": 2.911765178488341
    },
    "23": {
      "improvement_km": 0.0,
      "new_max_km": 2.911765178488341
    },
    "25": {
      "improvement_km": 0.0,
      "new_max_km": 2.911765178488341
    },
    "28": {
      "improvement_km": 0.0,
      "new_max_km": 2.911765178488341
    },
    "30": {
      "improvement_km": 0.0,
      "new_max_km": 2.911765178488341
    },
    "32": {
      "improvement_km": 0.0,
      "new_max_km": 2.911765178488341
    },
    "36": {
      "improvement_km": 0.0,
      "new_max_km": 2.911765178488341
    },
    "39": {
      "improvement_km": 0.0,
      "new_max_km": 2.911765178488341
    }
  },
  "candidates_ranked_by_improvement": [
    16,
    27,
    37,
    1,
    4,
    8,
    9,
    10,
    13,
    15,
    17,
    18,
    19,
    21,
    22,
    23,
    25,
    28,
    30,
    32,
    36,
    39
  ],
  "coverage_gap_center": [
    2.6895098027698126,
    7.532045333315695
  ],
  "coverage_gap_radius": 8.753430173090765,
  "affected_precincts": [
    50,
    61,
    64,
    69,
    78
  ],
  "coverage_gap_distance_threshold": 1.638924397141502,
  "coverage_gap_baseline_strand_count": 5,
  "n_opened": 18,
  "n_closed_candidates": 22,
  "min_max_distance_threshold_km": 2.6,
  "min_improvement_threshold_km": 1.0,
  "base_seed": 17529,
  "attempt": 0,
  "uncapacitated": true,
  "pair_id": "coverage_gap_med_25",
  "difficulty": "med",
  "tier_kwargs": {
    "min_max_distance": 2.6,
    "min_improvement": 1.0
  },
  "per_catchment_solidity": {
    "0": {
      "A": 6.578116714224389,
      "A_hull": 7.191737582384284,
      "solidity": 0.9146769662921348
    },
    "2": {
      "A": 4.009999747481125,
      "A_hull": 4.348375041034318,
      "solidity": 0.9221835075493612
    },
    "3": {
      "A": 3.6792000202015105,
      "A_hull": 3.6703618595490015,
      "solidity": 1.0
    },
    "5": {
      "A": 4.83321128254337,
      "A_hull": 5.956920279790916,
      "solidity": 0.8113607460788468
    },
    "6": {
      "A": 3.4494078432362825,
      "A_hull": 4.0769172495644055,
      "solidity": 0.8460823784453392
    },
    "7": {
      "A": 4.0150501249968436,
      "A_hull": 4.25494305699351,
      "solidity": 0.9436201780415431
    },
    "11": {
      "A": 6.272568874523372,
      "A_hull": 6.225852882502966,
      "solidity": 1.0
    },
    "12": {
      "A": 4.608469483093862,
      "A_hull": 4.699376278376808,
      "solidity": 0.9806555615260616
    },
    "14": {
      "A": 5.007449306835687,
      "A_hull": 5.568041211080525,
      "solidity": 0.8993197278911572
    },
    "20": {
      "A": 7.047801823186284,
      "A_hull": 7.50612358273781,
      "solidity": 0.9389402859545838
    },
    "24": {
      "A": 5.608444231206283,
      "A_hull": 5.523850407817985,
      "solidity": 1.0
    },
    "26": {
      "A": 10.509835610211864,
      "A_hull": 11.526224085250375,
      "solidity": 0.9118194763939094
    },
    "29": {
      "A": 9.16391000227267,
      "A_hull": 9.391176990480039,
      "solidity": 0.9757999462221028
    },
    "31": {
      "A": 4.747354864776143,
      "A_hull": 5.148859877275826,
      "solidity": 0.9220205983325162
    },
    "33": {
      "A": 7.540213630968916,
      "A_hull": 8.578066210449231,
      "solidity": 0.8790108919634974
    },
    "34": {
      "A": 3.785257948031616,
      "A_hull": 4.33448650286609,
      "solidity": 0.8732886688027963
    },
    "35": {
      "A": 7.595767783641828,
      "A_hull": 8.14625893285523,
      "solidity": 0.9324240545567267
    },
    "38": {
      "A": 2.5554910229539662,
      "A_hull": 2.9910860836847557,
      "solidity": 0.854368932038835
    }
  },
  "globally_clustered_sites": [],
  "clustered_sites_radius": 1.35,
  "clustered_sites_min_sites": 4,
  "vague_text": "The worst-served precinct in this plan is significantly farther from any opened polling place than the typical precinct. Find a way to lower the maximum travel distance.",
  "precise_text": "Voters in precinct 61 face a 2.9 km trip to their nearest polling place \u2014 far above the typical precinct. Address this worst case, ideally by opening a candidate site closer to it.",
  "vague_template_idx": 3,
  "precise_template_idx": 2
}