{
  "archetype": "coverage_gap",
  "current_max_distance_km": 3.094535407379125,
  "most_stranded_precinct": 75,
  "most_stranded_distance_km": 3.094535407379125,
  "best_candidate_idx": 14,
  "best_candidate_new_max_km": 1.651970405251894,
  "best_improvement_km": 1.4425650021272312,
  "per_candidate_improvement": {
    "14": {
      "improvement_km": 1.4425650021272312,
      "new_max_km": 1.651970405251894
    },
    "11": {
      "improvement_km": 1.3505539425737372,
      "new_max_km": 1.743981464805388
    },
    "26": {
      "improvement_km": 0.9655346942787806,
      "new_max_km": 2.1290007131003446
    },
    "25": {
      "improvement_km": 0.06265214990649604,
      "new_max_km": 3.031883257472629
    },
    "0": {
      "improvement_km": 0.0,
      "new_max_km": 3.094535407379125
    },
    "1": {
      "improvement_km": 0.0,
      "new_max_km": 3.094535407379125
    },
    "9": {
      "improvement_km": 0.0,
      "new_max_km": 3.094535407379125
    },
    "12": {
      "improvement_km": 0.0,
      "new_max_km": 3.094535407379125
    },
    "16": {
      "improvement_km": 0.0,
      "new_max_km": 3.094535407379125
    },
    "17": {
      "improvement_km": 0.0,
      "new_max_km": 3.094535407379125
    },
    "18": {
      "improvement_km": 0.0,
      "new_max_km": 3.094535407379125
    },
    "21": {
      "improvement_km": 0.0,
      "new_max_km": 3.094535407379125
    },
    "22": {
      "improvement_km": 0.0,
      "new_max_km": 3.094535407379125
    },
    "23": {
      "improvement_km": 0.0,
      "new_max_km": 3.094535407379125
    },
    "24": {
      "improvement_km": 0.0,
      "new_max_km": 3.094535407379125
    },
    "27": {
      "improvement_km": 0.0,
      "new_max_km": 3.094535407379125
    },
    "30": {
      "improvement_km": 0.0,
      "new_max_km": 3.094535407379125
    },
    "31": {
      "improvement_km": 0.0,
      "new_max_km": 3.094535407379125
    },
    "32": {
      "improvement_km": 0.0,
      "new_max_km": 3.094535407379125
    },
    "35": {
      "improvement_km": 0.0,
      "new_max_km": 3.094535407379125
    },
    "37": {
      "improvement_km": 0.0,
      "new_max_km": 3.094535407379125
    },
    "39": {
      "improvement_km": 0.0,
      "new_max_km": 3.094535407379125
    }
  },
  "candidates_ranked_by_improvement": [
    14,
    11,
    26,
    25,
    0,
    1,
    9,
    12,
    16,
    17,
    18,
    21,
    22,
    23,
    24,
    27,
    30,
    31,
    32,
    35,
    37,
    39
  ],
  "coverage_gap_center": [
    1.1464487144424451,
    8.476851421623044
  ],
  "coverage_gap_radius": 1.2005510870086795,
  "affected_precincts": [
    50,
    51,
    53,
    72,
    75
  ],
  "coverage_gap_distance_threshold": 1.697975935028641,
  "coverage_gap_baseline_strand_count": 5,
  "n_opened": 18,
  "n_closed_candidates": 22,
  "min_max_distance_threshold_km": 2.6,
  "min_improvement_threshold_km": 1.0,
  "base_seed": 9545,
  "attempt": 0,
  "uncapacitated": true,
  "pair_id": "coverage_gap_med_03",
  "difficulty": "med",
  "tier_kwargs": {
    "min_max_distance": 2.6,
    "min_improvement": 1.0
  },
  "per_catchment_solidity": {
    "2": {
      "A": 7.464457968233126,
      "A_hull": 8.01747430620439,
      "solidity": 0.9310236220472441
    },
    "3": {
      "A": 4.530188631600213,
      "A_hull": 5.491022953965811,
      "solidity": 0.825017245343757
    },
    "4": {
      "A": 3.3256735941011595,
      "A_hull": 3.68551299209616,
      "solidity": 0.9023638232271325
    },
    "5": {
      "A": 2.611045175626878,
      "A_hull": 2.521400974722862,
      "solidity": 1.0
    },
    "6": {
      "A": 3.487285674604177,
      "A_hull": 4.506199338400545,
      "solidity": 0.7738862426449986
    },
    "7": {
      "A": 4.876139491426985,
      "A_hull": 5.430418423777179,
      "solidity": 0.8979307137874911
    },
    "8": {
      "A": 6.219539910608319,
      "A_hull": 7.123557485922074,
      "solidity": 0.8730946472881956
    },
    "10": {
      "A": 12.572914825383199,
      "A_hull": 12.951693139062145,
      "solidity": 0.9707545330473777
    },
    "13": {
      "A": 3.8382869119466685,
      "A_hull": 3.7322289841165635,
      "solidity": 1.0
    },
    "15": {
      "A": 6.598318224287266,
      "A_hull": 8.570490644175653,
      "solidity": 0.7698880377136122
    },
    "19": {
      "A": 5.41400469685109,
      "A_hull": 6.402616095553142,
      "solidity": 0.8455925852888977
    },
    "20": {
      "A": 9.224514532461303,
      "A_hull": 10.0287871518396,
      "solidity": 0.9198036006546646
    },
    "28": {
      "A": 6.696800585843793,
      "A_hull": 7.43289310875988,
      "solidity": 0.9009682350942756
    },
    "29": {
      "A": 10.701749955809198,
      "A_hull": 11.780005555415265,
      "solidity": 0.9084673097534837
    },
    "33": {
      "A": 3.843337289462388,
      "A_hull": 4.282720133329967,
      "solidity": 0.8974056603773585
    },
    "34": {
      "A": 3.3382995378904576,
      "A_hull": 3.238554581955002,
      "solidity": 1.0
    },
    "36": {
      "A": 2.111057801570668,
      "A_hull": 2.018888411908789,
      "solidity": 1.0
    },
    "38": {
      "A": 4.153935506679125,
      "A_hull": 4.291558293982476,
      "solidity": 0.9679317446307738
    }
  },
  "globally_clustered_sites": [],
  "clustered_sites_radius": 1.35,
  "clustered_sites_min_sites": 4,
  "vague_text": "The worst-served precinct in this plan is significantly farther from any opened polling place than the typical precinct. Find a way to lower the maximum travel distance.",
  "precise_text": "Precinct 75 is the worst-served in this plan \u2014 its voters travel 3.1 km to reach their assigned polling place, much farther than typical. Reduce the maximum travel distance any precinct faces, but be mindful about not making other precincts worse.",
  "vague_template_idx": 3,
  "precise_template_idx": 0
}