{
  "archetype": "contiguity",
  "culprits": [
    {
      "site": 6,
      "n_components": 2,
      "components": [
        [
          18,
          14,
          22
        ],
        [
          9
        ]
      ],
      "component_voters": [
        1492,
        61
      ],
      "largest_component_voters": 1492,
      "disjoint_excess_voters": 61,
      "worst_pair_separation_km": 1.901529961173083
    },
    {
      "site": 8,
      "n_components": 2,
      "components": [
        [
          12,
          15
        ],
        [
          21
        ]
      ],
      "component_voters": [
        2195,
        528
      ],
      "largest_component_voters": 2195,
      "disjoint_excess_voters": 528,
      "worst_pair_separation_km": 1.6405766925973821
    }
  ],
  "n_split_sites_baseline": 2,
  "total_disjoint_excess_voters_baseline": 589,
  "worst_culprit_site": 8,
  "worst_culprit_disjoint_voters": 528,
  "smallest_component_centroid": [
    4.503844523823935,
    1.6905814211620331
  ],
  "min_split_voters_threshold": 1,
  "min_separation_threshold_km": 1.8,
  "base_seed": 7963,
  "attempt": 0,
  "pair_id": "contiguity_med_31",
  "difficulty": "med",
  "tier_kwargs": {
    "min_split_voters": 1,
    "min_separation": 1.8
  },
  "per_catchment_solidity": {
    "0": {
      "A": 1.4923865558950533,
      "A_hull": 2.0239387894245096,
      "solidity": 0.7373674360573924
    },
    "2": {
      "A": 4.497361177748037,
      "A_hull": 5.455670311355773,
      "solidity": 0.8243462161536684
    },
    "3": {
      "A": 3.307997272796142,
      "A_hull": 3.565566526097825,
      "solidity": 0.927762039660057
    },
    "4": {
      "A": 4.961995909194213,
      "A_hull": 6.097068255852127,
      "solidity": 0.8138330917374196
    },
    "6": {
      "A": 1.775207696775334,
      "A_hull": 3.0958814171359315,
      "solidity": 0.5734094616639477
    },
    "7": {
      "A": 4.153935506679125,
      "A_hull": 4.205701876215248,
      "solidity": 0.9876913839687781
    },
    "8": {
      "A": 2.924168581601475,
      "A_hull": 4.570591651725965,
      "solidity": 0.6397790055248621
    },
    "10": {
      "A": 8.575541021691372,
      "A_hull": 9.75101638847504,
      "solidity": 0.8794509905477145
    },
    "11": {
      "A": 9.504810484583723,
      "A_hull": 10.368425039771722,
      "solidity": 0.9167072576717001
    },
    "15": {
      "A": 6.520037372793617,
      "A_hull": 6.542764071614353,
      "solidity": 0.9965264376688538
    },
    "18": {
      "A": 6.1362086815989505,
      "A_hull": 6.930380545945809,
      "solidity": 0.8854071779923486
    },
    "20": {
      "A": 8.95684452412818,
      "A_hull": 10.112118380848969,
      "solidity": 0.885753527281808
    },
    "21": {
      "A": 7.848286659427793,
      "A_hull": 9.007348299285372,
      "solidity": 0.8713204373423046
    },
    "30": {
      "A": 5.9594454685487745,
      "A_hull": 6.573066336708667,
      "solidity": 0.9066461774875147
    },
    "33": {
      "A": 9.100780283326179,
      "A_hull": 10.028787151839602,
      "solidity": 0.9074656930630742
    },
    "34": {
      "A": 3.328198782859019,
      "A_hull": 3.4620337870255797,
      "solidity": 0.9613420860685633
    },
    "37": {
      "A": 4.906441756521301,
      "A_hull": 5.828135653140073,
      "solidity": 0.8418544194107452
    },
    "38": {
      "A": 7.057902578217723,
      "A_hull": 7.0667407388702275,
      "solidity": 0.998749329998214
    }
  },
  "globally_clustered_sites": [],
  "clustered_sites_radius": 1.35,
  "clustered_sites_min_sites": 4,
  "vague_text": "I see polling places whose service areas aren't connected \u2014 the same color appears in two or more disjoint patches on the map, separated by other polling places' catchments. Address every split-catchment.",
  "precise_text": "Polling place 8 is serving voters from at least two disjoint regions. That can't be right \u2014 make its catchment contiguous, but be mindful about causing this issue elsewhere.",
  "vague_template_idx": 1,
  "precise_template_idx": 4
}