{
  "archetype": "coverage_gap",
  "current_max_distance_km": 2.6866974412832016,
  "most_stranded_precinct": 69,
  "most_stranded_distance_km": 2.6866974412832016,
  "best_candidate_idx": 22,
  "best_candidate_new_max_km": 1.9352197202724228,
  "best_improvement_km": 0.7514777210107788,
  "per_candidate_improvement": {
    "22": {
      "improvement_km": 0.7514777210107788,
      "new_max_km": 1.9352197202724228
    },
    "36": {
      "improvement_km": 0.7514777210107788,
      "new_max_km": 1.9352197202724228
    },
    "14": {
      "improvement_km": 0.0012887472317291149,
      "new_max_km": 2.6854086940514725
    },
    "0": {
      "improvement_km": 0.0,
      "new_max_km": 2.6866974412832016
    },
    "5": {
      "improvement_km": 0.0,
      "new_max_km": 2.6866974412832016
    },
    "6": {
      "improvement_km": 0.0,
      "new_max_km": 2.6866974412832016
    },
    "9": {
      "improvement_km": 0.0,
      "new_max_km": 2.6866974412832016
    },
    "10": {
      "improvement_km": 0.0,
      "new_max_km": 2.6866974412832016
    },
    "11": {
      "improvement_km": 0.0,
      "new_max_km": 2.6866974412832016
    },
    "13": {
      "improvement_km": 0.0,
      "new_max_km": 2.6866974412832016
    },
    "15": {
      "improvement_km": 0.0,
      "new_max_km": 2.6866974412832016
    },
    "16": {
      "improvement_km": 0.0,
      "new_max_km": 2.6866974412832016
    },
    "17": {
      "improvement_km": 0.0,
      "new_max_km": 2.6866974412832016
    },
    "19": {
      "improvement_km": 0.0,
      "new_max_km": 2.6866974412832016
    },
    "20": {
      "improvement_km": 0.0,
      "new_max_km": 2.6866974412832016
    },
    "23": {
      "improvement_km": 0.0,
      "new_max_km": 2.6866974412832016
    },
    "26": {
      "improvement_km": 0.0,
      "new_max_km": 2.6866974412832016
    },
    "27": {
      "improvement_km": 0.0,
      "new_max_km": 2.6866974412832016
    },
    "28": {
      "improvement_km": 0.0,
      "new_max_km": 2.6866974412832016
    },
    "29": {
      "improvement_km": 0.0,
      "new_max_km": 2.6866974412832016
    },
    "34": {
      "improvement_km": 0.0,
      "new_max_km": 2.6866974412832016
    },
    "35": {
      "improvement_km": 0.0,
      "new_max_km": 2.6866974412832016
    }
  },
  "candidates_ranked_by_improvement": [
    22,
    36,
    14,
    0,
    5,
    6,
    9,
    10,
    11,
    13,
    15,
    16,
    17,
    19,
    20,
    23,
    26,
    27,
    28,
    29,
    34,
    35
  ],
  "n_opened": 18,
  "n_closed_candidates": 22,
  "min_max_distance_threshold_km": 2.2,
  "min_improvement_threshold_km": 0.6,
  "base_seed": 16096,
  "attempt": 0,
  "uncapacitated": true,
  "pair_id": "coverage_gap_hard_08",
  "difficulty": "hard",
  "tier_kwargs": {
    "min_max_distance": 2.2,
    "min_improvement": 0.6
  },
  "per_catchment_solidity": {
    "1": {
      "A": 4.919067700310599,
      "A_hull": 5.0099744955935455,
      "solidity": 0.9818548387096776
    },
    "2": {
      "A": 3.921618140956037,
      "A_hull": 4.0428272013333,
      "solidity": 0.9700187382885697
    },
    "3": {
      "A": 3.545365016034949,
      "A_hull": 3.7625312492108787,
      "solidity": 0.9422818791946309
    },
    "4": {
      "A": 5.320572712810283,
      "A_hull": 6.408929067447792,
      "solidity": 0.8301812450748621
    },
    "7": {
      "A": 6.5023610514886,
      "A_hull": 7.2637054619832835,
      "solidity": 0.8951851208065358
    },
    "8": {
      "A": 5.7473296128885645,
      "A_hull": 6.892502714577914,
      "solidity": 0.833852353910973
    },
    "12": {
      "A": 5.520062624681196,
      "A_hull": 5.554152672912297,
      "solidity": 0.993862241418505
    },
    "18": {
      "A": 8.206863463043863,
      "A_hull": 9.122244387767985,
      "solidity": 0.8996539792387545
    },
    "21": {
      "A": 10.269942678215198,
      "A_hull": 12.527461427741725,
      "solidity": 0.8197943962910703
    },
    "24": {
      "A": 5.964495846064494,
      "A_hull": 6.718264690285597,
      "solidity": 0.8878030445405003
    },
    "25": {
      "A": 8.620994419332845,
      "A_hull": 9.86717507133658,
      "solidity": 0.8737044145873323
    },
    "30": {
      "A": 5.686725082699932,
      "A_hull": 6.696800585843792,
      "solidity": 0.8491704374057316
    },
    "31": {
      "A": 3.9594959723239316,
      "A_hull": 4.247367490719932,
      "solidity": 0.9322235434007133
    },
    "32": {
      "A": 1.8812656246054396,
      "A_hull": 1.8105603393853689,
      "solidity": 1.0
    },
    "33": {
      "A": 7.194262771142144,
      "A_hull": 7.816721799954546,
      "solidity": 0.9203682765304476
    },
    "37": {
      "A": 2.9645716017272297,
      "A_hull": 2.9090174490543177,
      "solidity": 1.0
    },
    "38": {
      "A": 5.866013484507968,
      "A_hull": 6.8344233731471435,
      "solidity": 0.858304082763717
    },
    "39": {
      "A": 4.9165425115527395,
      "A_hull": 5.99227292240095,
      "solidity": 0.8204804045512011
    }
  },
  "globally_clustered_sites": [],
  "clustered_sites_radius": 1.35,
  "clustered_sites_min_sites": 4
}