{
  "pair_id": "shape_niceness_med_13",
  "modality": "tools_only",
  "query_type": "vague",
  "run_config": {
    "model": "gpt-5.4",
    "temperature": null,
    "seed": null,
    "enable_visual": false,
    "query_type": "vague",
    "max_iters": 25,
    "guard_config": [
      {
        "name": "total_weighted_distance",
        "bound_kind": "max_pct_increase",
        "max_pct_increase": 0.05
      },
      {
        "name": "p90_voter_distance",
        "bound_kind": "max_abs_increase",
        "max_abs_increase": 0.0
      }
    ]
  },
  "status": "completed",
  "result_schema_version": 1,
  "termination_reason": "explicit_submit",
  "baseline_digest": "4e984abe40b7887788928d35ca5a54cc98b5c7874798dcef66349e408f91556c",
  "guard_config": [
    {
      "name": "total_weighted_distance",
      "bound_kind": "max_pct_increase",
      "max_pct_increase": 0.05
    },
    {
      "name": "p90_voter_distance",
      "bound_kind": "max_abs_increase",
      "max_abs_increase": 0.0
    }
  ],
  "metadata": {
    "archetype": "shape_niceness",
    "per_catchment_npi": {
      "0": {
        "A": 4.931693644099897,
        "P": 12.160804020100503,
        "NPI": 1.544753942631451,
        "n_cells": 1953
      },
      "1": {
        "A": 5.227140728769476,
        "P": 11.658291457286433,
        "NPI": 1.4384602994474738,
        "n_cells": 2070
      },
      "2": {
        "A": 1.502487310926492,
        "P": 7.1356783919598,
        "NPI": 1.6421957714246056,
        "n_cells": 595
      },
      "4": {
        "A": 5.84581197444509,
        "P": 11.557788944723619,
        "NPI": 1.3484889943710323,
        "n_cells": 2315
      },
      "5": {
        "A": 4.653922880735336,
        "P": 10.85427135678392,
        "NPI": 1.4193390497970346,
        "n_cells": 1843
      },
      "6": {
        "A": 5.6943006489735115,
        "P": 12.261306532663317,
        "NPI": 1.449477977131934,
        "n_cells": 2255
      },
      "8": {
        "A": 5.070579025782178,
        "P": 11.557788944723619,
        "NPI": 1.4479082736536377,
        "n_cells": 2008
      },
      "10": {
        "A": 10.446705891265374,
        "P": 17.889447236180906,
        "NPI": 1.5613573266352483,
        "n_cells": 4137
      },
      "14": {
        "A": 5.408954319335371,
        "P": 11.35678391959799,
        "NPI": 1.377506871316169,
        "n_cells": 2142
      },
      "17": {
        "A": 5.166536198580845,
        "P": 11.557788944723619,
        "NPI": 1.4343993815929674,
        "n_cells": 2046
      },
      "19": {
        "A": 4.628670993156739,
        "P": 13.5678391959799,
        "NPI": 1.779006765390072,
        "n_cells": 1833
      },
      "23": {
        "A": 4.459483346380142,
        "P": 12.361809045226131,
        "NPI": 1.6513336296927148,
        "n_cells": 1766
      },
      "24": {
        "A": 8.224539784348881,
        "P": 17.386934673366834,
        "NPI": 1.710260586952283,
        "n_cells": 3257
      },
      "28": {
        "A": 7.4265801368652316,
        "P": 14.170854271356784,
        "NPI": 1.4668870145671038,
        "n_cells": 2941
      },
      "29": {
        "A": 5.497335925860459,
        "P": 12.864321608040202,
        "NPI": 1.5477678409558449,
        "n_cells": 2177
      },
      "32": {
        "A": 4.2625186232670895,
        "P": 10.85427135678392,
        "NPI": 1.4830732374880875,
        "n_cells": 1688
      },
      "36": {
        "A": 9.09825509456832,
        "P": 14.070351758793972,
        "NPI": 1.3158941865463933,
        "n_cells": 3603
      },
      "38": {
        "A": 3.4620337870255806,
        "P": 9.447236180904524,
        "NPI": 1.4323006527858617,
        "n_cells": 1371
      }
    },
    "mean_npi_baseline": 1.5028006556877733,
    "max_npi_baseline": 1.779006765390072,
    "p90_npi_baseline": 1.6690117168705854,
    "n_catchments_baseline": 18,
    "worst_catchment_site": 19,
    "worst_catchment_npi": 1.779006765390072,
    "min_mean_npi_threshold": 1.2,
    "min_max_npi_threshold": 1.45,
    "base_seed": 7933,
    "attempt": 0,
    "uncapacitated": true,
    "pair_id": "shape_niceness_med_13",
    "difficulty": "med",
    "tier_kwargs": {
      "min_mean_npi": 1.2,
      "min_max_npi": 1.45
    },
    "per_catchment_solidity": {
      "0": {
        "A": 4.931693644099897,
        "A_hull": 5.811721926213987,
        "solidity": 0.8485770149902235
      },
      "1": {
        "A": 5.227140728769476,
        "A_hull": 5.550364889775512,
        "solidity": 0.9417652411282984
      },
      "2": {
        "A": 1.502487310926492,
        "A_hull": 1.723441327239211,
        "solidity": 0.871794871794872
      },
      "4": {
        "A": 5.84581197444509,
        "A_hull": 6.193025428650792,
        "solidity": 0.943934760448522
      },
      "5": {
        "A": 4.653922880735336,
        "A_hull": 4.664023635766772,
        "solidity": 0.9978343259339475
      },
      "6": {
        "A": 5.6943006489735115,
        "A_hull": 6.294032978965178,
        "solidity": 0.9047141424272819
      },
      "8": {
        "A": 5.070579025782178,
        "A_hull": 5.4506199338400565,
        "solidity": 0.9302756543896221
      },
      "10": {
        "A": 10.446705891265374,
        "A_hull": 12.200449483598899,
        "solidity": 0.8562558211735488
      },
      "14": {
        "A": 5.408954319335371,
        "A_hull": 5.61980758061665,
        "solidity": 0.9624803414962934
      },
      "17": {
        "A": 5.166536198580845,
        "A_hull": 5.511224464028685,
        "solidity": 0.9374570446735399
      },
      "19": {
        "A": 4.628670993156739,
        "A_hull": 5.915254665286231,
        "solidity": 0.7824973319103522
      },
      "23": {
        "A": 4.459483346380142,
        "A_hull": 5.305421580263126,
        "solidity": 0.8405521180390287
      },
      "24": {
        "A": 8.224539784348881,
        "A_hull": 9.650008838160652,
        "solidity": 0.852283134894675
      },
      "28": {
        "A": 7.4265801368652316,
        "A_hull": 8.07807883639302,
        "solidity": 0.9193497968115037
      },
      "29": {
        "A": 5.497335925860459,
        "A_hull": 6.126107926567513,
        "solidity": 0.8973619126133552
      },
      "32": {
        "A": 4.2625186232670895,
        "A_hull": 4.559228302315598,
        "solidity": 0.9349210744945998
      },
      "36": {
        "A": 9.09825509456832,
        "A_hull": 9.160122219135882,
        "solidity": 0.9932460372157131
      },
      "38": {
        "A": 3.4620337870255806,
        "A_hull": 3.373652180500492,
        "solidity": 1.0
      }
    },
    "globally_clustered_sites": [],
    "clustered_sites_radius": 1.35,
    "clustered_sites_min_sites": 4,
    "vague_text": "Some of these service regions look weird on the map \u2014 too elongated, oddly twisted, or with strange thin tails. Make them more compact and reasonable in shape.",
    "precise_text": "The catchment of polling place 19 has a weird shape \u2014 stretched and jagged rather than a nice compact region. Reshape it, but be mindful about causing this issue elsewhere.",
    "vague_template_idx": 0,
    "precise_template_idx": 1
  },
  "proposal": {
    "force_open": [
      11
    ],
    "force_close": [
      19
    ],
    "rationale": "Second compactness attempt, materially different from the first: target the east/northeast catchment. Site 19 at (8.326,6.373) appears to serve a vertical strip reaching up toward precincts 51 and 59, while opened site 24 at (8.023,9.138) still has a long tail to precinct 79 at (9.646,7.966). Open candidate site 11 at (8.224,7.544), which is centrally located between those northeast/east precincts, and close site 19 so the optimizer re-centers that service area around a site closer to the middle of the current elongated patch, producing a more compact regional split."
  },
  "score": {
    "query_id": "shape_niceness_shape_niceness_med_13_vague",
    "archetype": "shape_niceness",