{
  "pair_id": "shape_niceness_med_24",
  "modality": "tools_only",
  "query_type": "vague",
  "run_config": {
    "model": "gpt-5.4",
    "temperature": null,
    "seed": null,
    "enable_visual": false,
    "query_type": "vague",
    "max_iters": 25,
    "guard_config": [
      {
        "name": "total_weighted_distance",
        "bound_kind": "max_pct_increase",
        "max_pct_increase": 0.05
      },
      {
        "name": "p90_voter_distance",
        "bound_kind": "max_abs_increase",
        "max_abs_increase": 0.0
      }
    ]
  },
  "status": "completed",
  "result_schema_version": 1,
  "termination_reason": "explicit_submit",
  "baseline_digest": "83836368b60ab74c65fe322b45586ae37bdccf31659d663bc2b5ef3e61f3817e",
  "guard_config": [
    {
      "name": "total_weighted_distance",
      "bound_kind": "max_pct_increase",
      "max_pct_increase": 0.05
    },
    {
      "name": "p90_voter_distance",
      "bound_kind": "max_abs_increase",
      "max_abs_increase": 0.0
    }
  ],
  "metadata": {
    "archetype": "shape_niceness",
    "per_catchment_npi": {
      "1": {
        "A": 7.280119188909372,
        "P": 17.48743718592965,
        "NPI": 1.8283190767980233,
        "n_cells": 2883
      },
      "4": {
        "A": 2.989823489305826,
        "P": 8.14070351758794,
        "NPI": 1.32811056454853,
        "n_cells": 1184
      },
      "5": {
        "A": 3.012550188126563,
        "P": 8.944723618090453,
        "NPI": 1.4537671411331885,
        "n_cells": 1193
      },
      "6": {
        "A": 6.267518497007652,
        "P": 11.457286432160805,
        "NPI": 1.291008276269939,
        "n_cells": 2482
      },
      "7": {
        "A": 4.2271659806570545,
        "P": 10.653266331658292,
        "NPI": 1.461683020625331,
        "n_cells": 1674
      },
      "8": {
        "A": 2.823161031287089,
        "P": 9.648241206030152,
        "NPI": 1.6198522180959338,
        "n_cells": 1118
      },
      "9": {
        "A": 10.820433827428602,
        "P": 14.673366834170857,
        "NPI": 1.2583530506082896,
        "n_cells": 4285
      },
      "10": {
        "A": 6.865988232620389,
        "P": 14.874371859296485,
        "NPI": 1.6013349234157714,
        "n_cells": 2719
      },
      "11": {
        "A": 5.401378753061792,
        "P": 12.160804020100503,
        "NPI": 1.47606350176795,
        "n_cells": 2139
      },
      "14": {
        "A": 7.133658240953512,
        "P": 13.366834170854272,
        "NPI": 1.4117814738149477,
        "n_cells": 2825
      },
      "18": {
        "A": 7.373551172950179,
        "P": 13.165829145728644,
        "NPI": 1.3677443630809587,
        "n_cells": 2920
      },
      "19": {
        "A": 5.211989596222319,
        "P": 12.361809045226131,
        "NPI": 1.5274792827853523,
        "n_cells": 2064
      },
      "20": {
        "A": 4.679174768313932,
        "P": 10.753768844221106,
        "NPI": 1.4023975090167533,
        "n_cells": 1853
      },
      "31": {
        "A": 2.659023762026212,
        "P": 7.135678391959799,
        "NPI": 1.234437842325229,
        "n_cells": 1053
      },
      "32": {
        "A": 4.199388904320599,
        "P": 11.256281407035177,
        "NPI": 1.5495191992424902,
        "n_cells": 1663
      },
      "34": {
        "A": 6.578116714224389,
        "P": 11.959798994974875,
        "NPI": 1.3154312690186292,
        "n_cells": 2605
      },
      "35": {
        "A": 4.358475796065757,
        "P": 9.84924623115578,
        "NPI": 1.3308550094381637,
        "n_cells": 1726
      },
      "38": {
        "A": 9.126032170904777,
        "P": 16.78391959798995,
        "NPI": 1.5672831363158717,
        "n_cells": 3614
      }
    },
    "mean_npi_baseline": 1.4458567143500751,
    "max_npi_baseline": 1.8283190767980233,
    "p90_npi_baseline": 1.6068901118198202,
    "n_catchments_baseline": 18,
    "worst_catchment_site": 1,
    "worst_catchment_npi": 1.8283190767980233,
    "min_mean_npi_threshold": 1.2,
    "min_max_npi_threshold": 1.45,
    "base_seed": 7944,
    "attempt": 0,
    "uncapacitated": true,
    "pair_id": "shape_niceness_med_24",
    "difficulty": "med",
    "tier_kwargs": {
      "min_mean_npi": 1.2,
      "min_max_npi": 1.45
    },
    "per_catchment_solidity": {
      "1": {
        "A": 7.280119188909372,
        "A_hull": 9.104568066462969,
        "solidity": 0.7996117043405908
      },
      "4": {
        "A": 2.989823489305826,
        "A_hull": 2.946895280422213,
        "solidity": 1.0
      },
      "5": {
        "A": 3.012550188126563,
        "A_hull": 3.1855256180399487,
        "solidity": 0.945699564011098
      },
      "6": {
        "A": 6.267518497007652,
        "A_hull": 6.321810055301637,
        "solidity": 0.9914120231675649
      },
      "7": {
        "A": 4.2271659806570545,
        "A_hull": 4.445594808211915,
        "solidity": 0.9508662311843225
      },
      "8": {
        "A": 2.823161031287089,
        "A_hull": 3.2675942526703876,
        "solidity": 0.8639876352395672
      },
      "9": {
        "A": 10.820433827428602,
        "A_hull": 10.985833691068406,
        "solidity": 0.9849442592805427
      },
      "10": {
        "A": 6.865988232620389,
        "A_hull": 8.381101487336178,
        "solidity": 0.819222657426936
      },
      "11": {
        "A": 5.401378753061792,
        "A_hull": 5.787732633014317,
        "solidity": 0.9332460732984296
      },
      "14": {
        "A": 7.133658240953512,
        "A_hull": 7.567990707305372,
        "solidity": 0.9426092759426092
      },
      "18": {
        "A": 7.373551172950179,
        "A_hull": 7.787682129239161,
        "solidity": 0.946822308690013
      },
      "19": {
        "A": 5.211989596222319,
        "A_hull": 6.036463725663493,
        "solidity": 0.8634176950428782
      },
      "20": {
        "A": 4.679174768313932,
        "A_hull": 4.669074013282492,
        "solidity": 1.0
      },
      "31": {
        "A": 2.659023762026212,
        "A_hull": 2.5845306936693517,
        "solidity": 1.0
      },
      "32": {
        "A": 4.199388904320599,
        "A_hull": 4.576904623620616,
        "solidity": 0.9175172413793103
      },
      "34": {
        "A": 6.578116714224389,
        "A_hull": 6.48720991894144,
        "solidity": 1.0
      },
      "35": {
        "A": 4.358475796065757,
        "A_hull": 4.253680462614581,
        "solidity": 1.0
      },
      "38": {
        "A": 9.126032170904777,
        "A_hull": 11.317896012726951,
        "solidity": 0.8063364569388668
      }
    },
    "globally_clustered_sites": [],
    "clustered_sites_radius": 1.35,
    "clustered_sites_min_sites": 4,
    "vague_text": "The shapes of the service regions on the map are ugly \u2014 long, thin, jagged. Tidy them up so each catchment is more rounded.",
    "precise_text": "Polling place 1's service region has an ugly shape on the map \u2014 long and thin with awkward bumps. Tidy it up, but be mindful about causing this issue elsewhere.",
    "vague_template_idx": 2,
    "precise_template_idx": 3
  },
  "proposal": null,
  "score": {
    "query_id": "shape_niceness_shape_niceness_med_24_vague",
    "archetype": "shape_niceness",
    "target_direction": "minimize",
    "target_baseline": 1.4458567143500751,
    "target_response": 1.4458567143500751,
    "raw_improvement": 0.0,
    "fraction_improved": 0.0,
    "guards": [
      {
        "name": "total_weighted_distance",
        "baseline": 42595.8458209517,
        "response": 42595.8458209517,
        "bound": 44725.63811199929,
        "violation": 0.0,
        "passed": true
      },
      {
        "name": "p90_voter_distance",
        "baseline": 1.6399662172001872,
        "response": 1.6399662172001872,
        "bound": 1.6399662172001872,
        "violation": 0.0,
        "passed": true
      }
    ],
    "all_guards_passed": true,
    "feasible": true,
    "valid": true,
    "baseline_assignment_distance": 42595.8458209517,