{
  "pair_id": "shape_niceness_med_09",
  "modality": "tools_only",
  "query_type": "vague",
  "run_config": {
    "model": "gpt-5.4",
    "temperature": null,
    "seed": null,
    "enable_visual": false,
    "query_type": "vague",
    "max_iters": 25,
    "guard_config": [
      {
        "name": "total_weighted_distance",
        "bound_kind": "max_pct_increase",
        "max_pct_increase": 0.05
      },
      {
        "name": "p90_voter_distance",
        "bound_kind": "max_abs_increase",
        "max_abs_increase": 0.0
      }
    ]
  },
  "status": "completed",
  "result_schema_version": 1,
  "termination_reason": "explicit_submit",
  "baseline_digest": "105a6ecc38f956a2bc71075a5010c6ecae70dd686838ad2a72703f6f00d5966d",
  "guard_config": [
    {
      "name": "total_weighted_distance",
      "bound_kind": "max_pct_increase",
      "max_pct_increase": 0.05
    },
    {
      "name": "p90_voter_distance",
      "bound_kind": "max_abs_increase",
      "max_abs_increase": 0.0
    }
  ],
  "metadata": {
    "archetype": "shape_niceness",
    "per_catchment_npi": {
      "2": {
        "A": 4.638771748188177,
        "P": 9.547738693467338,
        "NPI": 1.2505299307414837,
        "n_cells": 1837
      },
      "4": {
        "A": 8.312921390873969,
        "P": 19.296482412060303,
        "NPI": 1.887975608106246,
        "n_cells": 3292
      },
      "5": {
        "A": 4.613519860609581,
        "P": 12.964824120603016,
        "NPI": 1.702728872594125,
        "n_cells": 1827
      },
      "7": {
        "A": 4.926643266584177,
        "P": 13.366834170854272,
        "NPI": 1.6988227564762655,
        "n_cells": 1951
      },
      "8": {
        "A": 4.0327264463018615,
        "P": 11.758793969849247,
        "NPI": 1.6518038245343616,
        "n_cells": 1597
      },
      "14": {
        "A": 5.363500921693897,
        "P": 12.261306532663317,
        "NPI": 1.493508291865741,
        "n_cells": 2124
      },
      "15": {
        "A": 6.386202368627056,
        "P": 11.859296482412061,
        "NPI": 1.3238313340592935,
        "n_cells": 2529
      },
      "16": {
        "A": 9.151284058483373,
        "P": 15.979899497487438,
        "NPI": 1.4901435024874725,
        "n_cells": 3624
      },
      "18": {
        "A": 5.194313274917301,
        "P": 10.954773869346734,
        "NPI": 1.3559210898215492,
        "n_cells": 2057
      },
      "19": {
        "A": 7.474558723264565,
        "P": 17.185929648241206,
        "NPI": 1.7732718444800704,
        "n_cells": 2960
      },
      "21": {
        "A": 5.113507234665792,
        "P": 11.658291457286433,
        "NPI": 1.4543553709231052,
        "n_cells": 2025
      },
      "23": {
        "A": 5.568041211080529,
        "P": 14.57286432160804,
        "NPI": 1.742162931871063,
        "n_cells": 2205
      },
      "27": {
        "A": 8.09070478018232,
        "P": 15.477386934673369,
        "NPI": 1.5349687237045517,
        "n_cells": 3204
      },
      "34": {
        "A": 3.517587939698493,
        "P": 9.045226130653267,
        "NPI": 1.3604795399678016,
        "n_cells": 1393
      },
      "36": {
        "A": 2.2019645968536152,
        "P": 7.135678391959799,
        "NPI": 1.356516778713685,
        "n_cells": 872
      },
      "37": {
        "A": 6.363475669806319,
        "P": 12.06030150753769,
        "NPI": 1.348671062689471,
        "n_cells": 2520
      },
      "38": {
        "A": 4.3306987197293,
        "P": 10.452261306532664,
        "NPI": 1.4168580459692912,
        "n_cells": 1715
      },
      "39": {
        "A": 5.727128102825687,
        "P": 11.35678391959799,
        "NPI": 1.338696050243906,
        "n_cells": 2268
      }
    },
    "mean_npi_baseline": 1.5100691977360825,
    "max_npi_baseline": 1.887975608106246,
    "p90_npi_baseline": 1.7514956056537652,
    "n_catchments_baseline": 18,
    "worst_catchment_site": 4,
    "worst_catchment_npi": 1.887975608106246,
    "min_mean_npi_threshold": 1.2,
    "min_max_npi_threshold": 1.45,
    "base_seed": 7929,
    "attempt": 0,
    "uncapacitated": true,
    "pair_id": "shape_niceness_med_09",
    "difficulty": "med",
    "tier_kwargs": {
      "min_mean_npi": 1.2,
      "min_max_npi": 1.45
    },
    "per_catchment_solidity": {
      "2": {
        "A": 4.638771748188177,
        "A_hull": 4.518825282189844,
        "solidity": 1.0
      },
      "4": {
        "A": 8.312921390873969,
        "A_hull": 12.11206787707381,
        "solidity": 0.6863337850516003
      },
      "5": {
        "A": 4.613519860609581,
        "A_hull": 5.430418423777178,
        "solidity": 0.8495698674726807
      },
      "7": {
        "A": 4.926643266584177,
        "A_hull": 5.969546223580214,
        "solidity": 0.825296108291032
      },
      "8": {
        "A": 4.0327264463018615,
        "A_hull": 4.723365571576475,
        "solidity": 0.8537824111200215
      },
      "14": {
        "A": 5.363500921693897,
        "A_hull": 5.729653291583546,
        "solidity": 0.9360951961216396
      },
      "15": {
        "A": 6.386202368627056,
        "A_hull": 6.597055629908335,
        "solidity": 0.9680382775119619
      },
      "16": {
        "A": 9.151284058483373,
        "A_hull": 9.45809449256332,
        "solidity": 0.9675610732879455
      },
      "18": {
        "A": 5.194313274917301,
        "A_hull": 5.414004696851088,
        "solidity": 0.9594216417910452
      },
      "19": {
        "A": 7.474558723264565,
        "A_hull": 9.687886669528547,
        "solidity": 0.7715365567574614
      },
      "21": {
        "A": 5.113507234665792,
        "A_hull": 5.232191106285195,
        "solidity": 0.9773166023166023
      },
      "23": {
        "A": 5.568041211080529,
        "A_hull": 6.749829549758845,
        "solidity": 0.824915824915825
      },
      "27": {
        "A": 8.09070478018232,
        "A_hull": 8.593217342996386,
        "solidity": 0.9415221863062008
      },
      "34": {
        "A": 3.517587939698493,
        "A_hull": 3.450670437615211,
        "solidity": 1.0
      },
      "36": {
        "A": 2.2019645968536152,
        "A_hull": 2.1514608216964213,
        "solidity": 1.0
      },
      "37": {
        "A": 6.363475669806319,
        "A_hull": 6.595793035529404,
        "solidity": 0.9647779479326192
      },
      "38": {
        "A": 4.3306987197293,
        "A_hull": 4.472109290169442,
        "solidity": 0.9683794466403159
      },
      "39": {
        "A": 5.727128102825687,
        "A_hull": 5.686725082699931,
        "solidity": 1.0
      }
    },
    "globally_clustered_sites": [],
    "clustered_sites_radius": 1.35,
    "clustered_sites_min_sites": 4,
    "vague_text": "The shapes of the service regions on the map are ugly \u2014 long, thin, jagged. Tidy them up so each catchment is more rounded.",
    "precise_text": "Polling place 4's service region has an ugly shape on the map \u2014 long and thin with awkward bumps. Tidy it up, but be mindful about causing this issue elsewhere.",
    "vague_template_idx": 2,
    "precise_template_idx": 3
  },
  "proposal": null,
  "score": {
    "query_id": "shape_niceness_shape_niceness_med_09_vague",
    "archetype": "shape_niceness",
    "target_direction": "minimize",
    "target_baseline": 1.5100691977360825,
    "target_response": 1.5100691977360825,
    "raw_improvement": 0.0,
    "fraction_improved": 0.0,
    "guards": [
      {
        "name": "total_weighted_distance",
        "baseline": 47276.376809869515,
        "response": 47276.376809869515,
        "bound": 49640.19565036299,
        "violation": 0.0,
        "passed": true
      },
      {
        "name": "p90_voter_distance",
        "baseline": 1.5723439105592627,
        "response": 1.5723439105592627,
        "bound": 1.5723439105592627,
        "violation": 0.0,
        "passed": true
      }
    ],
    "all_guards_passed": true,
    "feasible": true,
    "valid": true,
    "baseline_assignment_distance": 47276.376809869515,