{
  "pair_id": "shape_niceness_med_29",
  "modality": "tools_only",
  "query_type": "vague",
  "run_config": {
    "model": "gpt-5.4",
    "temperature": null,
    "seed": null,
    "enable_visual": false,
    "query_type": "vague",
    "max_iters": 25,
    "guard_config": [
      {
        "name": "total_weighted_distance",
        "bound_kind": "max_pct_increase",
        "max_pct_increase": 0.05
      },
      {
        "name": "p90_voter_distance",
        "bound_kind": "max_abs_increase",
        "max_abs_increase": 0.0
      }
    ]
  },
  "status": "completed",
  "result_schema_version": 1,
  "termination_reason": "explicit_submit",
  "baseline_digest": "020cf3fcd2a286ff363746cfb6e0e4326b15dfaba8d665aca865a7d9c64a542e",
  "guard_config": [
    {
      "name": "total_weighted_distance",
      "bound_kind": "max_pct_increase",
      "max_pct_increase": 0.05
    },
    {
      "name": "p90_voter_distance",
      "bound_kind": "max_abs_increase",
      "max_abs_increase": 0.0
    }
  ],
  "metadata": {
    "archetype": "shape_niceness",
    "per_catchment_npi": {
      "1": {
        "A": 2.7524557460670187,
        "P": 9.045226130653267,
        "NPI": 1.5379928770932711,
        "n_cells": 1090
      },
      "2": {
        "A": 5.280169692684529,
        "P": 14.57286432160804,
        "NPI": 1.789023517015719,
        "n_cells": 2091
      },
      "3": {
        "A": 10.292669377035935,
        "P": 18.291457286432163,
        "NPI": 1.6083455580929924,
        "n_cells": 4076
      },
      "4": {
        "A": 6.13368349284109,
        "P": 12.964824120603016,
        "NPI": 1.4767297239639772,
        "n_cells": 2429
      },
      "6": {
        "A": 4.201914093078458,
        "P": 10.753768844221106,
        "NPI": 1.479899353166876,
        "n_cells": 1664
      },
      "8": {
        "A": 8.88361405015025,
        "P": 15.27638190954774,
        "NPI": 1.445841659431394,
        "n_cells": 3518
      },
      "12": {
        "A": 5.035226383172143,
        "P": 11.457286432160805,
        "NPI": 1.440347681900638,
        "n_cells": 1994
      },
      "13": {
        "A": 5.158960632307266,
        "P": 12.56281407035176,
        "NPI": 1.560274078177191,
        "n_cells": 2043
      },
      "15": {
        "A": 4.1387843741319665,
        "P": 11.35678391959799,
        "NPI": 1.5747587507460128,
        "n_cells": 1639
      },
      "16": {
        "A": 4.338274286002879,
        "P": 9.246231155778895,
        "NPI": 1.2522796155576026,
        "n_cells": 1718
      },
      "17": {
        "A": 4.325648342213581,
        "P": 11.35678391959799,
        "NPI": 1.540369197956556,
        "n_cells": 1713
      },
      "19": {
        "A": 5.015024873109265,
        "P": 14.170854271356784,
        "NPI": 1.7850671349684253,
        "n_cells": 1986
      },
      "21": {
        "A": 7.492235044569583,
        "P": 13.165829145728644,
        "NPI": 1.3568679557754282,
        "n_cells": 2967
      },
      "24": {
        "A": 4.790283073659757,
        "P": 10.85427135678392,
        "NPI": 1.3989917508889074,
        "n_cells": 1897
      },
      "25": {
        "A": 3.1665867023560015,
        "P": 8.944723618090453,
        "NPI": 1.4179675821978865,
        "n_cells": 1254
      },
      "32": {
        "A": 6.247316986944774,
        "P": 12.160804020100503,
        "NPI": 1.3724944163990014,
        "n_cells": 2474
      },
      "33": {
        "A": 7.057902578217723,
        "P": 15.979899497487438,
        "NPI": 1.6968024471820338,
        "n_cells": 2795
      },
      "38": {
        "A": 6.696800585843793,
        "P": 12.361809045226131,
        "NPI": 1.34754542902495,
        "n_cells": 2652
      }
    },
    "mean_npi_baseline": 1.504533262752159,
    "max_npi_baseline": 1.789023517015719,
    "p90_npi_baseline": 1.7232818535179513,
    "n_catchments_baseline": 18,
    "worst_catchment_site": 2,
    "worst_catchment_npi": 1.789023517015719,
    "min_mean_npi_threshold": 1.2,
    "min_max_npi_threshold": 1.45,
    "base_seed": 7949,
    "attempt": 0,
    "uncapacitated": true,
    "pair_id": "shape_niceness_med_29",
    "difficulty": "med",
    "tier_kwargs": {
      "min_mean_npi": 1.2,
      "min_max_npi": 1.45
    },
    "per_catchment_solidity": {
      "1": {
        "A": 2.7524557460670187,
        "A_hull": 3.0655791520416154,
        "solidity": 0.8978583196046128
      },
      "2": {
        "A": 5.280169692684529,
        "A_hull": 6.883664553925407,
        "solidity": 0.7670579603815114
      },
      "3": {
        "A": 10.292669377035935,
        "A_hull": 11.593141587333653,
        "solidity": 0.8878240034850796
      },
      "4": {
        "A": 6.13368349284109,
        "A_hull": 6.883664553925408,
        "solidity": 0.8910491562729271
      },
      "6": {
        "A": 4.201914093078458,
        "A_hull": 4.501148960884828,
        "solidity": 0.9335203366058903
      },
      "8": {
        "A": 8.88361405015025,
        "A_hull": 10.074240549481074,
        "solidity": 0.8818147637548566
      },
      "12": {
        "A": 5.035226383172143,
        "A_hull": 5.079417186434685,
        "solidity": 0.9913000248570721
      },
      "13": {
        "A": 5.158960632307266,
        "A_hull": 5.754905179162145,
        "solidity": 0.8964458095655987
      },
      "15": {
        "A": 4.1387843741319665,
        "A_hull": 4.580692406757406,
        "solidity": 0.9035281146637264
      },
      "16": {
        "A": 4.338274286002879,
        "A_hull": 4.349637635413246,
        "solidity": 0.9973875181422356
      },
      "17": {
        "A": 4.325648342213581,
        "A_hull": 5.086992752708264,
        "solidity": 0.8503350707371559
      },
      "19": {
        "A": 5.015024873109265,
        "A_hull": 6.570541147950809,
        "solidity": 0.7632590315142199
      },
      "21": {
        "A": 7.492235044569583,
        "A_hull": 7.684149390166914,
        "solidity": 0.9750246467302007
      },
      "24": {
        "A": 4.790283073659757,
        "A_hull": 5.0857301583293335,
        "solidity": 0.9419066534260183
      },
      "25": {
        "A": 3.1665867023560015,
        "A_hull": 3.1413348147774043,
        "solidity": 1.0
      },
      "32": {
        "A": 6.247316986944774,
        "A_hull": 6.355900103532738,
        "solidity": 0.982916170043703
      },
      "33": {
        "A": 7.057902578217723,
        "A_hull": 7.966970531047197,
        "solidity": 0.8858954041204438
      },
      "38": {
        "A": 6.696800585843793,
        "A_hull": 6.610944168076565,
        "solidity": 1.0
      }
    },
    "globally_clustered_sites": [],
    "clustered_sites_radius": 1.35,
    "clustered_sites_min_sites": 4,
    "vague_text": "Looking at the colored catchments, several are visibly bowtied or stretched out. Service areas should look more like compact blobs. Improve the shape.",
    "precise_text": "Polling place 2's catchment is unusually elongated \u2014 it has a long thin tail or protrusion that makes the service area look bad. Make it more compact, but be mindful about causing this issue elsewhere.",
    "vague_template_idx": 1,
    "precise_template_idx": 0
  },
  "proposal": null,
  "score": {
    "query_id": "shape_niceness_shape_niceness_med_29_vague",
    "archetype": "shape_niceness",
    "target_direction": "minimize",
    "target_baseline": 1.504533262752159,
    "target_response": 1.4865402197353266,
    "raw_improvement": 0.017993043016832466,
    "fraction_improved": 0.011959219156058267,
    "guards": [
      {
        "name": "total_weighted_distance",
        "baseline": 48650.29095839229,
        "response": 48775.44104716994,
        "bound": 51082.8055063119,
        "violation": 0.0,
        "passed": true
      },
      {
        "name": "p90_voter_distance",
        "baseline": 1.642855498699835,
        "response": 1.642855498699835,
        "bound": 1.642855498699835,
        "violation": 0.0,
        "passed": true
      }
    ],