{
  "archetype": "shape_niceness",
  "per_catchment_npi": {
    "0": {
      "A": 2.257518749526527,
      "P": 9.949748743718594,
      "NPI": 1.8680629149566645,
      "n_cells": 894
    },
    "1": {
      "A": 6.310446705891266,
      "P": 16.28140703517588,
      "NPI": 1.8283399552598967,
      "n_cells": 2499
    },
    "2": {
      "A": 7.5553647635160734,
      "P": 18.391959798994975,
      "NPI": 1.8875365012592165,
      "n_cells": 2992
    },
    "3": {
      "A": 8.43918082876695,
      "P": 15.77889447236181,
      "NPI": 1.5322212927411827,
      "n_cells": 3342
    },
    "6": {
      "A": 2.853463296381405,
      "P": 11.658291457286433,
      "NPI": 1.9469008339075693,
      "n_cells": 1130
    },
    "8": {
      "A": 4.249892679477791,
      "P": 12.261306532663317,
      "NPI": 1.677810223341526,
      "n_cells": 1683
    },
    "9": {
      "A": 3.1034569834095103,
      "P": 9.447236180904524,
      "NPI": 1.5127841855742865,
      "n_cells": 1229
    },
    "14": {
      "A": 3.4822352970884576,
      "P": 11.859296482412061,
      "NPI": 1.7927714931643568,
      "n_cells": 1379
    },
    "17": {
      "A": 5.739754046614985,
      "P": 12.261306532663317,
      "NPI": 1.4437273254986036,
      "n_cells": 2273
    },
    "18": {
      "A": 5.19936365243302,
      "P": 12.06030150753769,
      "NPI": 1.4920319956293933,
      "n_cells": 2059
    },
    "22": {
      "A": 8.070503270119442,
      "P": 14.673366834170857,
      "NPI": 1.4570502646387602,
      "n_cells": 3196
    },
    "25": {
      "A": 8.792707254867302,
      "P": 16.884422110552766,
      "NPI": 1.6062752290096711,
      "n_cells": 3482
    },
    "27": {
      "A": 5.77763187798288,
      "P": 12.06030150753769,
      "NPI": 1.4153970941131175,
      "n_cells": 2288
    },
    "30": {
      "A": 7.762430241660565,
      "P": 16.48241206030151,
      "NPI": 1.6688487590195848,
      "n_cells": 3074
    },
    "31": {
      "A": 2.770132067372036,
      "P": 8.84422110552764,
      "NPI": 1.4990096270517645,
      "n_cells": 1097
    },
    "32": {
      "A": 8.757354612257267,
      "P": 15.276381909547741,
      "NPI": 1.4562270942988988,
      "n_cells": 3468
    },
    "36": {
      "A": 7.378601550465898,
      "P": 14.874371859296485,
      "NPI": 1.5447089870073667,
      "n_cells": 2922
    },
    "39": {
      "A": 2.5075124365546326,
      "P": 6.834170854271357,
      "NPI": 1.2174730378530534,
      "n_cells": 993
    }
  },
  "mean_npi_baseline": 1.602620934129162,
  "max_npi_baseline": 1.9469008339075693,
  "p90_npi_baseline": 1.8739049908474301,
  "n_catchments_baseline": 18,
  "worst_catchment_site": 6,
  "worst_catchment_npi": 1.9469008339075693,
  "min_mean_npi_threshold": 1.2,
  "min_max_npi_threshold": 1.45,
  "base_seed": 7925,
  "attempt": 0,
  "uncapacitated": true,
  "pair_id": "shape_niceness_med_05",
  "difficulty": "med",
  "tier_kwargs": {
    "min_mean_npi": 1.2,
    "min_max_npi": 1.45
  },
  "per_catchment_solidity": {
    "0": {
      "A": 2.257518749526527,
      "A_hull": 2.7499305573091593,
      "solidity": 0.8209366391184573
    },
    "1": {
      "A": 6.310446705891266,
      "A_hull": 8.170248226054897,
      "solidity": 0.7723690310616599
    },
    "2": {
      "A": 7.5553647635160734,
      "A_hull": 10.732052220903515,
      "solidity": 0.7039999999999998
    },
    "3": {
      "A": 8.43918082876695,
      "A_hull": 9.513648645236232,
      "solidity": 0.8870603848706038
    },
    "6": {
      "A": 2.853463296381405,
      "A_hull": 3.849650261357038,
      "solidity": 0.7412266316825187
    },
    "8": {
      "A": 4.249892679477791,
      "A_hull": 4.939269210373475,
      "solidity": 0.8604294478527608
    },
    "9": {
      "A": 3.1034569834095103,
      "A_hull": 3.296633923385772,
      "solidity": 0.9414017617770972
    },
    "14": {
      "A": 3.4822352970884576,
      "A_hull": 4.2448423019620725,
      "solidity": 0.8203450327186198
    },
    "17": {
      "A": 5.739754046614985,
      "A_hull": 6.253629958839424,
      "solidity": 0.9178275792449021
    },
    "18": {
      "A": 5.19936365243302,
      "A_hull": 5.675361733289562,
      "solidity": 0.9161290322580647
    },
    "22": {
      "A": 8.070503270119442,
      "A_hull": 8.956844524128181,
      "solidity": 0.9010431350436987
    },
    "25": {
      "A": 8.792707254867302,
      "A_hull": 10.769930052271405,
      "solidity": 0.8164126611957798
    },
    "27": {
      "A": 5.77763187798288,
      "A_hull": 5.896315749602281,
      "solidity": 0.9798715203426128
    },
    "30": {
      "A": 7.762430241660565,
      "A_hull": 8.939168202823161,
      "solidity": 0.868361581920904
    },
    "31": {
      "A": 2.770132067372036,
      "A_hull": 3.027701320673721,
      "solidity": 0.914929107589658
    },
    "32": {
      "A": 8.757354612257267,
      "A_hull": 9.350773970354284,
      "solidity": 0.9365379422090198
    },
    "36": {
      "A": 7.378601550465898,
      "A_hull": 8.262417615716775,
      "solidity": 0.8930317848410759
    },
    "39": {
      "A": 2.5075124365546326,
      "A_hull": 2.4330193681977734,
      "solidity": 1.0
    }
  },
  "globally_clustered_sites": [],
  "clustered_sites_radius": 1.35,
  "clustered_sites_min_sites": 4,
  "vague_text": "Several polling places have catchments that look bizarre \u2014 stringy or with awkward protrusions. Reshape so the service areas are visually compact.",
  "precise_text": "Polling place 6's catchment is unusually elongated \u2014 it has a long thin tail or protrusion that makes the service area look bad. Make it more compact, but be mindful about causing this issue elsewhere.",
  "vague_template_idx": 3,
  "precise_template_idx": 0
}