{
  "archetype": "coverage_gap",
  "current_max_distance_km": 2.8128197145820804,
  "most_stranded_precinct": 70,
  "most_stranded_distance_km": 2.8128197145820804,
  "best_candidate_idx": 23,
  "best_candidate_new_max_km": 1.7768640048510882,
  "best_improvement_km": 1.0359557097309922,
  "per_candidate_improvement": {
    "23": {
      "improvement_km": 1.0359557097309922,
      "new_max_km": 1.7768640048510882
    },
    "11": {
      "improvement_km": 1.0031591679985747,
      "new_max_km": 1.8096605465835056
    },
    "27": {
      "improvement_km": 0.7061910096883275,
      "new_max_km": 2.106628704893753
    },
    "30": {
      "improvement_km": 0.6511842715512932,
      "new_max_km": 2.161635443030787
    },
    "35": {
      "improvement_km": 0.6511842715512932,
      "new_max_km": 2.161635443030787
    },
    "28": {
      "improvement_km": 0.5364316840449459,
      "new_max_km": 2.2763880305371345
    },
    "1": {
      "improvement_km": 0.0,
      "new_max_km": 2.8128197145820804
    },
    "2": {
      "improvement_km": 0.0,
      "new_max_km": 2.8128197145820804
    },
    "3": {
      "improvement_km": 0.0,
      "new_max_km": 2.8128197145820804
    },
    "8": {
      "improvement_km": 0.0,
      "new_max_km": 2.8128197145820804
    },
    "9": {
      "improvement_km": 0.0,
      "new_max_km": 2.8128197145820804
    },
    "12": {
      "improvement_km": 0.0,
      "new_max_km": 2.8128197145820804
    },
    "14": {
      "improvement_km": 0.0,
      "new_max_km": 2.8128197145820804
    },
    "16": {
      "improvement_km": 0.0,
      "new_max_km": 2.8128197145820804
    },
    "18": {
      "improvement_km": 0.0,
      "new_max_km": 2.8128197145820804
    },
    "21": {
      "improvement_km": 0.0,
      "new_max_km": 2.8128197145820804
    },
    "22": {
      "improvement_km": 0.0,
      "new_max_km": 2.8128197145820804
    },
    "24": {
      "improvement_km": 0.0,
      "new_max_km": 2.8128197145820804
    },
    "26": {
      "improvement_km": 0.0,
      "new_max_km": 2.8128197145820804
    },
    "31": {
      "improvement_km": 0.0,
      "new_max_km": 2.8128197145820804
    },
    "32": {
      "improvement_km": 0.0,
      "new_max_km": 2.8128197145820804
    },
    "37": {
      "improvement_km": 0.0,
      "new_max_km": 2.8128197145820804
    }
  },
  "candidates_ranked_by_improvement": [
    23,
    11,
    27,
    30,
    35,
    28,
    1,
    2,
    3,
    8,
    9,
    12,
    14,
    16,
    18,
    21,
    22,
    24,
    26,
    31,
    32,
    37
  ],
  "coverage_gap_center": [
    1.609460732176015,
    7.447373100567079
  ],
  "coverage_gap_radius": 5.729726351224748,
  "affected_precincts": [
    14,
    53,
    54,
    65,
    70
  ],
  "coverage_gap_distance_threshold": 1.6101945073184711,
  "coverage_gap_baseline_strand_count": 5,
  "n_opened": 18,
  "n_closed_candidates": 22,
  "min_max_distance_threshold_km": 2.6,
  "min_improvement_threshold_km": 1.0,
  "base_seed": 12620,
  "attempt": 0,
  "uncapacitated": true,
  "pair_id": "coverage_gap_med_13",
  "difficulty": "med",
  "tier_kwargs": {
    "min_max_distance": 2.6,
    "min_improvement": 1.0
  },
  "per_catchment_solidity": {
    "0": {
      "A": 6.6134693568344245,
      "A_hull": 7.7182394383980215,
      "solidity": 0.8568624243415671
    },
    "4": {
      "A": 5.825610464382213,
      "A_hull": 6.232165854397617,
      "solidity": 0.9347649918962723
    },
    "5": {
      "A": 7.926567510921442,
      "A_hull": 8.112168884624127,
      "solidity": 0.9771206225680933
    },
    "6": {
      "A": 5.2877452589581075,
      "A_hull": 5.954395091033055,
      "solidity": 0.8880407124681935
    },
    "7": {
      "A": 7.7094012777455125,
      "A_hull": 9.5376379384359,
      "solidity": 0.8083134763039449
    },
    "10": {
      "A": 3.184263023661019,
      "A_hull": 3.2234034494078436,
      "solidity": 0.9878574226400313
    },
    "13": {
      "A": 5.2700689376530905,
      "A_hull": 5.63243352440595,
      "solidity": 0.9356646491817979
    },
    "15": {
      "A": 3.891315875861721,
      "A_hull": 4.158985884194843,
      "solidity": 0.9356405585913785
    },
    "17": {
      "A": 7.413954193075933,
      "A_hull": 8.870988106360947,
      "solidity": 0.8357529177341307
    },
    "19": {
      "A": 4.578167217999546,
      "A_hull": 5.959445468548772,
      "solidity": 0.7682203389830512
    },
    "20": {
      "A": 6.946794272871898,
      "A_hull": 9.863387288199789,
      "solidity": 0.7043010752688176
    },
    "25": {
      "A": 2.6893260271205275,
      "A_hull": 2.6009444205954386,
      "solidity": 1.0
    },
    "29": {
      "A": 8.903815560213127,
      "A_hull": 9.338148026564985,
      "solidity": 0.9534883720930234
    },
    "33": {
      "A": 3.0074998106108435,
      "A_hull": 3.45824600388879,
      "solidity": 0.869660460021906
    },
    "34": {
      "A": 5.600868664932705,
      "A_hull": 6.302871139617687,
      "solidity": 0.8886217948717949
    },
    "36": {
      "A": 3.6413221888336156,
      "A_hull": 3.916567763440318,
      "solidity": 0.9297227595099934
    },
    "38": {
      "A": 5.8887401833287045,
      "A_hull": 6.4733213807732115,
      "solidity": 0.9096937780378391
    },
    "39": {
      "A": 6.628620489381582,
      "A_hull": 6.5844296861190355,
      "solidity": 1.0
    }
  },
  "globally_clustered_sites": [],
  "clustered_sites_radius": 1.35,
  "clustered_sites_min_sites": 4,
  "vague_text": "I see a precinct (or a small set) whose voters face an unusually long trip to reach their assigned polling place. The worst case sticks out from the rest of the map. Address it without creating new long-travel precincts elsewhere.",
  "precise_text": "The current maximum travel distance is 2.8 km, set by precinct 70. Reduce this maximum without significantly increasing other precincts' travel distances.",
  "vague_template_idx": 2,
  "precise_template_idx": 1
}