{
  "archetype": "shape_niceness",
  "per_catchment_npi": {
    "1": {
      "A": 5.249867427590213,
      "P": 13.969849246231156,
      "NPI": 1.7199373165190348,
      "n_cells": 2079
    },
    "2": {
      "A": 3.4620337870255806,
      "P": 10.85427135678392,
      "NPI": 1.6456220266050325,
      "n_cells": 1371
    },
    "4": {
      "A": 6.49731067397288,
      "P": 15.477386934673369,
      "NPI": 1.7128758702500524,
      "n_cells": 2573
    },
    "5": {
      "A": 5.7826822554985995,
      "P": 14.673366834170855,
      "NPI": 1.7213143061524023,
      "n_cells": 2290
    },
    "7": {
      "A": 4.302921643392844,
      "P": 10.753768844221106,
      "NPI": 1.462426493260924,
      "n_cells": 1704
    },
    "8": {
      "A": 4.7574556198075815,
      "P": 12.763819095477388,
      "NPI": 1.6507767190464089,
      "n_cells": 1884
    },
    "10": {
      "A": 7.906366000858565,
      "P": 14.07035175879397,
      "NPI": 1.4115997264353675,
      "n_cells": 3131
    },
    "12": {
      "A": 7.020024746849828,
      "P": 13.5678391959799,
      "NPI": 1.4445628244727786,
      "n_cells": 2780
    },
    "13": {
      "A": 8.499785358955583,
      "P": 15.477386934673369,
      "NPI": 1.497575507509934,
      "n_cells": 3366
    },
    "16": {
      "A": 6.982146915481933,
      "P": 14.472361809045228,
      "NPI": 1.5450409265466694,
      "n_cells": 2765
    },
    "17": {
      "A": 7.3912274942551965,
      "P": 13.869346733668342,
      "NPI": 1.439106016447255,
      "n_cells": 2927
    },
    "20": {
      "A": 4.020100502512563,
      "P": 11.055276381909549,
      "NPI": 1.5554147645285756,
      "n_cells": 1592
    },
    "22": {
      "A": 6.388727557384915,
      "P": 16.582914572864325,
      "NPI": 1.8507542155950816,
      "n_cells": 2530
    },
    "31": {
      "A": 3.3231484053432996,
      "P": 13.869346733668342,
      "NPI": 2.146229724601493,
      "n_cells": 1316
    },
    "32": {
      "A": 3.732228984116563,
      "P": 9.648241206030152,
      "NPI": 1.4088315850713304,
      "n_cells": 1478
    },
    "33": {
      "A": 4.2271659806570545,
      "P": 10.954773869346734,
      "NPI": 1.5030514080015198,
      "n_cells": 1674
    },
    "38": {
      "A": 3.926668518471756,
      "P": 9.648241206030152,
      "NPI": 1.3735077049215927,
      "n_cells": 1555
    },
    "39": {
      "A": 7.537688442211056,
      "P": 14.773869346733669,
      "NPI": 1.5179946140958354,
      "n_cells": 2985
    }
  },
  "mean_npi_baseline": 1.5892567638922936,
  "max_npi_baseline": 2.146229724601493,
  "p90_npi_baseline": 1.7601462789852063,
  "n_catchments_baseline": 18,
  "worst_catchment_site": 31,
  "worst_catchment_npi": 2.146229724601493,
  "min_mean_npi_threshold": 1.5,
  "min_max_npi_threshold": 2.0,
  "base_seed": 22,
  "attempt": 0,
  "vague_text": "Looking at the colored catchments, several are visibly bowtied or stretched out. Service areas should look more like compact blobs. Improve the shape.",
  "precise_text": "Polling place 31's service region has an ugly shape on the map \u2014 long and thin with awkward bumps. Tidy it up.",
  "vague_template_idx": 1,
  "precise_template_idx": 3,
  "pair_id": "19"
}