{
  "archetype": "shape_niceness",
  "per_catchment_npi": {
    "0": {
      "A": 5.603393853690564,
      "P": 15.979899497487438,
      "NPI": 1.9043358218320998,
      "n_cells": 2219
    },
    "1": {
      "A": 3.3130476503118613,
      "P": 12.56281407035176,
      "NPI": 1.9470098970847145,
      "n_cells": 1312
    },
    "3": {
      "A": 9.426529633090075,
      "P": 22.01005025125628,
      "NPI": 2.0222748627430436,
      "n_cells": 3733
    },
    "4": {
      "A": 8.408878563672635,
      "P": 20.0,
      "NPI": 1.9456110462197886,
      "n_cells": 3330
    },
    "6": {
      "A": 4.0680790889118965,
      "P": 10.753768844221106,
      "NPI": 1.5040458342276728,
      "n_cells": 1611
    },
    "7": {
      "A": 4.426655892527967,
      "P": 11.055276381909549,
      "NPI": 1.4822681974011096,
      "n_cells": 1753
    },
    "9": {
      "A": 7.772530996692003,
      "P": 20.20100502512563,
      "NPI": 2.044027871343146,
      "n_cells": 3078
    },
    "15": {
      "A": 7.43668089189667,
      "P": 15.075376884422113,
      "NPI": 1.5594579659017298,
      "n_cells": 2945
    },
    "17": {
      "A": 8.070503270119442,
      "P": 13.668341708542714,
      "NPI": 1.357252301307338,
      "n_cells": 3196
    },
    "21": {
      "A": 6.762455493548144,
      "P": 14.371859296482413,
      "NPI": 1.559034819303748,
      "n_cells": 2678
    },
    "23": {
      "A": 3.2372919875760715,
      "P": 8.743718592964825,
      "NPI": 1.37088272475343,
      "n_cells": 1282
    },
    "25": {
      "A": 4.03777682381758,
      "P": 9.34673366834171,
      "NPI": 1.312150892992491,
      "n_cells": 1599
    },
    "26": {
      "A": 6.461958031362845,
      "P": 11.35678391959799,
      "NPI": 1.260283830261195,
      "n_cells": 2559
    },
    "28": {
      "A": 4.454432968864423,
      "P": 11.758793969849247,
      "NPI": 1.5716709827401782,
      "n_cells": 1764
    },
    "29": {
      "A": 4.363526173581476,
      "P": 10.653266331658292,
      "NPI": 1.4386629517141531,
      "n_cells": 1728
    },
    "32": {
      "A": 5.153910254791546,
      "P": 10.150753768844222,
      "NPI": 1.2613189920423955,
      "n_cells": 2041
    },
    "36": {
      "A": 6.461958031362845,
      "P": 14.271356783919598,
      "NPI": 1.583719503514068,
      "n_cells": 2559
    },
    "38": {
      "A": 1.5479407085679657,
      "P": 7.035175879396986,
      "NPI": 1.5951181857754226,
      "n_cells": 613
    }
  },
  "mean_npi_baseline": 1.595507037842096,
  "max_npi_baseline": 2.044027871343146,
  "p90_npi_baseline": 1.9695893867822132,
  "n_catchments_baseline": 18,
  "worst_catchment_site": 9,
  "worst_catchment_npi": 2.044027871343146,
  "min_mean_npi_threshold": 1.15,
  "min_max_npi_threshold": 1.3,
  "base_seed": 15848,
  "attempt": 0,
  "uncapacitated": true,
  "pair_id": "shape_niceness_hard_09",
  "difficulty": "hard",
  "tier_kwargs": {
    "min_mean_npi": 1.15,
    "min_max_npi": 1.3
  },
  "per_catchment_solidity": {
    "0": {
      "A": 5.603393853690564,
      "A_hull": 7.420267164970582,
      "solidity": 0.7551471839373831
    },
    "1": {
      "A": 3.3130476503118613,
      "A_hull": 4.540289386631651,
      "solidity": 0.7296996662958845
    },
    "3": {
      "A": 9.426529633090075,
      "A_hull": 13.509759854549134,
      "solidity": 0.6977570093457941
    },
    "4": {
      "A": 8.408878563672635,
      "A_hull": 11.301482285800859,
      "solidity": 0.7440509440286005
    },
    "6": {
      "A": 4.0680790889118965,
      "A_hull": 4.215802631246687,
      "solidity": 0.9649595687331535
    },
    "7": {
      "A": 4.426655892527967,
      "A_hull": 4.759980808565441,
      "solidity": 0.9299734748010611
    },
    "9": {
      "A": 7.772530996692003,
      "A_hull": 11.580515643544354,
      "solidity": 0.6711731356301789
    },
    "15": {
      "A": 7.43668089189667,
      "A_hull": 9.042700941895406,
      "solidity": 0.8223959787768781
    },
    "17": {
      "A": 8.070503270119442,
      "A_hull": 8.503573142092371,
      "solidity": 0.9490720118782481
    },
    "21": {
      "A": 6.762455493548144,
      "A_hull": 7.479609100780283,
      "solidity": 0.9041188386225525
    },
    "23": {
      "A": 3.2372919875760715,
      "A_hull": 3.3736521805004913,
      "solidity": 0.9595808383233536
    },
    "25": {
      "A": 4.03777682381758,
      "A_hull": 3.9519204060503514,
      "solidity": 1.0
    },
    "26": {
      "A": 6.461958031362845,
      "A_hull": 6.518774778414685,
      "solidity": 0.9912841371295761
    },
    "28": {
      "A": 4.454432968864423,
      "A_hull": 5.008711901214616,
      "solidity": 0.8893370305016386
    },
    "29": {
      "A": 4.363526173581476,
      "A_hull": 4.585742784273125,
      "solidity": 0.9515418502202643
    },
    "32": {
      "A": 5.153910254791546,
      "A_hull": 5.098356102118634,
      "solidity": 1.0
    },
    "36": {
      "A": 6.461958031362845,
      "A_hull": 7.114719325269563,
      "solidity": 0.9082519964507544
    },
    "38": {
      "A": 1.5479407085679657,
      "A_hull": 1.4582965076639482,
      "solidity": 1.0
    }
  },
  "globally_clustered_sites": [],
  "clustered_sites_radius": 1.35,
  "clustered_sites_min_sites": 4
}