{
  "archetype": "shape_niceness",
  "per_catchment_npi": {
    "0": {
      "A": 4.075654655185476,
      "P": 10.35175879396985,
      "NPI": 1.4464736384372257,
      "n_cells": 1614
    },
    "1": {
      "A": 8.067978081361582,
      "P": 14.371859296482413,
      "NPI": 1.427334193202024,
      "n_cells": 3195
    },
    "3": {
      "A": 4.866038736395546,
      "P": 12.160804020100503,
      "NPI": 1.5551403028355064,
      "n_cells": 1927
    },
    "4": {
      "A": 3.343349915406177,
      "P": 13.065326633165832,
      "NPI": 2.0156931661240662,
      "n_cells": 1324
    },
    "5": {
      "A": 4.5099871215373355,
      "P": 12.361809045226131,
      "NPI": 1.6420616101440035,
      "n_cells": 1786
    },
    "7": {
      "A": 4.239791924446353,
      "P": 10.753768844221106,
      "NPI": 1.4732738937490588,
      "n_cells": 1679
    },
    "8": {
      "A": 6.0831797176838975,
      "P": 15.376884422110553,
      "NPI": 1.7587256374604512,
      "n_cells": 2409
    },
    "11": {
      "A": 10.126006919017197,
      "P": 17.68844221105528,
      "NPI": 1.568070357793234,
      "n_cells": 4010
    },
    "15": {
      "A": 5.063003459508598,
      "P": 12.06030150753769,
      "NPI": 1.511990704599834,
      "n_cells": 2005
    },
    "20": {
      "A": 4.479684856443019,
      "P": 13.366834170854272,
      "NPI": 1.7815577176130515,
      "n_cells": 1774
    },
    "23": {
      "A": 5.451882528218985,
      "P": 10.954773869346734,
      "NPI": 1.323503945838517,
      "n_cells": 2159
    },
    "25": {
      "A": 7.264968056362214,
      "P": 12.964824120603016,
      "NPI": 1.3568906285908806,
      "n_cells": 2877
    },
    "27": {
      "A": 9.845710966894776,
      "P": 15.577889447236181,
      "NPI": 1.4004904259139281,
      "n_cells": 3899
    },
    "29": {
      "A": 7.858387414459232,
      "P": 15.979899497487438,
      "NPI": 1.6080605357299553,
      "n_cells": 3112
    },
    "31": {
      "A": 3.328198782859019,
      "P": 9.045226130653267,
      "NPI": 1.3986526353247937,
      "n_cells": 1318
    },
    "34": {
      "A": 4.800383828691195,
      "P": 10.452261306532664,
      "NPI": 1.3457591598967544,
      "n_cells": 1901
    },
    "35": {
      "A": 4.03777682381758,
      "P": 10.552763819095478,
      "NPI": 1.4814606856366834,
      "n_cells": 1599
    },
    "39": {
      "A": 3.565566526097826,
      "P": 10.251256281407036,
      "NPI": 1.5314678603430005,
      "n_cells": 1412
    }
  },
  "mean_npi_baseline": 1.5348115055129425,
  "max_npi_baseline": 2.0156931661240662,
  "p90_npi_baseline": 1.7655752615062312,
  "n_catchments_baseline": 18,
  "worst_catchment_site": 4,
  "worst_catchment_npi": 2.0156931661240662,
  "min_mean_npi_threshold": 1.15,
  "min_max_npi_threshold": 1.3,
  "base_seed": 15846,
  "attempt": 0,
  "uncapacitated": true,
  "pair_id": "shape_niceness_hard_07",
  "difficulty": "hard",
  "tier_kwargs": {
    "min_mean_npi": 1.15,
    "min_max_npi": 1.3
  },
  "per_catchment_solidity": {
    "0": {
      "A": 4.075654655185476,
      "A_hull": 4.092068382111565,
      "solidity": 0.9959888923171857
    },
    "1": {
      "A": 8.067978081361582,
      "A_hull": 8.521249463397389,
      "solidity": 0.9468069343606461
    },
    "3": {
      "A": 4.866038736395546,
      "A_hull": 4.777657129870458,
      "solidity": 1.0
    },
    "4": {
      "A": 3.343349915406177,
      "A_hull": 4.5630160854523885,
      "solidity": 0.7327061427780852
    },
    "5": {
      "A": 4.5099871215373355,
      "A_hull": 4.873614302669124,
      "solidity": 0.9253886010362696
    },
    "7": {
      "A": 4.239791924446353,
      "A_hull": 4.733466326607915,
      "solidity": 0.8957055214723926
    },
    "8": {
      "A": 6.0831797176838975,
      "A_hull": 7.1134567308906345,
      "solidity": 0.8551650692225773
    },
    "11": {
      "A": 10.126006919017197,
      "A_hull": 11.901214615792528,
      "solidity": 0.8508381073626142
    },
    "15": {
      "A": 5.063003459508598,
      "A_hull": 5.531425974091564,
      "solidity": 0.9153161378680665
    },
    "20": {
      "A": 4.479684856443019,
      "A_hull": 6.113481982778214,
      "solidity": 0.7327550598926063
    },
    "23": {
      "A": 5.451882528218985,
      "A_hull": 5.4430443675664755,
      "solidity": 1.0
    },
    "25": {
      "A": 7.264968056362214,
      "A_hull": 7.254867301330773,
      "solidity": 1.0
    },
    "27": {
      "A": 9.845710966894776,
      "A_hull": 10.219438903058002,
      "solidity": 0.9634297010130963
    },
    "29": {
      "A": 7.858387414459232,
      "A_hull": 9.133607737178354,
      "solidity": 0.8603815316560687
    },
    "31": {
      "A": 3.328198782859019,
      "A_hull": 3.185525618039948,
      "solidity": 1.0
    },
    "34": {
      "A": 4.800383828691195,
      "A_hull": 4.821847933133002,
      "solidity": 0.9955485729248494
    },
    "35": {
      "A": 4.03777682381758,
      "A_hull": 3.8938410646195805,
      "solidity": 1.0
    },
    "39": {
      "A": 3.565566526097826,
      "A_hull": 3.570616903613545,
      "solidity": 0.9985855728429986
    }
  },
  "globally_clustered_sites": [],
  "clustered_sites_radius": 1.35,
  "clustered_sites_min_sites": 4
}