{
  "archetype": "shape_niceness",
  "per_catchment_npi": {
    "0": {
      "A": 3.967071538597511,
      "P": 13.668341708542714,
      "NPI": 1.9358686174874449,
      "n_cells": 1571
    },
    "2": {
      "A": 3.7145526628115455,
      "P": 9.949748743718594,
      "NPI": 1.456310302489201,
      "n_cells": 1471
    },
    "3": {
      "A": 4.4392818363172655,
      "P": 12.261306532663317,
      "NPI": 1.6416306763596842,
      "n_cells": 1758
    },
    "4": {
      "A": 5.671573950152775,
      "P": 11.658291457286433,
      "NPI": 1.3809507076111645,
      "n_cells": 2246
    },
    "5": {
      "A": 4.201914093078458,
      "P": 12.663316582914574,
      "NPI": 1.742685219617069,
      "n_cells": 1664
    },
    "6": {
      "A": 4.754930431049721,
      "P": 11.959798994974875,
      "NPI": 1.5472014545873964,
      "n_cells": 1883
    },
    "8": {
      "A": 11.237089972475443,
      "P": 18.190954773869347,
      "NPI": 1.5308182567229256,
      "n_cells": 4450
    },
    "10": {
      "A": 5.502386303376178,
      "P": 12.864321608040202,
      "NPI": 1.5470573668119356,
      "n_cells": 2179
    },
    "17": {
      "A": 7.929092699679302,
      "P": 12.864321608040202,
      "NPI": 1.2887545431027225,
      "n_cells": 3140
    },
    "22": {
      "A": 7.090730032069898,
      "P": 12.56281407035176,
      "NPI": 1.3308727257390167,
      "n_cells": 2808
    },
    "25": {
      "A": 7.701825711471933,
      "P": 14.773869346733669,
      "NPI": 1.5017321507638703,
      "n_cells": 3050
    },
    "26": {
      "A": 7.711926466503372,
      "P": 13.06532663316583,
      "NPI": 1.3271924412824008,
      "n_cells": 3054
    },
    "27": {
      "A": 5.954395091033056,
      "P": 12.763819095477388,
      "NPI": 1.4755600357520935,
      "n_cells": 2358
    },
    "28": {
      "A": 2.345900356051615,
      "P": 7.537688442211056,
      "NPI": 1.38828448464869,
      "n_cells": 929
    },
    "29": {
      "A": 6.9669957829347755,
      "P": 13.266331658291458,
      "NPI": 1.4178266805734183,
      "n_cells": 2759
    },
    "31": {
      "A": 1.4797606121057552,
      "P": 6.63316582914573,
      "NPI": 1.538226153733031,
      "n_cells": 586
    },
    "32": {
      "A": 5.815509709350775,
      "P": 13.869346733668344,
      "NPI": 1.6223971736314848,
      "n_cells": 2303
    },
    "34": {
      "A": 4.522613065326634,
      "P": 10.251256281407036,
      "NPI": 1.359807532250848,
      "n_cells": 1791
    }
  },
  "mean_npi_baseline": 1.5018431401757997,
  "max_npi_baseline": 1.9358686174874449,
  "p90_npi_baseline": 1.6719470393368998,
  "n_catchments_baseline": 18,
  "worst_catchment_site": 0,
  "worst_catchment_npi": 1.9358686174874449,
  "min_mean_npi_threshold": 1.2,
  "min_max_npi_threshold": 1.45,
  "base_seed": 7947,
  "attempt": 0,
  "uncapacitated": true,
  "pair_id": "shape_niceness_med_27",
  "difficulty": "med",
  "tier_kwargs": {
    "min_mean_npi": 1.2,
    "min_max_npi": 1.45
  },
  "per_catchment_solidity": {
    "0": {
      "A": 3.967071538597511,
      "A_hull": 5.364763516072827,
      "solidity": 0.7394681101435632
    },
    "2": {
      "A": 3.7145526628115455,
      "A_hull": 3.948132622913565,
      "solidity": 0.9408378637671886
    },
    "3": {
      "A": 4.4392818363172655,
      "A_hull": 5.138759122244387,
      "solidity": 0.8638820638820641
    },
    "4": {
      "A": 5.671573950152775,
      "A_hull": 6.21701472185046,
      "solidity": 0.9122664500406172
    },
    "5": {
      "A": 4.201914093078458,
      "A_hull": 5.593293098659125,
      "solidity": 0.7512415349887134
    },
    "6": {
      "A": 4.754930431049721,
      "A_hull": 5.100881290876493,
      "solidity": 0.9321782178217822
    },
    "8": {
      "A": 11.237089972475443,
      "A_hull": 11.81788338678316,
      "solidity": 0.950854700854701
    },
    "10": {
      "A": 5.502386303376178,
      "A_hull": 6.0036362718113185,
      "solidity": 0.9165089379600421
    },
    "17": {
      "A": 7.929092699679302,
      "A_hull": 7.817984394333477,
      "solidity": 1.0
    },
    "22": {
      "A": 7.090730032069898,
      "A_hull": 7.345774096613721,
      "solidity": 0.9652801650051566
    },
    "25": {
      "A": 7.701825711471933,
      "A_hull": 8.377313704199386,
      "solidity": 0.9193669932177849
    },
    "26": {
      "A": 7.711926466503372,
      "A_hull": 7.888689679553545,
      "solidity": 0.977592829705506
    },
    "27": {
      "A": 5.954395091033056,
      "A_hull": 6.189237645514002,
      "solidity": 0.9620563035495718
    },
    "28": {
      "A": 2.345900356051615,
      "A_hull": 2.236054645084718,
      "solidity": 1.0
    },
    "29": {
      "A": 6.9669957829347755,
      "A_hull": 7.636170803767581,
      "solidity": 0.9123677248677251
    },
    "31": {
      "A": 1.4797606121057552,
      "A_hull": 1.4052675437488955,
      "solidity": 1.0
    },
    "32": {
      "A": 5.815509709350775,
      "A_hull": 6.094543067094265,
      "solidity": 0.9542158690698158
    },
    "34": {
      "A": 4.522613065326634,
      "A_hull": 4.633721370672458,
      "solidity": 0.9760217983651227
    }
  },
  "globally_clustered_sites": [],
  "clustered_sites_radius": 1.35,
  "clustered_sites_min_sites": 4,
  "vague_text": "The shapes of the service regions on the map are ugly \u2014 long, thin, jagged. Tidy them up so each catchment is more rounded.",
  "precise_text": "Site 0 is serving an awkwardly-shaped catchment. The service area should be more circular / compact, not elongated, but be mindful about causing this issue elsewhere.",
  "vague_template_idx": 2,
  "precise_template_idx": 2
}