{
  "archetype": "cluster",
  "cluster_center": [
    5.945093391135742,
    1.7845214312238724
  ],
  "cluster_radius": 1.3,
  "affected_sites": [
    2,
    3,
    5,
    8
  ],
  "cluster_size": 4,
  "cluster_density_ratio": 4.18553433509258,
  "cluster_min_sites": 4,
  "cluster_density_factor": 2.0,
  "base_seed": 7961,
  "attempt": 0,
  "pair_id": "cluster_med_01",
  "difficulty": "med",
  "tier_kwargs": {
    "cluster_radius": 1.3,
    "cluster_min_sites": 4,
    "cluster_density_factor": 2.0
  },
  "per_catchment_solidity": {
    "0": {
      "A": 2.302972147168001,
      "A_hull": 2.2802454483472645,
      "solidity": 1.0
    },
    "1": {
      "A": 6.881139365167547,
      "A_hull": 9.051539102547915,
      "solidity": 0.7602176035709305
    },
    "2": {
      "A": 3.199414156208177,
      "A_hull": 3.9228807353349664,
      "solidity": 0.8155777277116191
    },
    "3": {
      "A": 4.54786495290523,
      "A_hull": 6.634933461276232,
      "solidity": 0.6854424357754518
    },
    "4": {
      "A": 3.6059695462235806,
      "A_hull": 4.8635135476376865,
      "solidity": 0.7414330218068536
    },
    "5": {
      "A": 4.070604277669756,
      "A_hull": 5.972071412338074,
      "solidity": 0.6816067653276955
    },
    "8": {
      "A": 4.664023635766774,
      "A_hull": 5.612232014343074,
      "solidity": 0.8310461192350954
    },
    "9": {
      "A": 6.416504633721371,
      "A_hull": 8.22706497310674,
      "solidity": 0.7799263351749539
    },
    "11": {
      "A": 4.737254109744704,
      "A_hull": 5.109719451529003,
      "solidity": 0.9271064986409686
    },
    "13": {
      "A": 5.1640110098229846,
      "A_hull": 5.727128102825687,
      "solidity": 0.9016754850088182
    },
    "16": {
      "A": 10.388626549834601,
      "A_hull": 12.149945708441706,
      "solidity": 0.8550348124285567
    },
    "18": {
      "A": 8.080604025150881,
      "A_hull": 8.86972551198202,
      "solidity": 0.9110320284697511
    },
    "23": {
      "A": 5.70692659276281,
      "A_hull": 5.597080881795911,
      "solidity": 1.0
    },
    "26": {
      "A": 11.418903563041338,
      "A_hull": 11.535062245902878,
      "solidity": 0.9899299474605958
    },
    "27": {
      "A": 4.512512310295195,
      "A_hull": 6.238478826292263,
      "solidity": 0.723335357215139
    },
    "33": {
      "A": 7.487184667053863,
      "A_hull": 8.665185222595388,
      "solidity": 0.8640536208655109
    },
    "34": {
      "A": 4.785232696144037,
      "A_hull": 4.723365571576475,
      "solidity": 1.0
    },
    "37": {
      "A": 3.037802075705159,
      "A_hull": 2.9532082523168603,
      "solidity": 1.0
    }
  },
  "globally_clustered_sites": [
    0,
    2,
    3,
    5,
    8
  ],
  "clustered_sites_radius": 1.3,
  "clustered_sites_min_sites": 4,
  "vague_text": "There's an unnecessary concentration of opened sites somewhere on the map. Multiple sites within walking distance of each other is wasteful. Close one or two.",
  "precise_text": "There's an over-concentration of polling places: sites 2, 3, 5, 8 are within walking distance of each other. Close some so we free budget for sparser areas, but be mindful about creating clusters elsewhere.",
  "vague_template_idx": 3,
  "precise_template_idx": 2
}