{
  "pair_id": "cluster_med_25",
  "modality": "multimodal",
  "query_type": "vague",
  "run_config": {
    "model": "gpt-5.4",
    "temperature": null,
    "seed": null,
    "enable_visual": true,
    "query_type": "vague",
    "max_iters": 25,
    "guard_config": [
      {
        "name": "total_weighted_distance",
        "bound_kind": "max_pct_increase",
        "max_pct_increase": 0.05
      },
      {
        "name": "p90_voter_distance",
        "bound_kind": "max_abs_increase",
        "max_abs_increase": 0.0
      }
    ]
  },
  "status": "completed",
  "result_schema_version": 1,
  "termination_reason": "explicit_submit",
  "baseline_digest": "1fbec0d21049f5f225af31443cdfd48bea9f5ec2dfb2a4ca86873a7fb919c6d7",
  "guard_config": [
    {
      "name": "total_weighted_distance",
      "bound_kind": "max_pct_increase",
      "max_pct_increase": 0.05
    },
    {
      "name": "p90_voter_distance",
      "bound_kind": "max_abs_increase",
      "max_abs_increase": 0.0
    }
  ],
  "metadata": {
    "archetype": "cluster",
    "cluster_center": [
      6.197720098276942,
      1.6866404872429492
    ],
    "cluster_radius": 1.3,
    "affected_sites": [
      4,
      5,
      7,
      8
    ],
    "cluster_size": 4,
    "cluster_density_ratio": 4.18553433509258,
    "cluster_min_sites": 4,
    "cluster_density_factor": 2.0,
    "base_seed": 8632,
    "attempt": 0,
    "pair_id": "cluster_med_25",
    "difficulty": "med",
    "tier_kwargs": {
      "cluster_radius": 1.3,
      "cluster_min_sites": 4,
      "cluster_density_factor": 2.0
    },
    "per_catchment_solidity": {
      "0": {
        "A": 4.161511072952703,
        "A_hull": 4.99482336304639,
        "solidity": 0.8331648129423658
      },
      "1": {
        "A": 3.5857680361607036,
        "A_hull": 5.222090351253757,
        "solidity": 0.6866537717601547
      },
      "2": {
        "A": 6.151359814146108,
        "A_hull": 6.150097219767177,
        "solidity": 1.0
      },
      "3": {
        "A": 5.575616777354107,
        "A_hull": 5.671573950152773,
        "solidity": 0.9830810329474624
      },
      "4": {
        "A": 2.967096790485089,
        "A_hull": 3.1640615135981407,
        "solidity": 0.9377494014365526
      },
      "5": {
        "A": 4.411504759980809,
        "A_hull": 5.739754046614988,
        "solidity": 0.7685877694676635
      },
      "7": {
        "A": 3.39385369056337,
        "A_hull": 4.1652988560894935,
        "solidity": 0.8147923613216126
      },
      "8": {
        "A": 2.391353753693089,
        "A_hull": 3.0542158026312465,
        "solidity": 0.7829681686647376
      },
      "13": {
        "A": 8.15635968788667,
        "A_hull": 8.470745688240195,
        "solidity": 0.962885675957669
      },
      "14": {
        "A": 7.421529759349513,
        "A_hull": 9.08436655640009,
        "solidity": 0.8169562195969425
      },
      "16": {
        "A": 6.737203605969547,
        "A_hull": 9.001035327390726,
        "solidity": 0.7484920746247719
      },
      "19": {
        "A": 4.206964470594177,
        "A_hull": 4.575642029241686,
        "solidity": 0.9194260485651214
      },
      "23": {
        "A": 9.272493118860636,
        "A_hull": 12.200449483598899,
        "solidity": 0.7600124185035705
      },
      "24": {
        "A": 6.767505871063863,
        "A_hull": 8.00358576803616,
        "solidity": 0.8455592364726299
      },
      "25": {
        "A": 10.242165601878742,
        "A_hull": 11.46688214944067,
        "solidity": 0.8931953314247966
      },
      "30": {
        "A": 4.550390141663089,
        "A_hull": 5.20062624681195,
        "solidity": 0.8749696528283563
      },
      "34": {
        "A": 5.4821847933133006,
        "A_hull": 6.119794954672863,
        "solidity": 0.8958118423767277
      },
      "37": {
        "A": 5.532688568470494,
        "A_hull": 6.147572031009319,
        "solidity": 0.8999794619018279
      }
    },
    "globally_clustered_sites": [
      4,
      5,
      7,
      8
    ],
    "clustered_sites_radius": 1.3,
    "clustered_sites_min_sites": 4,
    "vague_text": "There's a cluster of polling places packed too tightly somewhere in the county. Multiple sites within a small radius is redundant when one or two would suffice. Spread them out by closing some, freeing budget for sparser areas.",
    "precise_text": "Polling places 4, 5, 7, 8 are clustered too tightly together \u2014 I count 4 sites within roughly 1.3 km of each other. Close one or two of them and let the optimiser redistribute coverage, but be mindful about creating clusters elsewhere.",
    "vague_template_idx": 0,
    "precise_template_idx": 0
  },
  "proposal": {
    "force_close": [
      1,
      6,
      8
    ],
    "rationale": "Reduce the south-central over-concentration more decisively by closing an interior redundant site (1) and preventing substitute reopenings at nearby clustered sites 6 and 8. This should force the optimizer to spread service outward rather than keeping multiple polling places within the same small radius."
  },
  "score": {
    "query_id": "cluster_cluster_med_25_vague",
    "archetype": "cluster",
    "target_direction": "minimize",
    "target_baseline": 4.0,
    "target_response": 4.0,
    "raw_improvement": 0.0,
    "fraction_improved": 0.0,
    "guards": [
      {
        "name": "total_weighted_distance",
        "baseline": 49469.65446937391,
        "response": 49469.65446937391,
        "bound": 51943.13719284261,
        "violation": 0.0,
        "passed": true
      },
      {
        "name": "p90_voter_distance",
        "baseline": 1.6544890429377845,
        "response": 1.6544890429377845,
        "bound": 1.6544890429377845,
        "violation": 0.0,
        "passed": true
      }
    ],
    "all_guards_passed": true,
    "feasible": true,
    "valid": true,
    "baseline_assignment_distance": 49469.65446937391,
    "final_assignment_distance": 49469.65446937391,
    "assignment_distance_delta": 0.0,
    "success": false
  },
  "superscore": {
    "selected_explored_index": 0,
    "selected_source": "baseline",
    "selected_iteration": -1,
    "selected_resolve_index": null,
    "selected_n_resolves": 0,
    "selected_n_local_edits": 0,
    "n_feasible_explored": 3,
    "selected_valid": true,
    "n_explored_valid": 2,
    "n_explored_primary_improved": 1,
    "n_explored_primary_improved_but_invalid": 1,
    "selection_reason": "Baseline selected: all explored primary-improving candidates were invalid.",
    "explored_scores": [
      {
        "explored_index": 0,
        "source": "baseline",
        "iteration": -1,
        "resolve_index": null,
        "n_resolves": 0,
        "n_local_edits": 0,
        "target_response": 4.0,
        "fraction_improved": 0.0,
        "valid": true,
        "success": false,
        "assignment_distance_delta": 0.0
      },
      {
        "explored_index": 1,
        "source": "resolve",
        "iteration": 1,
        "resolve_index": 1,
        "n_resolves": 1,
        "n_local_edits": 0,
        "target_response": 4.0,
        "fraction_improved": 0.0,
        "valid": true,
        "success": false,
        "assignment_distance_delta": 169.74930508564285
      },
      {
        "explored_index": 2,
        "source": "resolve",
        "iteration": 3,
        "resolve_index": 2,
        "n_resolves": 2,
        "n_local_edits": 0,
        "target_response": 0.0,
        "fraction_improved": 1.0,
        "valid": false,
        "success": false,
        "assignment_distance_delta": 2716.923139005885
      }
    ],
    "explored_scores_full": [
      {
        "explored_index": 0,
        "source": "baseline",
        "iteration": -1,
        "resolve_index": null,
        "n_resolves": 0,
        "n_local_edits": 0,
        "proposal": null,
        "score": {
          "query_id": "cluster_cluster_med_25_vague",
          "archetype": "cluster",
          "target_direction": "minimize",
          "target_baseline": 4.0,