{
  "pair_id": "cluster_med_09",
  "modality": "multimodal",
  "query_type": "vague",
  "run_config": {
    "model": "gpt-5.4",
    "temperature": null,
    "seed": null,
    "enable_visual": true,
    "query_type": "vague",
    "max_iters": 25,
    "guard_config": [
      {
        "name": "total_weighted_distance",
        "bound_kind": "max_pct_increase",
        "max_pct_increase": 0.05
      },
      {
        "name": "p90_voter_distance",
        "bound_kind": "max_abs_increase",
        "max_abs_increase": 0.0
      }
    ]
  },
  "status": "completed",
  "result_schema_version": 1,
  "termination_reason": "explicit_submit",
  "baseline_digest": "9a2248fe84b27185b1327d730cd85c3c00b0a9d653f6c354f0db868b7105c7cd",
  "guard_config": [
    {
      "name": "total_weighted_distance",
      "bound_kind": "max_pct_increase",
      "max_pct_increase": 0.05
    },
    {
      "name": "p90_voter_distance",
      "bound_kind": "max_abs_increase",
      "max_abs_increase": 0.0
    }
  ],
  "metadata": {
    "archetype": "cluster",
    "cluster_center": [
      6.086614133110368,
      5.776652543412307
    ],
    "cluster_radius": 1.3,
    "affected_sites": [
      1,
      14,
      21,
      25
    ],
    "cluster_size": 4,
    "cluster_density_ratio": 4.18553433509258,
    "cluster_min_sites": 4,
    "cluster_density_factor": 2.0,
    "base_seed": 8283,
    "attempt": 0,
    "pair_id": "cluster_med_09",
    "difficulty": "med",
    "tier_kwargs": {
      "cluster_radius": 1.3,
      "cluster_min_sites": 4,
      "cluster_density_factor": 2.0
    },
    "per_catchment_solidity": {
      "1": {
        "A": 4.393828438675792,
        "A_hull": 4.693063306482159,
        "solidity": 0.9362389023405975
      },
      "2": {
        "A": 5.222090351253756,
        "A_hull": 6.696800585843793,
        "solidity": 0.7797888386123679
      },
      "5": {
        "A": 4.148885129163405,
        "A_hull": 5.868538673265827,
        "solidity": 0.7069707401032702
      },
      "6": {
        "A": 5.098356102118634,
        "A_hull": 5.383702431756775,
        "solidity": 0.9469981238273921
      },
      "7": {
        "A": 3.9342440847453353,
        "A_hull": 4.003686775586474,
        "solidity": 0.9826553137811419
      },
      "8": {
        "A": 3.2600186863968084,
        "A_hull": 4.34458725789753,
        "solidity": 0.7503632664922985
      },
      "9": {
        "A": 6.421555011237091,
        "A_hull": 7.581879245473603,
        "solidity": 0.8469608659450455
      },
      "14": {
        "A": 5.156435443549406,
        "A_hull": 7.454357213201689,
        "solidity": 0.6917344173441734
      },
      "15": {
        "A": 11.921416125855409,
        "A_hull": 12.377212696649073,
        "solidity": 0.9631745384066104
      },
      "21": {
        "A": 3.350925481679756,
        "A_hull": 3.286533168354334,
        "solidity": 1.0
      },
      "25": {
        "A": 7.138708618469232,
        "A_hull": 8.29145728643216,
        "solidity": 0.8609715242881075
      },
      "28": {
        "A": 10.487108911391127,
        "A_hull": 11.228251811822933,
        "solidity": 0.9339930282244463
      },
      "30": {
        "A": 4.752405242291862,
        "A_hull": 4.835736471301228,
        "solidity": 0.9827676240208881
      },
      "32": {
        "A": 5.9240928259387395,
        "A_hull": 7.069265927628088,
        "solidity": 0.8380067869262372
      },
      "33": {
        "A": 3.5680917148556857,
        "A_hull": 4.789020479280828,
        "solidity": 0.7450566833640915
      },
      "37": {
        "A": 3.4746597308148788,
        "A_hull": 5.060478270750741,
        "solidity": 0.6866267465069859
      },
      "38": {
        "A": 8.527562435292039,
        "A_hull": 9.72702709527537,
        "solidity": 0.8766874350986503
      },
      "39": {
        "A": 4.2271659806570545,
        "A_hull": 6.910179035882933,
        "solidity": 0.6117303124429014
      }
    },
    "globally_clustered_sites": [
      1,
      14,
      21,
      25
    ],
    "clustered_sites_radius": 1.3,
    "clustered_sites_min_sites": 4,
    "vague_text": "Looking at the solution, I see an over-concentration of polling sites \u2014 several bunched together in a small area while other regions are sparser. Re-balance by reducing the cluster.",
    "precise_text": "There's an over-concentration of polling places: sites 1, 14, 21, 25 are within walking distance of each other. Close some so we free budget for sparser areas, but be mindful about creating clusters elsewhere.",
    "vague_template_idx": 1,
    "precise_template_idx": 2
  },
  "proposal": {
    "force_close": [
      39
    ],
    "force_open": [
      35
    ],
    "rationale": "Try a different de-clustering move: break the remaining south-central pair by closing site 39 (which is still tightly clustered with site 33) and open site 35 on the east side to spread sites more evenly across the county while letting the MILP rebalance assignments globally."
  },
  "score": {
    "query_id": "cluster_cluster_med_09_vague",
    "archetype": "cluster",
    "target_direction": "minimize",
    "target_baseline": 4.0,
    "target_response": 4.0,
    "raw_improvement": 0.0,
    "fraction_improved": 0.0,
    "guards": [
      {
        "name": "total_weighted_distance",
        "baseline": 60675.03936163901,
        "response": 60675.03936163901,
        "bound": 63708.79132972096,
        "violation": 0.0,
        "passed": true
      },
      {
        "name": "p90_voter_distance",
        "baseline": 2.2738827378649717,
        "response": 2.2738827378649717,
        "bound": 2.2738827378649717,
        "violation": 0.0,
        "passed": true
      }
    ],
    "all_guards_passed": true,
    "feasible": true,
    "valid": true,
    "baseline_assignment_distance": 60675.03936163901,
    "final_assignment_distance": 60675.03936163901,
    "assignment_distance_delta": 0.0,
    "success": false
  },
  "superscore": {
    "selected_explored_index": 0,
    "selected_source": "baseline",
    "selected_iteration": -1,
    "selected_resolve_index": null,
    "selected_n_resolves": 0,
    "selected_n_local_edits": 0,
    "n_feasible_explored": 3,
    "selected_valid": true,
    "n_explored_valid": 1,
    "n_explored_primary_improved": 0,
    "n_explored_primary_improved_but_invalid": 0,
    "selection_reason": "Baseline selected: no explored candidate improved the primary target.",
    "explored_scores": [
      {
        "explored_index": 0,
        "source": "baseline",
        "iteration": -1,
        "resolve_index": null,
        "n_resolves": 0,
        "n_local_edits": 0,
        "target_response": 4.0,
        "fraction_improved": 0.0,
        "valid": true,
        "success": false,
        "assignment_distance_delta": 0.0
      },
      {
        "explored_index": 1,
        "source": "resolve",
        "iteration": 3,
        "resolve_index": 1,
        "n_resolves": 1,
        "n_local_edits": 0,
        "target_response": 4.0,
        "fraction_improved": 0.0,
        "valid": false,
        "success": false,
        "assignment_distance_delta": 4816.494014981574
      },
      {
        "explored_index": 2,
        "source": "resolve",
        "iteration": 5,
        "resolve_index": 2,
        "n_resolves": 2,
        "n_local_edits": 0,
        "target_response": 4.0,
        "fraction_improved": 0.0,
        "valid": false,
        "success": false,
        "assignment_distance_delta": 4025.089696060779
      }
    ],
    "explored_scores_full": [
      {
        "explored_index": 0,
        "source": "baseline",
        "iteration": -1,
        "resolve_index": null,
        "n_resolves": 0,
        "n_local_edits": 0,
        "proposal": null,
        "score": {
          "query_id": "cluster_cluster_med_09_vague",
          "archetype": "cluster",
          "target_direction": "minimize",
          "target_baseline": 4.0,
          "target_response": 4.0,
          "raw_improvement": 0.0,