{
  "pair_id": "cluster_med_10",
  "modality": "multimodal",
  "query_type": "vague",
  "run_config": {
    "model": "gpt-5.4",
    "temperature": null,
    "seed": null,
    "enable_visual": true,
    "query_type": "vague",
    "max_iters": 25,
    "guard_config": [
      {
        "name": "total_weighted_distance",
        "bound_kind": "max_pct_increase",
        "max_pct_increase": 0.05
      },
      {
        "name": "p90_voter_distance",
        "bound_kind": "max_abs_increase",
        "max_abs_increase": 0.0
      }
    ]
  },
  "status": "completed",
  "result_schema_version": 1,
  "termination_reason": "explicit_submit",
  "baseline_digest": "abc14333d289c1000e494060fd876b227208fa84bfa0e885f8a9e2814cf92b38",
  "guard_config": [
    {
      "name": "total_weighted_distance",
      "bound_kind": "max_pct_increase",
      "max_pct_increase": 0.05
    },
    {
      "name": "p90_voter_distance",
      "bound_kind": "max_abs_increase",
      "max_abs_increase": 0.0
    }
  ],
  "metadata": {
    "archetype": "cluster",
    "cluster_center": [
      6.01421623518355,
      1.9438617124128195
    ],
    "cluster_radius": 1.3,
    "affected_sites": [
      2,
      4,
      5,
      33
    ],
    "cluster_size": 4,
    "cluster_density_ratio": 4.18553433509258,
    "cluster_min_sites": 4,
    "cluster_density_factor": 2.0,
    "base_seed": 8290,
    "attempt": 0,
    "pair_id": "cluster_med_10",
    "difficulty": "med",
    "tier_kwargs": {
      "cluster_radius": 1.3,
      "cluster_min_sites": 4,
      "cluster_density_factor": 2.0
    },
    "per_catchment_solidity": {
      "2": {
        "A": 2.858513673897124,
        "A_hull": 2.794121360571703,
        "solidity": 1.0
      },
      "3": {
        "A": 6.747304361000985,
        "A_hull": 7.083154465796319,
        "solidity": 0.952584670231729
      },
      "4": {
        "A": 4.54786495290523,
        "A_hull": 5.499861114618319,
        "solidity": 0.8269054178145085
      },
      "5": {
        "A": 3.277695007701826,
        "A_hull": 3.5946061968132117,
        "solidity": 0.9118370214260626
      },
      "6": {
        "A": 4.482210045200879,
        "A_hull": 5.824347870003283,
        "solidity": 0.7695642748753522
      },
      "7": {
        "A": 4.62362061564102,
        "A_hull": 5.97964697861165,
        "solidity": 0.7732263513513515
      },
      "8": {
        "A": 3.7751571930001773,
        "A_hull": 3.8105098356102123,
        "solidity": 0.9907223326706428
      },
      "17": {
        "A": 7.040226256912705,
        "A_hull": 7.795257695512739,
        "solidity": 0.9031422092646584
      },
      "18": {
        "A": 9.264917552587058,
        "A_hull": 10.349486124087774,
        "solidity": 0.895205563010858
      },
      "21": {
        "A": 12.085553395116285,
        "A_hull": 12.874674881947426,
        "solidity": 0.9387074629793076
      },
      "23": {
        "A": 3.2044645337238964,
        "A_hull": 3.1539607585667024,
        "solidity": 1.0
      },
      "27": {
        "A": 7.7094012777455125,
        "A_hull": 9.584353930456302,
        "solidity": 0.8043736003161639
      },
      "28": {
        "A": 5.691775460215652,
        "A_hull": 6.243529203807984,
        "solidity": 0.9116279069767443
      },
      "29": {
        "A": 5.63622130754274,
        "A_hull": 6.0301507537688455,
        "solidity": 0.9346733668341708
      },
      "33": {
        "A": 3.623645867528598,
        "A_hull": 3.705714502159037,
        "solidity": 0.9778534923339012
      },
      "35": {
        "A": 4.363526173581476,
        "A_hull": 4.208227064973107,
        "solidity": 1.0
      },
      "36": {
        "A": 4.497361177748037,
        "A_hull": 4.434231458801543,
        "solidity": 1.0
      },
      "39": {
        "A": 7.57809146233681,
        "A_hull": 7.665210474482968,
        "solidity": 0.9886344918464833
      }
    },
    "globally_clustered_sites": [
      2,
      4,
      5,
      33
    ],
    "clustered_sites_radius": 1.3,
    "clustered_sites_min_sites": 4,
    "vague_text": "I see way too many polling locations bunched together. They're so close that closing one or two wouldn't really hurt coverage.",
    "precise_text": "Sites 2, 4, 5, 33 form a tight cluster of 4 polling places in a small area. That's redundant \u2014 please thin it out, but be mindful about creating clusters elsewhere.",
    "vague_template_idx": 4,
    "precise_template_idx": 1
  },
  "proposal": {
    "force_close": [
      2
    ],
    "rationale": "Address the stakeholder's concern about overly bunched polling places by testing closure of the most redundant south-central opened site. Site 2 at (5.05,1.41) sits only about 0.40 km from opened site 4 and about 1.04 km from opened site 5, making it the clearest redundancy candidate in the dense bottom-center cluster. A full re-solve is needed because nearby sites are tight on capacity and assignments must be globally rebalanced."
  },
  "score": {
    "query_id": "cluster_cluster_med_10_vague",
    "archetype": "cluster",
    "target_direction": "minimize",
    "target_baseline": 4.0,
    "target_response": 0.0,
    "raw_improvement": 4.0,
    "fraction_improved": 1.0,
    "guards": [
      {
        "name": "total_weighted_distance",
        "baseline": 46202.48771940535,
        "response": 47021.782981788674,
        "bound": 48512.612105375614,
        "violation": 0.0,
        "passed": true
      },
      {
        "name": "p90_voter_distance",
        "baseline": 1.5770149601216474,
        "response": 1.5770149601216474,
        "bound": 1.5770149601216474,
        "violation": 0.0,
        "passed": true
      }
    ],
    "all_guards_passed": true,
    "feasible": true,
    "valid": true,
    "baseline_assignment_distance": 46202.48771940535,
    "final_assignment_distance": 47021.782981788674,
    "assignment_distance_delta": 819.2952623833262,
    "success": true
  },
  "superscore": {
    "selected_explored_index": 1,
    "selected_source": "resolve",
    "selected_iteration": 2,
    "selected_resolve_index": 1,
    "selected_n_resolves": 1,
    "selected_n_local_edits": 0,
    "n_feasible_explored": 2,
    "selected_valid": true,
    "n_explored_valid": 2,
    "n_explored_primary_improved": 1,
    "n_explored_primary_improved_but_invalid": 0,
    "selection_reason": "Selected explored candidate is valid and improves the primary target.",
    "explored_scores": [
      {
        "explored_index": 0,
        "source": "baseline",
        "iteration": -1,
        "resolve_index": null,
        "n_resolves": 0,
        "n_local_edits": 0,
        "target_response": 4.0,
        "fraction_improved": 0.0,
        "valid": true,
        "success": false,
        "assignment_distance_delta": 0.0
      },
      {
        "explored_index": 1,
        "source": "resolve",
        "iteration": 2,
        "resolve_index": 1,
        "n_resolves": 1,
        "n_local_edits": 0,
        "target_response": 0.0,
        "fraction_improved": 1.0,
        "valid": true,
        "success": true,
        "assignment_distance_delta": 819.2952623833262
      }
    ],
    "explored_scores_full": [
      {
        "explored_index": 0,
        "source": "baseline",
        "iteration": -1,
        "resolve_index": null,
        "n_resolves": 0,
        "n_local_edits": 0,
        "proposal": null,
        "score": {
          "query_id": "cluster_cluster_med_10_vague",
          "archetype": "cluster",
          "target_direction": "minimize",
          "target_baseline": 4.0,
          "target_response": 4.0,
          "raw_improvement": 0.0,
          "fraction_improved": 0.0,
          "guards": [
            {
              "name": "total_weighted_distance",
              "baseline": 46202.48771940535,
              "response": 46202.48771940535,
              "bound": 48512.612105375614,
              "violation": 0.0,