{
  "pair_id": "cluster_med_23",
  "modality": "multimodal",
  "query_type": "vague",
  "run_config": {
    "model": "gpt-5.4",
    "temperature": null,
    "seed": null,
    "enable_visual": true,
    "query_type": "vague",
    "max_iters": 25,
    "guard_config": [
      {
        "name": "total_weighted_distance",
        "bound_kind": "max_pct_increase",
        "max_pct_increase": 0.05
      },
      {
        "name": "p90_voter_distance",
        "bound_kind": "max_abs_increase",
        "max_abs_increase": 0.0
      }
    ]
  },
  "status": "completed",
  "result_schema_version": 1,
  "termination_reason": "explicit_submit",
  "baseline_digest": "8707ca9008ed7fc5e836ab04f3ad5ac5ac673bb7103c85a40193b641a4f539e0",
  "guard_config": [
    {
      "name": "total_weighted_distance",
      "bound_kind": "max_pct_increase",
      "max_pct_increase": 0.05
    },
    {
      "name": "p90_voter_distance",
      "bound_kind": "max_abs_increase",
      "max_abs_increase": 0.0
    }
  ],
  "metadata": {
    "archetype": "cluster",
    "cluster_center": [
      5.454247448767425,
      1.7583848264131148
    ],
    "cluster_radius": 1.3,
    "affected_sites": [
      1,
      4,
      35,
      37
    ],
    "cluster_size": 4,
    "cluster_density_ratio": 4.18553433509258,
    "cluster_min_sites": 4,
    "cluster_density_factor": 2.0,
    "base_seed": 8609,
    "attempt": 0,
    "pair_id": "cluster_med_23",
    "difficulty": "med",
    "tier_kwargs": {
      "cluster_radius": 1.3,
      "cluster_min_sites": 4,
      "cluster_density_factor": 2.0
    },
    "per_catchment_solidity": {
      "0": {
        "A": 8.80280800989874,
        "A_hull": 10.067927577586424,
        "solidity": 0.8743416102332582
      },
      "1": {
        "A": 2.4948864927653345,
        "A_hull": 2.8471503244867558,
        "solidity": 0.8762749445676274
      },
      "2": {
        "A": 4.658973258251055,
        "A_hull": 4.949369965404915,
        "solidity": 0.9413265306122448
      },
      "4": {
        "A": 2.5554910229539662,
        "A_hull": 3.456983409509861,
        "solidity": 0.7392257121986853
      },
      "5": {
        "A": 4.997348551804248,
        "A_hull": 5.590767909901266,
        "solidity": 0.8938572719060525
      },
      "6": {
        "A": 7.3659756066766,
        "A_hull": 9.66389737632888,
        "solidity": 0.762215834857591
      },
      "7": {
        "A": 3.191838589934598,
        "A_hull": 5.319310118431354,
        "solidity": 0.6000474721101352
      },
      "8": {
        "A": 6.247316986944774,
        "A_hull": 8.502310547713442,
        "solidity": 0.7347787347787348
      },
      "10": {
        "A": 7.762430241660565,
        "A_hull": 8.002323173657231,
        "solidity": 0.9700220889870622
      },
      "16": {
        "A": 4.095856165248353,
        "A_hull": 4.305446832150701,
        "solidity": 0.9513196480938423
      },
      "18": {
        "A": 7.65637231383046,
        "A_hull": 9.595717279866673,
        "solidity": 0.7978947368421051
      },
      "21": {
        "A": 5.467033660766143,
        "A_hull": 7.593242594883969,
        "solidity": 0.7199866977053542
      },
      "23": {
        "A": 5.903891315875862,
        "A_hull": 7.030125501881266,
        "solidity": 0.8397988505747126
      },
      "27": {
        "A": 7.792732506754881,
        "A_hull": 9.221989343703445,
        "solidity": 0.8450164293537785
      },
      "31": {
        "A": 3.8231357793995104,
        "A_hull": 3.807984646852353,
        "solidity": 1.0
      },
      "34": {
        "A": 10.855786470038638,
        "A_hull": 11.681523193858737,
        "solidity": 0.9293125810635543
      },
      "35": {
        "A": 5.439256584429686,
        "A_hull": 5.5655160223226705,
        "solidity": 0.9773139745916513
      },
      "37": {
        "A": 1.8964167571525974,
        "A_hull": 1.8130855281432292,
        "solidity": 1.0
      }
    },
    "globally_clustered_sites": [
      1,
      4,
      35,
      37
    ],
    "clustered_sites_radius": 1.3,
    "clustered_sites_min_sites": 4,
    "vague_text": "Looking at the solution, I see an over-concentration of polling sites \u2014 several bunched together in a small area while other regions are sparser. Re-balance by reducing the cluster.",
    "precise_text": "Polling places 1, 4, 35, 37 are clustered too tightly together \u2014 I count 4 sites within roughly 1.3 km of each other. Close one or two of them and let the optimiser redistribute coverage, but be mindful about creating clusters elsewhere.",
    "vague_template_idx": 1,
    "precise_template_idx": 0
  },
  "proposal": {
    "force_open": [
      15
    ],
    "force_close": [
      37
    ],
    "rationale": "Reduce the south-central cluster by closing opened site 37 at (5.93,0.61), which sits very close to already-open sites 35, 1, and 7, and replace it with currently closed site 15 at (4.84,6.74) to spread facility presence into the sparser north-central band while letting the optimizer globally rebalance assignments."
  },
  "score": {
    "query_id": "cluster_cluster_med_23_vague",
    "archetype": "cluster",
    "target_direction": "minimize",
    "target_baseline": 4.0,
    "target_response": 0.0,
    "raw_improvement": 4.0,
    "fraction_improved": 1.0,
    "guards": [
      {
        "name": "total_weighted_distance",
        "baseline": 50802.176405939375,
        "response": 51745.61587398269,
        "bound": 53342.285226236345,
        "violation": 0.0,
        "passed": true
      },
      {
        "name": "p90_voter_distance",
        "baseline": 1.679514956989733,
        "response": 1.679514956989733,
        "bound": 1.679514956989733,
        "violation": 0.0,
        "passed": true
      }
    ],
    "all_guards_passed": true,
    "feasible": true,
    "valid": true,
    "baseline_assignment_distance": 50802.176405939375,
    "final_assignment_distance": 51745.61587398269,
    "assignment_distance_delta": 943.4394680433179,
    "success": true
  },
  "superscore": {
    "selected_explored_index": 1,
    "selected_source": "resolve",
    "selected_iteration": 2,
    "selected_resolve_index": 1,
    "selected_n_resolves": 1,
    "selected_n_local_edits": 0,
    "n_feasible_explored": 2,
    "selected_valid": true,
    "n_explored_valid": 2,
    "n_explored_primary_improved": 1,
    "n_explored_primary_improved_but_invalid": 0,
    "selection_reason": "Selected explored candidate is valid and improves the primary target.",
    "explored_scores": [
      {
        "explored_index": 0,
        "source": "baseline",
        "iteration": -1,
        "resolve_index": null,
        "n_resolves": 0,
        "n_local_edits": 0,
        "target_response": 4.0,
        "fraction_improved": 0.0,
        "valid": true,
        "success": false,
        "assignment_distance_delta": 0.0
      },
      {
        "explored_index": 1,
        "source": "resolve",
        "iteration": 2,
        "resolve_index": 1,
        "n_resolves": 1,
        "n_local_edits": 0,
        "target_response": 0.0,
        "fraction_improved": 1.0,
        "valid": true,
        "success": true,
        "assignment_distance_delta": 943.4394680433179
      }
    ],
    "explored_scores_full": [
      {
        "explored_index": 0,
        "source": "baseline",
        "iteration": -1,
        "resolve_index": null,
        "n_resolves": 0,
        "n_local_edits": 0,
        "proposal": null,
        "score": {
          "query_id": "cluster_cluster_med_23_vague",
          "archetype": "cluster",
          "target_direction": "minimize",
          "target_baseline": 4.0,
          "target_response": 4.0,
          "raw_improvement": 0.0,
          "fraction_improved": 0.0,
          "guards": [
            {
              "name": "total_weighted_distance",
              "baseline": 50802.176405939375,
              "response": 50802.176405939375,
              "bound": 53342.285226236345,
              "violation": 0.0,