{
  "pair_id": "cluster_med_29",
  "modality": "multimodal",
  "query_type": "vague",
  "run_config": {
    "model": "gpt-5.4",
    "temperature": null,
    "seed": null,
    "enable_visual": true,
    "query_type": "vague",
    "max_iters": 25,
    "guard_config": [
      {
        "name": "total_weighted_distance",
        "bound_kind": "max_pct_increase",
        "max_pct_increase": 0.05
      },
      {
        "name": "p90_voter_distance",
        "bound_kind": "max_abs_increase",
        "max_abs_increase": 0.0
      }
    ]
  },
  "status": "completed",
  "result_schema_version": 1,
  "termination_reason": "explicit_submit",
  "baseline_digest": "587407ccd653692687002cb5ad675ab650ab9db20327cc097541d513ad3a78a9",
  "guard_config": [
    {
      "name": "total_weighted_distance",
      "bound_kind": "max_pct_increase",
      "max_pct_increase": 0.05
    },
    {
      "name": "p90_voter_distance",
      "bound_kind": "max_abs_increase",
      "max_abs_increase": 0.0
    }
  ],
  "metadata": {
    "archetype": "cluster",
    "cluster_center": [
      4.480852790664178,
      2.6836653223136335
    ],
    "cluster_radius": 1.3,
    "affected_sites": [
      0,
      1,
      4,
      7,
      8
    ],
    "cluster_size": 5,
    "cluster_density_ratio": 5.231917918865725,
    "cluster_min_sites": 4,
    "cluster_density_factor": 2.0,
    "base_seed": 8762,
    "attempt": 0,
    "pair_id": "cluster_med_29",
    "difficulty": "med",
    "tier_kwargs": {
      "cluster_radius": 1.3,
      "cluster_min_sites": 4,
      "cluster_density_factor": 2.0
    },
    "per_catchment_solidity": {
      "0": {
        "A": 3.7448549279058616,
        "A_hull": 4.217065225625617,
        "solidity": 0.8880239520958083
      },
      "1": {
        "A": 3.371126991742633,
        "A_hull": 8.277568748263937,
        "solidity": 0.407260524710189
      },
      "3": {
        "A": 4.065553900154037,
        "A_hull": 5.311734552157774,
        "solidity": 0.7653910149750417
      },
      "4": {
        "A": 4.4039291937072305,
        "A_hull": 7.16522310042676,
        "solidity": 0.6146255506607927
      },
      "5": {
        "A": 3.355975859195475,
        "A_hull": 3.897628847756369,
        "solidity": 0.861030126336249
      },
      "6": {
        "A": 6.944269084114039,
        "A_hull": 7.955607181636829,
        "solidity": 0.8728773210601491
      },
      "7": {
        "A": 5.002398929319967,
        "A_hull": 9.276280901997422,
        "solidity": 0.5392677283244863
      },
      "8": {
        "A": 4.078179843943335,
        "A_hull": 4.509987121537335,
        "solidity": 0.9042553191489363
      },
      "10": {
        "A": 6.848311911315371,
        "A_hull": 7.275068811393654,
        "solidity": 0.9413398125650814
      },
      "13": {
        "A": 11.290118936390497,
        "A_hull": 12.144895330925987,
        "solidity": 0.92961846345774
      },
      "14": {
        "A": 7.7447539203555475,
        "A_hull": 9.758591954748617,
        "solidity": 0.7936343640833227
      },
      "18": {
        "A": 5.335723845357441,
        "A_hull": 10.91007802833262,
        "solidity": 0.4890637657678509
      },
      "20": {
        "A": 2.504987247796773,
        "A_hull": 2.4999368702810534,
        "solidity": 1.0
      },
      "23": {
        "A": 7.542738819726775,
        "A_hull": 7.632383020630791,
        "solidity": 0.9882547559966917
      },
      "24": {
        "A": 7.214464281205021,
        "A_hull": 8.174036009191687,
        "solidity": 0.8826073524868707
      },
      "25": {
        "A": 6.6008434130451255,
        "A_hull": 6.493522890836088,
        "solidity": 1.0
      },
      "27": {
        "A": 6.706901340875231,
        "A_hull": 7.589454811747177,
        "solidity": 0.8837131924804528
      },
      "32": {
        "A": 4.252417868235651,
        "A_hull": 4.6867503345875114,
        "solidity": 0.9073275862068964
      }
    },
    "globally_clustered_sites": [
      0,
      1,
      4,
      5,
      7,
      8
    ],
    "clustered_sites_radius": 1.3,
    "clustered_sites_min_sites": 4,
    "vague_text": "I see way too many polling locations bunched together. They're so close that closing one or two wouldn't really hurt coverage.",
    "precise_text": "There's an over-concentration of polling places: sites 0, 1, 4, 7, 8 are within walking distance of each other. Close some so we free budget for sparser areas, but be mindful about creating clusters elsewhere.",
    "vague_template_idx": 4,
    "precise_template_idx": 2
  },
  "proposal": {
    "force_close": [
      0
    ],
    "rationale": "Previous closure did not improve clustering. To directly address the stakeholder's concern, target the dense central cluster instead. Site 0 at (3.57, 3.41) is one of several very closely spaced open sites in the county center and has the lowest load among that central cluster, making it the best candidate to remove redundancy while allowing global rebalancing."
  },
  "score": {
    "query_id": "cluster_cluster_med_29_vague",
    "archetype": "cluster",
    "target_direction": "minimize",
    "target_baseline": 6.0,
    "target_response": 4.0,
    "raw_improvement": 2.0,
    "fraction_improved": 0.3333333333333333,
    "guards": [
      {
        "name": "total_weighted_distance",
        "baseline": 75436.68567854573,
        "response": 76309.86109807406,
        "bound": 79208.51996247303,
        "violation": 0.0,
        "passed": true
      },
      {
        "name": "p90_voter_distance",
        "baseline": 2.92143152679439,
        "response": 2.8941042498765066,
        "bound": 2.92143152679439,
        "violation": 0.0,
        "passed": true
      }
    ],
    "all_guards_passed": true,
    "feasible": true,
    "valid": true,
    "baseline_assignment_distance": 75436.68567854573,
    "final_assignment_distance": 76309.86109807406,
    "assignment_distance_delta": 873.1754195283283,
    "success": false
  },
  "superscore": {
    "selected_explored_index": 2,
    "selected_source": "resolve",
    "selected_iteration": 4,
    "selected_resolve_index": 2,
    "selected_n_resolves": 2,
    "selected_n_local_edits": 0,
    "n_feasible_explored": 3,
    "selected_valid": true,
    "n_explored_valid": 3,
    "n_explored_primary_improved": 1,
    "n_explored_primary_improved_but_invalid": 0,
    "selection_reason": "Selected explored candidate is valid and improves the primary target.",
    "explored_scores": [
      {
        "explored_index": 0,
        "source": "baseline",
        "iteration": -1,
        "resolve_index": null,
        "n_resolves": 0,
        "n_local_edits": 0,
        "target_response": 6.0,
        "fraction_improved": 0.0,
        "valid": true,
        "success": false,
        "assignment_distance_delta": 0.0
      },
      {
        "explored_index": 1,
        "source": "resolve",
        "iteration": 2,
        "resolve_index": 1,
        "n_resolves": 1,
        "n_local_edits": 0,
        "target_response": 6.0,
        "fraction_improved": 0.0,
        "valid": true,
        "success": false,
        "assignment_distance_delta": 173.87536975223338
      },
      {
        "explored_index": 2,
        "source": "resolve",
        "iteration": 4,
        "resolve_index": 2,
        "n_resolves": 2,
        "n_local_edits": 0,
        "target_response": 4.0,
        "fraction_improved": 0.3333333333333333,
        "valid": true,
        "success": false,
        "assignment_distance_delta": 873.1754195283283
      }
    ],
    "explored_scores_full": [
      {
        "explored_index": 0,
        "source": "baseline",
        "iteration": -1,
        "resolve_index": null,
        "n_resolves": 0,
        "n_local_edits": 0,
        "proposal": null,
        "score": {
          "query_id": "cluster_cluster_med_29_vague",
          "archetype": "cluster",
          "target_direction": "minimize",
          "target_baseline": 6.0,
          "target_response": 6.0,