{
  "pair_id": "cluster_med_15",
  "modality": "multimodal",
  "query_type": "vague",
  "run_config": {
    "model": "gpt-5.4",
    "temperature": null,
    "seed": null,
    "enable_visual": true,
    "query_type": "vague",
    "max_iters": 25,
    "guard_config": [
      {
        "name": "total_weighted_distance",
        "bound_kind": "max_pct_increase",
        "max_pct_increase": 0.05
      },
      {
        "name": "p90_voter_distance",
        "bound_kind": "max_abs_increase",
        "max_abs_increase": 0.0
      }
    ]
  },
  "status": "completed",
  "result_schema_version": 1,
  "termination_reason": "explicit_submit",
  "baseline_digest": "4d7f53a0ab5f28bc5b38c6e85e06475ed272c2667affd12709585aec1ddb1a48",
  "guard_config": [
    {
      "name": "total_weighted_distance",
      "bound_kind": "max_pct_increase",
      "max_pct_increase": 0.05
    },
    {
      "name": "p90_voter_distance",
      "bound_kind": "max_abs_increase",
      "max_abs_increase": 0.0
    }
  ],
  "metadata": {
    "archetype": "cluster",
    "cluster_center": [
      3.4423256920090726,
      2.6602962440515916
    ],
    "cluster_radius": 1.3,
    "affected_sites": [
      1,
      3,
      4,
      5
    ],
    "cluster_size": 4,
    "cluster_density_ratio": 4.18553433509258,
    "cluster_min_sites": 4,
    "cluster_density_factor": 2.0,
    "base_seed": 8388,
    "attempt": 0,
    "pair_id": "cluster_med_15",
    "difficulty": "med",
    "tier_kwargs": {
      "cluster_radius": 1.3,
      "cluster_min_sites": 4,
      "cluster_density_factor": 2.0
    },
    "per_catchment_solidity": {
      "0": {
        "A": 5.843286785687231,
        "A_hull": 5.674099138910634,
        "solidity": 1.0
      },
      "1": {
        "A": 1.5858185399358604,
        "A_hull": 1.989848741193405,
        "solidity": 0.796954314720812
      },
      "2": {
        "A": 4.004949369965406,
        "A_hull": 4.636246559430318,
        "solidity": 0.8638344226579522
      },
      "3": {
        "A": 4.161511072952703,
        "A_hull": 4.147622534784477,
        "solidity": 1.0
      },
      "4": {
        "A": 3.696876341506528,
        "A_hull": 4.109744703416581,
        "solidity": 0.8995391705069123
      },
      "5": {
        "A": 4.161511072952703,
        "A_hull": 4.802909017449053,
        "solidity": 0.8664563617245007
      },
      "6": {
        "A": 4.896341001489862,
        "A_hull": 5.873589050781546,
        "solidity": 0.8336199484092864
      },
      "7": {
        "A": 3.863538799525265,
        "A_hull": 5.574354182975178,
        "solidity": 0.6930917327293319
      },
      "9": {
        "A": 6.752354738516705,
        "A_hull": 20.27221534809727,
        "solidity": 0.3330842052815148
      },
      "12": {
        "A": 7.36345041791874,
        "A_hull": 9.156334435999092,
        "solidity": 0.8041919470490898
      },
      "14": {
        "A": 5.961970657306634,
        "A_hull": 7.921517133405721,
        "solidity": 0.752629901179471
      },
      "15": {
        "A": 3.919092952198177,
        "A_hull": 3.7991464861998407,
        "solidity": 1.0
      },
      "17": {
        "A": 8.095755157698038,
        "A_hull": 8.23337794500139,
        "solidity": 0.983284772274191
      },
      "18": {
        "A": 6.749829549758846,
        "A_hull": 7.127345269058862,
        "solidity": 0.9470327723649249
      },
      "21": {
        "A": 7.802833261786319,
        "A_hull": 8.378576298578317,
        "solidity": 0.9312839059674506
      },
      "22": {
        "A": 9.863387288199794,
        "A_hull": 12.211812833009267,
        "solidity": 0.8076923076923078
      },
      "32": {
        "A": 6.350849726017021,
        "A_hull": 6.892502714577915,
        "solidity": 0.9214141784209563
      },
      "33": {
        "A": 5.934193580970178,
        "A_hull": 6.160197974798617,
        "solidity": 0.9633121541299446
      }
    },
    "globally_clustered_sites": [
      1,
      3,
      4,
      5
    ],
    "clustered_sites_radius": 1.3,
    "clustered_sites_min_sites": 4,
    "vague_text": "I see way too many polling locations bunched together. They're so close that closing one or two wouldn't really hurt coverage.",
    "precise_text": "Sites 1, 3, 4, 5 form a tight cluster of 4 polling places in a small area. That's redundant \u2014 please thin it out, but be mindful about creating clusters elsewhere.",
    "vague_template_idx": 4,
    "precise_template_idx": 1
  },
  "proposal": {
    "force_close": [
      1,
      14
    ],
    "rationale": "The map shows two obvious clusters of very close opened sites: the central-south trio around sites 1 (3.44,2.66), 4 (3.83,2.63), and 5 (2.18,2.80), and the east-central pair 9 (8.04,5.83) and 14 (7.97,5.59). Closing one member of each cluster should reduce bunching while preserving coverage because nearby opened sites remain in place to absorb demand."
  },
  "score": {
    "query_id": "cluster_cluster_med_15_vague",
    "archetype": "cluster",
    "target_direction": "minimize",
    "target_baseline": 4.0,
    "target_response": 0.0,
    "raw_improvement": 4.0,
    "fraction_improved": 1.0,
    "guards": [
      {
        "name": "total_weighted_distance",
        "baseline": 66300.104645676,
        "response": 67049.2187074516,
        "bound": 69615.1098779598,
        "violation": 0.0,
        "passed": true
      },
      {
        "name": "p90_voter_distance",
        "baseline": 1.8400160536234438,
        "response": 1.7725313447734363,
        "bound": 1.8400160536234438,
        "violation": 0.0,
        "passed": true
      }
    ],
    "all_guards_passed": true,
    "feasible": true,
    "valid": true,
    "baseline_assignment_distance": 66300.104645676,
    "final_assignment_distance": 67049.2187074516,
    "assignment_distance_delta": 749.1140617756027,
    "success": true
  },
  "superscore": {
    "selected_explored_index": 1,
    "selected_source": "resolve",
    "selected_iteration": 2,
    "selected_resolve_index": 1,
    "selected_n_resolves": 1,
    "selected_n_local_edits": 0,
    "n_feasible_explored": 2,
    "selected_valid": true,
    "n_explored_valid": 2,
    "n_explored_primary_improved": 1,
    "n_explored_primary_improved_but_invalid": 0,
    "selection_reason": "Selected explored candidate is valid and improves the primary target.",
    "explored_scores": [
      {
        "explored_index": 0,
        "source": "baseline",
        "iteration": -1,
        "resolve_index": null,
        "n_resolves": 0,
        "n_local_edits": 0,
        "target_response": 4.0,
        "fraction_improved": 0.0,
        "valid": true,
        "success": false,
        "assignment_distance_delta": 0.0
      },
      {
        "explored_index": 1,
        "source": "resolve",
        "iteration": 2,
        "resolve_index": 1,
        "n_resolves": 1,
        "n_local_edits": 0,
        "target_response": 0.0,
        "fraction_improved": 1.0,
        "valid": true,
        "success": true,
        "assignment_distance_delta": 749.1140617756027
      }
    ],
    "explored_scores_full": [
      {
        "explored_index": 0,
        "source": "baseline",
        "iteration": -1,
        "resolve_index": null,
        "n_resolves": 0,
        "n_local_edits": 0,
        "proposal": null,
        "score": {
          "query_id": "cluster_cluster_med_15_vague",
          "archetype": "cluster",
          "target_direction": "minimize",
          "target_baseline": 4.0,
          "target_response": 4.0,
          "raw_improvement": 0.0,
          "fraction_improved": 0.0,
          "guards": [
            {
              "name": "total_weighted_distance",
              "baseline": 66300.104645676,
              "response": 66300.104645676,
              "bound": 69615.1098779598,
              "violation": 0.0,
              "passed": true
            },
            {
              "name": "p90_voter_distance",
              "baseline": 1.8400160536234438,