{
  "pair_id": "cluster_med_14",
  "modality": "multimodal",
  "query_type": "vague",
  "run_config": {
    "model": "gpt-5.4",
    "temperature": null,
    "seed": null,
    "enable_visual": true,
    "query_type": "vague",
    "max_iters": 25,
    "guard_config": [
      {
        "name": "total_weighted_distance",
        "bound_kind": "max_pct_increase",
        "max_pct_increase": 0.05
      },
      {
        "name": "p90_voter_distance",
        "bound_kind": "max_abs_increase",
        "max_abs_increase": 0.0
      }
    ]
  },
  "status": "completed",
  "result_schema_version": 1,
  "termination_reason": "explicit_submit",
  "baseline_digest": "2be30ba5e254bf722f68c4d30bf400fb515e78b8732a3342f037e36d24460f39",
  "guard_config": [
    {
      "name": "total_weighted_distance",
      "bound_kind": "max_pct_increase",
      "max_pct_increase": 0.05
    },
    {
      "name": "p90_voter_distance",
      "bound_kind": "max_abs_increase",
      "max_abs_increase": 0.0
    }
  ],
  "metadata": {
    "archetype": "cluster",
    "cluster_center": [
      5.54345952233126,
      0.9671190503565562
    ],
    "cluster_radius": 1.3,
    "affected_sites": [
      5,
      8,
      35,
      36
    ],
    "cluster_size": 4,
    "cluster_density_ratio": 4.18553433509258,
    "cluster_min_sites": 4,
    "cluster_density_factor": 2.0,
    "base_seed": 8387,
    "attempt": 0,
    "pair_id": "cluster_med_14",
    "difficulty": "med",
    "tier_kwargs": {
      "cluster_radius": 1.3,
      "cluster_min_sites": 4,
      "cluster_density_factor": 2.0
    },
    "per_catchment_solidity": {
      "2": {
        "A": 3.7928335143051948,
        "A_hull": 4.63245877629353,
        "solidity": 0.8187517034614334
      },
      "3": {
        "A": 4.431706270043686,
        "A_hull": 5.430418423777177,
        "solidity": 0.8160892815624274
      },
      "4": {
        "A": 2.7852831999191943,
        "A_hull": 3.3749147748794237,
        "solidity": 0.8252899364010472
      },
      "5": {
        "A": 3.878689932072423,
        "A_hull": 3.9026792252720903,
        "solidity": 0.9938531219670008
      },
      "7": {
        "A": 7.792732506754881,
        "A_hull": 8.689174515795052,
        "solidity": 0.8968323161871553
      },
      "8": {
        "A": 4.318072775940002,
        "A_hull": 5.387490214893563,
        "solidity": 0.8014998828216546
      },
      "9": {
        "A": 5.292795636473827,
        "A_hull": 5.169061387338703,
        "solidity": 1.0
      },
      "10": {
        "A": 6.161460569177547,
        "A_hull": 8.387414459230829,
        "solidity": 0.7346078578955291
      },
      "13": {
        "A": 11.128506855887478,
        "A_hull": 12.118380848968458,
        "solidity": 0.9183163158991459
      },
      "16": {
        "A": 4.449382591348704,
        "A_hull": 4.4796848564430185,
        "solidity": 0.9932356257046226
      },
      "17": {
        "A": 7.0781040882805994,
        "A_hull": 7.5591525466528635,
        "solidity": 0.9363621179221646
      },
      "18": {
        "A": 8.002323173657231,
        "A_hull": 8.795232443625158,
        "solidity": 0.9098478323284528
      },
      "19": {
        "A": 6.9190171965354414,
        "A_hull": 8.21191384055958,
        "solidity": 0.8425584255842561
      },
      "32": {
        "A": 5.603393853690564,
        "A_hull": 6.571803742329738,
        "solidity": 0.8526416906820368
      },
      "34": {
        "A": 5.951869902275195,
        "A_hull": 7.237190980025758,
        "solidity": 0.8224005582693649
      },
      "35": {
        "A": 2.0403525163505973,
        "A_hull": 2.0113128456352114,
        "solidity": 1.0
      },
      "36": {
        "A": 4.830686093785511,
        "A_hull": 4.714527410923967,
        "solidity": 1.0
      },
      "37": {
        "A": 6.550339637887933,
        "A_hull": 7.915204161511076,
        "solidity": 0.827564204817355
      }
    },
    "globally_clustered_sites": [
      5,
      8,
      35,
      36
    ],
    "clustered_sites_radius": 1.3,
    "clustered_sites_min_sites": 4,
    "vague_text": "I see way too many polling locations bunched together. They're so close that closing one or two wouldn't really hurt coverage.",
    "precise_text": "Polling places 5, 8, 35, 36 are clustered too tightly together \u2014 I count 4 sites within roughly 1.3 km of each other. Close one or two of them and let the optimiser redistribute coverage, but be mindful about creating clusters elsewhere.",
    "vague_template_idx": 4,
    "precise_template_idx": 0
  },
  "proposal": {
    "force_close": [
      9,
      16,
      35,
      31
    ],
    "rationale": "Second declustering attempt: directly remove one site from the tight southern trio (35 near 5 and 36) and one northwest cluster site (31), while keeping 9 and 16 closed, to reduce bunching more materially than the first resolve."
  },
  "score": {
    "query_id": "cluster_cluster_med_14_vague",
    "archetype": "cluster",
    "target_direction": "minimize",
    "target_baseline": 4.0,
    "target_response": 0.0,
    "raw_improvement": 4.0,
    "fraction_improved": 1.0,
    "guards": [
      {
        "name": "total_weighted_distance",
        "baseline": 47951.70395885816,
        "response": 49093.32056452333,
        "bound": 50349.289156801075,
        "violation": 0.0,
        "passed": true
      },
      {
        "name": "p90_voter_distance",
        "baseline": 1.6395045997391828,
        "response": 1.6395045997391828,
        "bound": 1.6395045997391828,
        "violation": 0.0,
        "passed": true
      }
    ],
    "all_guards_passed": true,
    "feasible": true,
    "valid": true,
    "baseline_assignment_distance": 47951.70395885816,
    "final_assignment_distance": 49093.32056452333,
    "assignment_distance_delta": 1141.616605665171,
    "success": true
  },
  "superscore": {
    "selected_explored_index": 2,
    "selected_source": "resolve",
    "selected_iteration": 4,
    "selected_resolve_index": 2,
    "selected_n_resolves": 2,
    "selected_n_local_edits": 0,
    "n_feasible_explored": 3,
    "selected_valid": true,
    "n_explored_valid": 3,
    "n_explored_primary_improved": 1,
    "n_explored_primary_improved_but_invalid": 0,
    "selection_reason": "Selected explored candidate is valid and improves the primary target.",
    "explored_scores": [
      {
        "explored_index": 0,
        "source": "baseline",
        "iteration": -1,
        "resolve_index": null,
        "n_resolves": 0,
        "n_local_edits": 0,
        "target_response": 4.0,
        "fraction_improved": 0.0,
        "valid": true,
        "success": false,
        "assignment_distance_delta": 0.0
      },
      {
        "explored_index": 1,
        "source": "resolve",
        "iteration": 2,
        "resolve_index": 1,
        "n_resolves": 1,
        "n_local_edits": 0,
        "target_response": 4.0,
        "fraction_improved": 0.0,
        "valid": true,
        "success": false,
        "assignment_distance_delta": 582.1177214045165
      },
      {
        "explored_index": 2,
        "source": "resolve",
        "iteration": 4,
        "resolve_index": 2,
        "n_resolves": 2,
        "n_local_edits": 0,
        "target_response": 0.0,
        "fraction_improved": 1.0,
        "valid": true,
        "success": true,
        "assignment_distance_delta": 1141.616605665171
      }
    ],
    "explored_scores_full": [
      {
        "explored_index": 0,
        "source": "baseline",
        "iteration": -1,
        "resolve_index": null,
        "n_resolves": 0,
        "n_local_edits": 0,
        "proposal": null,
        "score": {
          "query_id": "cluster_cluster_med_14_vague",
          "archetype": "cluster",
          "target_direction": "minimize",
          "target_baseline": 4.0,
          "target_response": 4.0,
          "raw_improvement": 0.0,
          "fraction_improved": 0.0,