{
  "pair_id": "cluster_med_00",
  "modality": "multimodal",
  "query_type": "vague",
  "run_config": {
    "model": "gpt-5.4",
    "temperature": null,
    "seed": null,
    "enable_visual": true,
    "query_type": "vague",
    "max_iters": 25,
    "guard_config": [
      {
        "name": "total_weighted_distance",
        "bound_kind": "max_pct_increase",
        "max_pct_increase": 0.05
      },
      {
        "name": "p90_voter_distance",
        "bound_kind": "max_abs_increase",
        "max_abs_increase": 0.0
      }
    ]
  },
  "status": "completed",
  "result_schema_version": 1,
  "termination_reason": "explicit_submit",
  "baseline_digest": "581e65a7b9a728472054d19c1f3640147f7eaac3ba02a9cff7a6b9fc303d5d59",
  "guard_config": [
    {
      "name": "total_weighted_distance",
      "bound_kind": "max_pct_increase",
      "max_pct_increase": 0.05
    },
    {
      "name": "p90_voter_distance",
      "bound_kind": "max_abs_increase",
      "max_abs_increase": 0.0
    }
  ],
  "metadata": {
    "archetype": "cluster",
    "cluster_center": [
      5.865052763156666,
      0.4
    ],
    "cluster_radius": 1.3,
    "affected_sites": [
      3,
      8,
      31,
      39
    ],
    "cluster_size": 4,
    "cluster_density_ratio": 4.18553433509258,
    "cluster_min_sites": 4,
    "cluster_density_factor": 2.0,
    "base_seed": 7928,
    "attempt": 0,
    "pair_id": "cluster_med_00",
    "difficulty": "med",
    "tier_kwargs": {
      "cluster_radius": 1.3,
      "cluster_min_sites": 4,
      "cluster_density_factor": 2.0
    },
    "per_catchment_solidity": {
      "0": {
        "A": 4.527663442842353,
        "A_hull": 5.5213252190601265,
        "solidity": 0.8200320146352615
      },
      "1": {
        "A": 5.802883765561476,
        "A_hull": 7.391227494255197,
        "solidity": 0.7851042022548683
      },
      "2": {
        "A": 5.666523572637055,
        "A_hull": 6.088230095199616,
        "solidity": 0.9307341352136043
      },
      "3": {
        "A": 3.6084947349814405,
        "A_hull": 6.382414585490264,
        "solidity": 0.5653808110781406
      },
      "4": {
        "A": 2.6691245170576505,
        "A_hull": 2.655235978889422,
        "solidity": 1.0
      },
      "5": {
        "A": 4.479684856443019,
        "A_hull": 4.781444913007248,
        "solidity": 0.9368893583311327
      },
      "7": {
        "A": 2.5908436655640013,
        "A_hull": 2.5188757859650015,
        "solidity": 1.0
      },
      "8": {
        "A": 1.848438170753264,
        "A_hull": 1.7625817529860357,
        "solidity": 1.0
      },
      "10": {
        "A": 6.85841266634681,
        "A_hull": 7.256129895709704,
        "solidity": 0.9451887941534715
      },
      "19": {
        "A": 8.749779045983688,
        "A_hull": 9.288906845786723,
        "solidity": 0.9419600380589914
      },
      "23": {
        "A": 9.143708492209793,
        "A_hull": 9.38486401858539,
        "solidity": 0.9743037804385847
      },
      "24": {
        "A": 7.307896265245828,
        "A_hull": 8.089442185803387,
        "solidity": 0.9033869205556426
      },
      "29": {
        "A": 10.423979192444637,
        "A_hull": 10.682811040125246,
        "solidity": 0.9757711854390738
      },
      "30": {
        "A": 5.8887401833287045,
        "A_hull": 6.196813211787581,
        "solidity": 0.9502852485737573
      },
      "31": {
        "A": 6.1362086815989505,
        "A_hull": 7.94929420974218,
        "solidity": 0.7719186785260482
      },
      "33": {
        "A": 5.085730158329335,
        "A_hull": 8.336910684073636,
        "solidity": 0.6100257458730879
      },
      "35": {
        "A": 5.823085275624353,
        "A_hull": 6.222065099366176,
        "solidity": 0.9358766233766237
      },
      "39": {
        "A": 4.396353627433651,
        "A_hull": 5.63622130754274,
        "solidity": 0.7800179211469533
      }
    },
    "globally_clustered_sites": [
      3,
      8,
      31,
      39
    ],
    "clustered_sites_radius": 1.3,
    "clustered_sites_min_sites": 4,
    "vague_text": "The current solution clusters too many sites in a small area. It looks redundant \u2014 please thin the cluster out.",
    "precise_text": "Polling sites 3, 8, 31, 39 are clustered together. That's wasteful \u2014 please reduce the cluster, but be mindful about creating clusters elsewhere.",
    "vague_template_idx": 2,
    "precise_template_idx": 3
  },
  "proposal": {
    "force_close": [
      8
    ],
    "rationale": "Thin the redundant south-central cluster by closing site 8, which sits within a very tight trio with opened sites 31 and 39; this is the lightest-loaded member of that cluster, so it is the least disruptive first closure."
  },
  "score": {
    "query_id": "cluster_cluster_med_00_vague",
    "archetype": "cluster",
    "target_direction": "minimize",
    "target_baseline": 4.0,
    "target_response": 0.0,
    "raw_improvement": 4.0,
    "fraction_improved": 1.0,
    "guards": [
      {
        "name": "total_weighted_distance",
        "baseline": 59285.63764503641,
        "response": 59644.09491867566,
        "bound": 62249.919527288235,
        "violation": 0.0,
        "passed": true
      },
      {
        "name": "p90_voter_distance",
        "baseline": 2.8043898536390253,
        "response": 2.344179050322848,
        "bound": 2.8043898536390253,
        "violation": 0.0,
        "passed": true
      }
    ],
    "all_guards_passed": true,
    "feasible": true,
    "valid": true,
    "baseline_assignment_distance": 59285.63764503641,
    "final_assignment_distance": 59644.09491867566,
    "assignment_distance_delta": 358.45727363925107,
    "success": true
  },
  "superscore": {
    "selected_explored_index": 1,
    "selected_source": "resolve",
    "selected_iteration": 3,
    "selected_resolve_index": 1,
    "selected_n_resolves": 1,
    "selected_n_local_edits": 0,
    "n_feasible_explored": 2,
    "selected_valid": true,
    "n_explored_valid": 2,
    "n_explored_primary_improved": 1,
    "n_explored_primary_improved_but_invalid": 0,
    "selection_reason": "Selected explored candidate is valid and improves the primary target.",
    "explored_scores": [
      {
        "explored_index": 0,
        "source": "baseline",
        "iteration": -1,
        "resolve_index": null,
        "n_resolves": 0,
        "n_local_edits": 0,
        "target_response": 4.0,
        "fraction_improved": 0.0,
        "valid": true,
        "success": false,
        "assignment_distance_delta": 0.0
      },
      {
        "explored_index": 1,
        "source": "resolve",
        "iteration": 3,
        "resolve_index": 1,
        "n_resolves": 1,
        "n_local_edits": 0,
        "target_response": 0.0,
        "fraction_improved": 1.0,
        "valid": true,
        "success": true,
        "assignment_distance_delta": 358.45727363925107
      }
    ],
    "explored_scores_full": [
      {
        "explored_index": 0,
        "source": "baseline",
        "iteration": -1,
        "resolve_index": null,
        "n_resolves": 0,
        "n_local_edits": 0,
        "proposal": null,
        "score": {
          "query_id": "cluster_cluster_med_00_vague",
          "archetype": "cluster",
          "target_direction": "minimize",
          "target_baseline": 4.0,
          "target_response": 4.0,
          "raw_improvement": 0.0,
          "fraction_improved": 0.0,
          "guards": [
            {
              "name": "total_weighted_distance",
              "baseline": 59285.63764503641,
              "response": 59285.63764503641,
              "bound": 62249.919527288235,
              "violation": 0.0,
              "passed": true
            },
            {
              "name": "p90_voter_distance",
              "baseline": 2.8043898536390253,
              "response": 2.8043898536390253,
              "bound": 2.8043898536390253,
              "violation": 0.0,
              "passed": true
            }
          ],