{
  "pair_id": "cluster_med_05",
  "modality": "multimodal",
  "query_type": "vague",
  "run_config": {
    "model": "gpt-5.4",
    "temperature": null,
    "seed": null,
    "enable_visual": true,
    "query_type": "vague",
    "max_iters": 25,
    "guard_config": [
      {
        "name": "total_weighted_distance",
        "bound_kind": "max_pct_increase",
        "max_pct_increase": 0.05
      },
      {
        "name": "p90_voter_distance",
        "bound_kind": "max_abs_increase",
        "max_abs_increase": 0.0
      }
    ]
  },
  "status": "completed",
  "result_schema_version": 1,
  "termination_reason": "explicit_submit",
  "baseline_digest": "681a62385b4904c61c727c22289c96822e56d489f0a5f83cceaafb1c8e717821",
  "guard_config": [
    {
      "name": "total_weighted_distance",
      "bound_kind": "max_pct_increase",
      "max_pct_increase": 0.05
    },
    {
      "name": "p90_voter_distance",
      "bound_kind": "max_abs_increase",
      "max_abs_increase": 0.0
    }
  ],
  "metadata": {
    "archetype": "cluster",
    "cluster_center": [
      2.716369617163345,
      3.519089626407523
    ],
    "cluster_radius": 1.3,
    "affected_sites": [
      1,
      2,
      4,
      6
    ],
    "cluster_size": 4,
    "cluster_density_ratio": 4.18553433509258,
    "cluster_min_sites": 4,
    "cluster_density_factor": 2.0,
    "base_seed": 8089,
    "attempt": 0,
    "pair_id": "cluster_med_05",
    "difficulty": "med",
    "tier_kwargs": {
      "cluster_radius": 1.3,
      "cluster_min_sites": 4,
      "cluster_density_factor": 2.0
    },
    "per_catchment_solidity": {
      "0": {
        "A": 4.060503522638317,
        "A_hull": 5.315522335294563,
        "solidity": 0.763895486935867
      },
      "1": {
        "A": 4.204439281836318,
        "A_hull": 4.641296936946037,
        "solidity": 0.9058759521218717
      },
      "2": {
        "A": 4.0504027676068795,
        "A_hull": 4.03903941819651,
        "solidity": 1.0
      },
      "3": {
        "A": 5.12613317845509,
        "A_hull": 6.27130628014444,
        "solidity": 0.8173948057177373
      },
      "4": {
        "A": 3.277695007701826,
        "A_hull": 4.403929193707229,
        "solidity": 0.7442660550458717
      },
      "6": {
        "A": 3.416580389384107,
        "A_hull": 3.561778742961037,
        "solidity": 0.9592343140730237
      },
      "7": {
        "A": 4.3306987197293,
        "A_hull": 5.25996818262165,
        "solidity": 0.8233317330772926
      },
      "15": {
        "A": 6.944269084114039,
        "A_hull": 7.372288578571246,
        "solidity": 0.9419421133755784
      },
      "16": {
        "A": 7.224565036236459,
        "A_hull": 7.858387414459229,
        "solidity": 0.9193444730077124
      },
      "18": {
        "A": 8.472008282619127,
        "A_hull": 9.139920709073005,
        "solidity": 0.9269236082331813
      },
      "23": {
        "A": 5.8533875407186695,
        "A_hull": 6.162723163556475,
        "solidity": 0.94980536775251
      },
      "25": {
        "A": 12.676447564455444,
        "A_hull": 13.444104946844774,
        "solidity": 0.9429000751314803
      },
      "28": {
        "A": 6.408929067447793,
        "A_hull": 6.979621726724073,
        "solidity": 0.918234442836469
      },
      "30": {
        "A": 8.790182066109443,
        "A_hull": 13.103204464533723,
        "solidity": 0.67084216612064
      },
      "33": {
        "A": 3.603444357465721,
        "A_hull": 3.6867755864750893,
        "solidity": 0.9773972602739727
      },
      "34": {
        "A": 4.97967223049923,
        "A_hull": 4.8281609050276515,
        "solidity": 1.0
      },
      "35": {
        "A": 3.2095149112396157,
        "A_hull": 3.8206105906416505,
        "solidity": 0.8400528750826175
      },
      "36": {
        "A": 4.378677306128633,
        "A_hull": 5.84454938006616,
        "solidity": 0.7491898898250162
      }
    },
    "globally_clustered_sites": [
      1,
      2,
      4,
      6
    ],
    "clustered_sites_radius": 1.3,
    "clustered_sites_min_sites": 4,
    "vague_text": "The current solution clusters too many sites in a small area. It looks redundant \u2014 please thin the cluster out.",
    "precise_text": "There's an over-concentration of polling places: sites 1, 2, 4, 6 are within walking distance of each other. Close some so we free budget for sparser areas, but be mindful about creating clusters elsewhere.",
    "vague_template_idx": 2,
    "precise_template_idx": 2
  },
  "proposal": {
    "force_close": [
      1
    ],
    "rationale": "Thin the visibly redundant southwest cluster by closing site 1, which is very close to open sites 2 and 4 within the same small area; let the optimizer rebalance assignments globally while preserving the overall site budget structure."
  },
  "score": {
    "query_id": "cluster_cluster_med_05_vague",
    "archetype": "cluster",
    "target_direction": "minimize",
    "target_baseline": 4.0,
    "target_response": 0.0,
    "raw_improvement": 4.0,
    "fraction_improved": 1.0,
    "guards": [
      {
        "name": "total_weighted_distance",
        "baseline": 53317.527294268235,
        "response": 53338.39184212435,
        "bound": 55983.403658981646,
        "violation": 0.0,
        "passed": true
      },
      {
        "name": "p90_voter_distance",
        "baseline": 1.816661658999367,
        "response": 1.816661658999367,
        "bound": 1.816661658999367,
        "violation": 0.0,
        "passed": true
      }
    ],
    "all_guards_passed": true,
    "feasible": true,
    "valid": true,
    "baseline_assignment_distance": 53317.527294268235,
    "final_assignment_distance": 53338.39184212435,
    "assignment_distance_delta": 20.864547856115678,
    "success": true
  },
  "superscore": {
    "selected_explored_index": 1,
    "selected_source": "resolve",
    "selected_iteration": 2,
    "selected_resolve_index": 1,
    "selected_n_resolves": 1,
    "selected_n_local_edits": 0,
    "n_feasible_explored": 2,
    "selected_valid": true,
    "n_explored_valid": 2,
    "n_explored_primary_improved": 1,
    "n_explored_primary_improved_but_invalid": 0,
    "selection_reason": "Selected explored candidate is valid and improves the primary target.",
    "explored_scores": [
      {
        "explored_index": 0,
        "source": "baseline",
        "iteration": -1,
        "resolve_index": null,
        "n_resolves": 0,
        "n_local_edits": 0,
        "target_response": 4.0,
        "fraction_improved": 0.0,
        "valid": true,
        "success": false,
        "assignment_distance_delta": 0.0
      },
      {
        "explored_index": 1,
        "source": "resolve",
        "iteration": 2,
        "resolve_index": 1,
        "n_resolves": 1,
        "n_local_edits": 0,
        "target_response": 0.0,
        "fraction_improved": 1.0,
        "valid": true,
        "success": true,
        "assignment_distance_delta": 20.864547856115678
      }
    ],
    "explored_scores_full": [
      {
        "explored_index": 0,
        "source": "baseline",
        "iteration": -1,
        "resolve_index": null,
        "n_resolves": 0,
        "n_local_edits": 0,
        "proposal": null,
        "score": {
          "query_id": "cluster_cluster_med_05_vague",
          "archetype": "cluster",
          "target_direction": "minimize",
          "target_baseline": 4.0,
          "target_response": 4.0,
          "raw_improvement": 0.0,
          "fraction_improved": 0.0,
          "guards": [
            {
              "name": "total_weighted_distance",
              "baseline": 53317.527294268235,
              "response": 53317.527294268235,
              "bound": 55983.403658981646,
              "violation": 0.0,
              "passed": true
            },
            {
              "name": "p90_voter_distance",
              "baseline": 1.816661658999367,
              "response": 1.816661658999367,
              "bound": 1.816661658999367,