{
  "archetype": "cluster",
  "cluster_center": [
    6.422300649337518,
    2.5597159051656115
  ],
  "cluster_radius": 1.3,
  "affected_sites": [
    0,
    1,
    4,
    5,
    7
  ],
  "cluster_size": 5,
  "cluster_density_ratio": 5.231917918865725,
  "cluster_min_sites": 5,
  "cluster_density_factor": 2.5,
  "base_seed": 605,
  "attempt": 0,
  "pair_id": "cluster_easy_00",
  "difficulty": "easy",
  "tier_kwargs": {
    "cluster_radius": 1.3,
    "cluster_min_sites": 5,
    "cluster_density_factor": 2.5
  },
  "per_catchment_solidity": {
    "0": {
      "A": 4.6690740132824935,
      "A_hull": 6.372313830458826,
      "solidity": 0.732712502476719
    },
    "1": {
      "A": 2.997399055579405,
      "A_hull": 3.088305850862352,
      "solidity": 0.9705641864268193
    },
    "2": {
      "A": 3.709502285295826,
      "A_hull": 5.821822681245425,
      "solidity": 0.6371719800477119
    },
    "3": {
      "A": 8.441706017524812,
      "A_hull": 9.210625994293073,
      "solidity": 0.9165181631254286
    },
    "4": {
      "A": 5.585717532385546,
      "A_hull": 6.110956794020354,
      "solidity": 0.9140495867768594
    },
    "5": {
      "A": 4.307972020908563,
      "A_hull": 9.370975480417162,
      "solidity": 0.4597143627054702
    },
    "7": {
      "A": 4.0857554102169145,
      "A_hull": 5.253655210727002,
      "solidity": 0.7776976688296083
    },
    "13": {
      "A": 6.461958031362845,
      "A_hull": 8.001060579278297,
      "solidity": 0.8076376834464262
    },
    "20": {
      "A": 8.843211030024495,
      "A_hull": 9.32804727153355,
      "solidity": 0.9480238224147265
    },
    "21": {
      "A": 8.73210272467867,
      "A_hull": 10.633569859346986,
      "solidity": 0.8211826169555926
    },
    "22": {
      "A": 6.06802858513674,
      "A_hull": 6.608418979318705,
      "solidity": 0.9182269774551013
    },
    "24": {
      "A": 9.694199641423198,
      "A_hull": 9.610868412413827,
      "solidity": 1.0
    },
    "29": {
      "A": 4.759980808565441,
      "A_hull": 4.648872503219616,
      "solidity": 1.0
    },
    "31": {
      "A": 6.547814449130073,
      "A_hull": 8.790182066109443,
      "solidity": 0.7449008905486929
    },
    "32": {
      "A": 5.320572712810283,
      "A_hull": 5.727128102825686,
      "solidity": 0.9290123456790125
    },
    "33": {
      "A": 4.1387843741319665,
      "A_hull": 4.093330976490492,
      "solidity": 1.0
    },
    "34": {
      "A": 2.100957046539229,
      "A_hull": 2.017625817529861,
      "solidity": 1.0
    },
    "35": {
      "A": 4.542814575389511,
      "A_hull": 5.194313274917301,
      "solidity": 0.8745746232377248
    }
  },
  "globally_clustered_sites": [
    0,
    1,
    4,
    5,
    7
  ],
  "clustered_sites_radius": 1.3,
  "clustered_sites_min_sites": 5
}