{
  "archetype": "cluster",
  "cluster_center": [
    3.2264583909612874,
    2.228658967324909
  ],
  "cluster_radius": 1.3,
  "affected_sites": [
    0,
    2,
    5,
    7
  ],
  "cluster_size": 4,
  "cluster_density_ratio": 4.18553433509258,
  "cluster_min_sites": 4,
  "cluster_density_factor": 2.0,
  "base_seed": 8569,
  "attempt": 0,
  "pair_id": "cluster_med_20",
  "difficulty": "med",
  "tier_kwargs": {
    "cluster_radius": 1.3,
    "cluster_min_sites": 4,
    "cluster_density_factor": 2.0
  },
  "per_catchment_solidity": {
    "0": {
      "A": 3.381227746774072,
      "A_hull": 3.587030630539634,
      "solidity": 0.9426258359732488
    },
    "2": {
      "A": 3.39132850180551,
      "A_hull": 4.345849852276459,
      "solidity": 0.7803602556653108
    },
    "3": {
      "A": 3.790308325547335,
      "A_hull": 5.866013484507967,
      "solidity": 0.646147223417994
    },
    "5": {
      "A": 5.858437918234388,
      "A_hull": 12.531249210878514,
      "solidity": 0.46750629722921916
    },
    "7": {
      "A": 3.4241559556576857,
      "A_hull": 6.57937930860332,
      "solidity": 0.5204375359815773
    },
    "8": {
      "A": 5.689250271457792,
      "A_hull": 9.067952829474004,
      "solidity": 0.6274018379281536
    },
    "9": {
      "A": 7.350824474129442,
      "A_hull": 9.240928259387386,
      "solidity": 0.7954638611832221
    },
    "13": {
      "A": 4.290295699603546,
      "A_hull": 4.69558849524002,
      "solidity": 0.9136864748588329
    },
    "16": {
      "A": 8.704325648342214,
      "A_hull": 10.668922501957022,
      "solidity": 0.8158579881656804
    },
    "19": {
      "A": 5.461983283250423,
      "A_hull": 6.55665260978258,
      "solidity": 0.8330444829578281
    },
    "26": {
      "A": 8.126057422792355,
      "A_hull": 9.657584404434228,
      "solidity": 0.8414171787161725
    },
    "28": {
      "A": 5.174111764854423,
      "A_hull": 5.503648897755109,
      "solidity": 0.9401238816242256
    },
    "29": {
      "A": 3.760006060453019,
      "A_hull": 4.076917249564403,
      "solidity": 0.9222669557138439
    },
    "32": {
      "A": 6.287720007070529,
      "A_hull": 6.613469356834425,
      "solidity": 0.9507445589919815
    },
    "34": {
      "A": 8.641195929395723,
      "A_hull": 9.956819272240601,
      "solidity": 0.8678671062642658
    },
    "35": {
      "A": 6.403878689932073,
      "A_hull": 7.628595237494003,
      "solidity": 0.8394571333995366
    },
    "37": {
      "A": 4.7574556198075815,
      "A_hull": 10.336860180298478,
      "solidity": 0.4602418468303408
    },
    "39": {
      "A": 6.514986995277898,
      "A_hull": 6.821797429357847,
      "solidity": 0.9550249861188226
    }
  },
  "globally_clustered_sites": [
    0,
    2,
    5,
    7
  ],
  "clustered_sites_radius": 1.3,
  "clustered_sites_min_sites": 4,
  "vague_text": "I see way too many polling locations bunched together. They're so close that closing one or two wouldn't really hurt coverage.",
  "precise_text": "Polling sites 0, 2, 5, 7 are clustered together. That's wasteful \u2014 please reduce the cluster, but be mindful about creating clusters elsewhere.",
  "vague_template_idx": 4,
  "precise_template_idx": 3
}