{
  "archetype": "shape_niceness",
  "per_catchment_npi": {
    "0": {
      "A": 3.040327264463019,
      "P": 8.341708542713569,
      "NPI": 1.349552899360699,
      "n_cells": 1204
    },
    "2": {
      "A": 1.7171283553445622,
      "P": 5.8291457286432165,
      "NPI": 1.2548696071951717,
      "n_cells": 680
    },
    "3": {
      "A": 3.7928335143051948,
      "P": 13.768844221105528,
      "NPI": 1.9943926476862202,
      "n_cells": 1502
    },
    "4": {
      "A": 6.916492007777582,
      "P": 14.974874371859297,
      "NPI": 1.6062580452892208,
      "n_cells": 2739
    },
    "5": {
      "A": 3.3130476503118613,
      "P": 9.748743718592966,
      "NPI": 1.5108796801377384,
      "n_cells": 1312
    },
    "8": {
      "A": 4.7625059973233,
      "P": 14.07035175879397,
      "NPI": 1.8187887327856722,
      "n_cells": 1886
    },
    "10": {
      "A": 8.754829423499407,
      "P": 13.768844221105528,
      "NPI": 1.31270974714045,
      "n_cells": 3467
    },
    "13": {
      "A": 8.23211535062246,
      "P": 13.969849246231156,
      "NPI": 1.3735075906308483,
      "n_cells": 3260
    },
    "14": {
      "A": 7.820509583091337,
      "P": 20.301507537688444,
      "NPI": 2.047886251735262,
      "n_cells": 3097
    },
    "19": {
      "A": 9.340673215322846,
      "P": 15.979899497487438,
      "NPI": 1.4749592516044625,
      "n_cells": 3699
    },
    "25": {
      "A": 6.2144895330926,
      "P": 14.170854271356784,
      "NPI": 1.6035716493590724,
      "n_cells": 2461
    },
    "26": {
      "A": 6.335698593469862,
      "P": 12.160804020100503,
      "NPI": 1.36288779806203,
      "n_cells": 2509
    },
    "30": {
      "A": 9.229564909977022,
      "P": 13.668341708542714,
      "NPI": 1.2691714128516423,
      "n_cells": 3655
    },
    "32": {
      "A": 7.36850079543446,
      "P": 14.371859296482413,
      "NPI": 1.4935454988559804,
      "n_cells": 2918
    },
    "33": {
      "A": 3.696876341506528,
      "P": 10.35175879396985,
      "NPI": 1.5187690907126927,
      "n_cells": 1464
    },
    "35": {
      "A": 5.749854801646424,
      "P": 14.07035175879397,
      "NPI": 1.6552804433564219,
      "n_cells": 2277
    },
    "36": {
      "A": 1.464609479558597,
      "P": 5.8291457286432165,
      "NPI": 1.358748446131949,
      "n_cells": 580
    },
    "37": {
      "A": 3.257493497638949,
      "P": 9.145728643216081,
      "NPI": 1.4294586625083399,
      "n_cells": 1290
    }
  },
  "mean_npi_baseline": 1.5241798586335484,
  "max_npi_baseline": 2.047886251735262,
  "p90_npi_baseline": 1.8714699072558367,
  "n_catchments_baseline": 18,
  "worst_catchment_site": 14,
  "worst_catchment_npi": 2.047886251735262,
  "min_mean_npi_threshold": 1.2,
  "min_max_npi_threshold": 1.45,
  "base_seed": 7926,
  "attempt": 0,
  "uncapacitated": true,
  "pair_id": "shape_niceness_med_06",
  "difficulty": "med",
  "tier_kwargs": {
    "min_mean_npi": 1.2,
    "min_max_npi": 1.45
  },
  "per_catchment_solidity": {
    "0": {
      "A": 3.040327264463019,
      "A_hull": 2.9330067422539847,
      "solidity": 1.0
    },
    "2": {
      "A": 1.7171283553445622,
      "A_hull": 1.643897881366632,
      "solidity": 1.0
    },
    "3": {
      "A": 3.7928335143051948,
      "A_hull": 4.78018231862832,
      "solidity": 0.7934495509772844
    },
    "4": {
      "A": 6.916492007777582,
      "A_hull": 7.72834019342946,
      "solidity": 0.8949518052605783
    },
    "5": {
      "A": 3.3130476503118613,
      "A_hull": 3.7120274740536856,
      "solidity": 0.8925170068027212
    },
    "8": {
      "A": 4.7625059973233,
      "A_hull": 5.579404560490897,
      "solidity": 0.8535867843403486
    },
    "10": {
      "A": 8.754829423499407,
      "A_hull": 8.984621600464637,
      "solidity": 0.9744238336143899
    },
    "13": {
      "A": 8.23211535062246,
      "A_hull": 9.0805787732633,
      "solidity": 0.9065628476084541
    },
    "14": {
      "A": 7.820509583091337,
      "A_hull": 11.389863892325952,
      "solidity": 0.6866201086354063
    },
    "19": {
      "A": 9.340673215322846,
      "A_hull": 10.04267569000783,
      "solidity": 0.9300980638672366
    },
    "25": {
      "A": 6.2144895330926,
      "A_hull": 6.997298048029093,
      "solidity": 0.8881270299530852
    },
    "26": {
      "A": 6.335698593469862,
      "A_hull": 6.739728794727404,
      "solidity": 0.9400524541026605
    },
    "30": {
      "A": 9.229564909977022,
      "A_hull": 9.335622837807128,
      "solidity": 0.9886394373816607
    },
    "32": {
      "A": 7.36850079543446,
      "A_hull": 8.347011439105074,
      "solidity": 0.8827711390107397
    },
    "33": {
      "A": 3.696876341506528,
      "A_hull": 3.6261710562864584,
      "solidity": 1.0
    },
    "35": {
      "A": 5.749854801646424,
      "A_hull": 6.941743895356176,
      "solidity": 0.8283012004365228
    },
    "36": {
      "A": 1.464609479558597,
      "A_hull": 1.3913790055806674,
      "solidity": 1.0
    },
    "37": {
      "A": 3.257493497638949,
      "A_hull": 3.1766874573874393,
      "solidity": 1.0
    }
  },
  "globally_clustered_sites": [],
  "clustered_sites_radius": 1.35,
  "clustered_sites_min_sites": 4
}