{
  "archetype": "contiguity",
  "culprits": [
    {
      "site": 1,
      "n_components": 2,
      "components": [
        [
          27,
          30,
          28
        ],
        [
          24
        ]
      ],
      "component_voters": [
        972,
        663
      ],
      "largest_component_voters": 972,
      "disjoint_excess_voters": 663,
      "worst_pair_separation_km": 1.411140641338511
    }
  ],
  "n_split_sites_baseline": 1,
  "total_disjoint_excess_voters_baseline": 663,
  "worst_culprit_site": 1,
  "worst_culprit_disjoint_voters": 663,
  "smallest_component_centroid": [
    8.824144362474314,
    3.1351794433158773
  ],
  "min_split_voters_threshold": 1,
  "min_separation_threshold_km": 1.0,
  "base_seed": 15846,
  "attempt": 0,
  "pair_id": "contiguity_hard_07",
  "difficulty": "hard",
  "tier_kwargs": {
    "min_split_voters": 1,
    "min_separation": 1.0
  },
  "per_catchment_solidity": {
    "0": {
      "A": 5.363500921693897,
      "A_hull": 5.652635034468827,
      "solidity": 0.9488496761224035
    },
    "1": {
      "A": 2.3282240347465977,
      "A_hull": 4.0945935708694225,
      "solidity": 0.5686093123650942
    },
    "2": {
      "A": 3.8458624782202473,
      "A_hull": 3.9367692735031956,
      "solidity": 0.9769082745349581
    },
    "3": {
      "A": 5.265018560137371,
      "A_hull": 6.008686649327039,
      "solidity": 0.8762345030468583
    },
    "5": {
      "A": 2.411555263755966,
      "A_hull": 2.6628115451630006,
      "solidity": 0.9056424845898532
    },
    "6": {
      "A": 4.03777682381758,
      "A_hull": 3.8938410646195805,
      "solidity": 1.0
    },
    "7": {
      "A": 4.148885129163405,
      "A_hull": 5.243554455695564,
      "solidity": 0.7912352516253309
    },
    "8": {
      "A": 4.073129466427616,
      "A_hull": 4.9203302946895295,
      "solidity": 0.8278162689248139
    },
    "11": {
      "A": 10.126006919017197,
      "A_hull": 11.901214615792528,
      "solidity": 0.8508381073626142
    },
    "15": {
      "A": 3.517587939698493,
      "A_hull": 3.492336052119897,
      "solidity": 1.0
    },
    "17": {
      "A": 6.345799348501301,
      "A_hull": 7.9669705310471945,
      "solidity": 0.7965134706814582
    },
    "20": {
      "A": 5.012499684351406,
      "A_hull": 7.5768288679578815,
      "solidity": 0.6615564072654557
    },
    "23": {
      "A": 7.461932779475267,
      "A_hull": 8.769980556046567,
      "solidity": 0.8508494097322198
    },
    "25": {
      "A": 8.73967829095225,
      "A_hull": 10.071715360723214,
      "solidity": 0.8677447662028333
    },
    "27": {
      "A": 9.845710966894776,
      "A_hull": 10.219438903058002,
      "solidity": 0.9634297010130963
    },
    "29": {
      "A": 7.858387414459232,
      "A_hull": 9.133607737178354,
      "solidity": 0.8603815316560687
    },
    "31": {
      "A": 6.174086512966845,
      "A_hull": 7.20436352617358,
      "solidity": 0.8569926393270244
    },
    "39": {
      "A": 4.451907780106564,
      "A_hull": 4.4216055150122475,
      "solidity": 1.0
    }
  },
  "globally_clustered_sites": [],
  "clustered_sites_radius": 1.35,
  "clustered_sites_min_sites": 4
}