{
  "archetype": "cluster",
  "cluster_center": [
    5.454247448767425,
    1.7583848264131148
  ],
  "cluster_radius": 1.3,
  "affected_sites": [
    1,
    4,
    35,
    37
  ],
  "cluster_size": 4,
  "cluster_density_ratio": 4.18553433509258,
  "cluster_min_sites": 4,
  "cluster_density_factor": 2.0,
  "base_seed": 8609,
  "attempt": 0,
  "pair_id": "cluster_med_23",
  "difficulty": "med",
  "tier_kwargs": {
    "cluster_radius": 1.3,
    "cluster_min_sites": 4,
    "cluster_density_factor": 2.0
  },
  "per_catchment_solidity": {
    "0": {
      "A": 8.80280800989874,
      "A_hull": 10.067927577586424,
      "solidity": 0.8743416102332582
    },
    "1": {
      "A": 2.4948864927653345,
      "A_hull": 2.8471503244867558,
      "solidity": 0.8762749445676274
    },
    "2": {
      "A": 4.658973258251055,
      "A_hull": 4.949369965404915,
      "solidity": 0.9413265306122448
    },
    "4": {
      "A": 2.5554910229539662,
      "A_hull": 3.456983409509861,
      "solidity": 0.7392257121986853
    },
    "5": {
      "A": 4.997348551804248,
      "A_hull": 5.590767909901266,
      "solidity": 0.8938572719060525
    },
    "6": {
      "A": 7.3659756066766,
      "A_hull": 9.66389737632888,
      "solidity": 0.762215834857591
    },
    "7": {
      "A": 3.191838589934598,
      "A_hull": 5.319310118431354,
      "solidity": 0.6000474721101352
    },
    "8": {
      "A": 6.247316986944774,
      "A_hull": 8.502310547713442,
      "solidity": 0.7347787347787348
    },
    "10": {
      "A": 7.762430241660565,
      "A_hull": 8.002323173657231,
      "solidity": 0.9700220889870622
    },
    "16": {
      "A": 4.095856165248353,
      "A_hull": 4.305446832150701,
      "solidity": 0.9513196480938423
    },
    "18": {
      "A": 7.65637231383046,
      "A_hull": 9.595717279866673,
      "solidity": 0.7978947368421051
    },
    "21": {
      "A": 5.467033660766143,
      "A_hull": 7.593242594883969,
      "solidity": 0.7199866977053542
    },
    "23": {
      "A": 5.903891315875862,
      "A_hull": 7.030125501881266,
      "solidity": 0.8397988505747126
    },
    "27": {
      "A": 7.792732506754881,
      "A_hull": 9.221989343703445,
      "solidity": 0.8450164293537785
    },
    "31": {
      "A": 3.8231357793995104,
      "A_hull": 3.807984646852353,
      "solidity": 1.0
    },
    "34": {
      "A": 10.855786470038638,
      "A_hull": 11.681523193858737,
      "solidity": 0.9293125810635543
    },
    "35": {
      "A": 5.439256584429686,
      "A_hull": 5.5655160223226705,
      "solidity": 0.9773139745916513
    },
    "37": {
      "A": 1.8964167571525974,
      "A_hull": 1.8130855281432292,
      "solidity": 1.0
    }
  },
  "globally_clustered_sites": [
    1,
    4,
    35,
    37
  ],
  "clustered_sites_radius": 1.3,
  "clustered_sites_min_sites": 4,
  "vague_text": "Looking at the solution, I see an over-concentration of polling sites \u2014 several bunched together in a small area while other regions are sparser. Re-balance by reducing the cluster.",
  "precise_text": "Polling places 1, 4, 35, 37 are clustered too tightly together \u2014 I count 4 sites within roughly 1.3 km of each other. Close one or two of them and let the optimiser redistribute coverage, but be mindful about creating clusters elsewhere.",
  "vague_template_idx": 1,
  "precise_template_idx": 0
}