{
  "archetype": "contiguity",
  "culprits": [
    {
      "site": 0,
      "n_components": 2,
      "components": [
        [
          32,
          27,
          30,
          25
        ],
        [
          24
        ]
      ],
      "component_voters": [
        2154,
        627
      ],
      "largest_component_voters": 2154,
      "disjoint_excess_voters": 627,
      "worst_pair_separation_km": 2.054121247982886
    },
    {
      "site": 5,
      "n_components": 2,
      "components": [
        [
          26,
          29
        ],
        [
          16
        ]
      ],
      "component_voters": [
        2624,
        143
      ],
      "largest_component_voters": 2624,
      "disjoint_excess_voters": 143,
      "worst_pair_separation_km": 2.2882647028950855
    }
  ],
  "n_split_sites_baseline": 2,
  "total_disjoint_excess_voters_baseline": 770,
  "worst_culprit_site": 0,
  "worst_culprit_disjoint_voters": 627,
  "smallest_component_centroid": [
    7.939529864085527,
    1.9861050217530574
  ],
  "min_split_voters_threshold": 1,
  "min_separation_threshold_km": 1.8,
  "base_seed": 7932,
  "attempt": 0,
  "pair_id": "contiguity_med_09",
  "difficulty": "med",
  "tier_kwargs": {
    "min_split_voters": 1,
    "min_separation": 1.8
  },
  "per_catchment_solidity": {
    "0": {
      "A": 3.414055200626247,
      "A_hull": 5.72081513093104,
      "solidity": 0.5967777532553518
    },
    "2": {
      "A": 1.5529910860836849,
      "A_hull": 1.7057650059341936,
      "solidity": 0.9104367135455219
    },
    "4": {
      "A": 8.15635968788667,
      "A_hull": 9.513648645236232,
      "solidity": 0.8573324485733245
    },
    "5": {
      "A": 3.358501047953335,
      "A_hull": 5.4645084720082835,
      "solidity": 0.6146025878003697
    },
    "6": {
      "A": 3.2448675538496508,
      "A_hull": 3.4696093532991594,
      "solidity": 0.9352256186317323
    },
    "7": {
      "A": 3.7019267190222473,
      "A_hull": 4.7271533547132645,
      "solidity": 0.7831196581196582
    },
    "8": {
      "A": 6.439231332542108,
      "A_hull": 7.645008964420091,
      "solidity": 0.8422791081750619
    },
    "9": {
      "A": 6.441756521299968,
      "A_hull": 6.778869220474231,
      "solidity": 0.9502700689141368
    },
    "15": {
      "A": 6.747304361000985,
      "A_hull": 7.642483775662229,
      "solidity": 0.8828679993391709
    },
    "16": {
      "A": 6.621044923108003,
      "A_hull": 7.13492083533244,
      "solidity": 0.927977349141745
    },
    "18": {
      "A": 9.898739930809828,
      "A_hull": 10.30277013206737,
      "solidity": 0.9607843137254904
    },
    "23": {
      "A": 6.833160778768214,
      "A_hull": 8.405090780535843,
      "solidity": 0.8129788192879678
    },
    "25": {
      "A": 5.638746496300599,
      "A_hull": 6.363475669806321,
      "solidity": 0.8861111111111108
    },
    "30": {
      "A": 11.653746117522287,
      "A_hull": 13.158758617206638,
      "solidity": 0.8856265592016888
    },
    "33": {
      "A": 1.9393449660362114,
      "A_hull": 1.859801520163632,
      "solidity": 1.0
    },
    "36": {
      "A": 2.7549809348248786,
      "A_hull": 2.6501856013737033,
      "solidity": 1.0
    },
    "37": {
      "A": 6.5023610514886,
      "A_hull": 6.883664553925405,
      "solidity": 0.9446074834922967
    },
    "39": {
      "A": 6.108431605262494,
      "A_hull": 6.199338400545441,
      "solidity": 0.9853360488798371
    }
  },
  "globally_clustered_sites": [],
  "clustered_sites_radius": 1.35,
  "clustered_sites_min_sites": 4,
  "vague_text": "There are visible service-area splits: opened sites whose catchments appear in disconnected regions. Eliminate them.",
  "precise_text": "Polling place 0 has a fragmented service area \u2014 voters in separated pockets are all routed to it. Fix the topology, but be mindful about causing this issue elsewhere.",
  "vague_template_idx": 4,
  "precise_template_idx": 2
}