{
  "archetype": "shape_niceness",
  "per_catchment_npi": {
    "1": {
      "A": 4.530188631600213,
      "P": 15.477386934673367,
      "NPI": 2.0513254356081605,
      "n_cells": 1794
    },
    "2": {
      "A": 5.451882528218985,
      "P": 11.959798994974875,
      "NPI": 1.4449263261906744,
      "n_cells": 2159
    },
    "3": {
      "A": 6.191762834271863,
      "P": 12.361809045226131,
      "NPI": 1.4014252632169784,
      "n_cells": 2452
    },
    "4": {
      "A": 6.467008408878565,
      "P": 12.06030150753769,
      "NPI": 1.3378318173498864,
      "n_cells": 2561
    },
    "11": {
      "A": 8.762404989772987,
      "P": 15.276381909547741,
      "NPI": 1.4558073718246094,
      "n_cells": 3470
    },
    "12": {
      "A": 5.855912729476529,
      "P": 11.959798994974875,
      "NPI": 1.394188996304451,
      "n_cells": 2319
    },
    "14": {
      "A": 4.063028711396178,
      "P": 10.753768844221106,
      "NPI": 1.5049803144882092,
      "n_cells": 1609
    },
    "19": {
      "A": 5.282694881442389,
      "P": 12.06030150753769,
      "NPI": 1.4802172791914419,
      "n_cells": 2092
    },
    "22": {
      "A": 6.618519734350143,
      "P": 11.256281407035177,
      "NPI": 1.2342683022758263,
      "n_cells": 2621
    },
    "25": {
      "A": 4.057978333880458,
      "P": 10.552763819095478,
      "NPI": 1.4777685660381878,
      "n_cells": 1607
    },
    "27": {
      "A": 7.348299285371582,
      "P": 14.170854271356784,
      "NPI": 1.474679631725747,
      "n_cells": 2910
    },
    "28": {
      "A": 5.6589480063634765,
      "P": 14.673366834170855,
      "NPI": 1.7400310221392599,
      "n_cells": 2241
    },
    "29": {
      "A": 8.499785358955583,
      "P": 13.5678391959799,
      "NPI": 1.3128096981418251,
      "n_cells": 3366
    },
    "31": {
      "A": 3.770106815484458,
      "P": 9.748743718592966,
      "NPI": 1.4163379567408385,
      "n_cells": 1493
    },
    "32": {
      "A": 5.244817050074493,
      "P": 12.06030150753769,
      "NPI": 1.4855526945887505,
      "n_cells": 2077
    },
    "36": {
      "A": 3.010024999368703,
      "P": 10.35175879396985,
      "NPI": 1.683155190329983,
      "n_cells": 1192
    },
    "37": {
      "A": 4.752405242291862,
      "P": 11.959798994974875,
      "NPI": 1.5476124524574664,
      "n_cells": 1882
    },
    "38": {
      "A": 5.441781773187547,
      "P": 10.150753768844222,
      "NPI": 1.2275036726377404,
      "n_cells": 2155
    }
  },
  "mean_npi_baseline": 1.481690110625002,
  "max_npi_baseline": 2.0513254356081605,
  "p90_npi_baseline": 1.7002179398727661,
  "n_catchments_baseline": 18,
  "worst_catchment_site": 1,
  "worst_catchment_npi": 2.0513254356081605,
  "min_mean_npi_threshold": 1.2,
  "min_max_npi_threshold": 1.45,
  "base_seed": 7945,
  "attempt": 0,
  "uncapacitated": true,
  "pair_id": "shape_niceness_med_25",
  "difficulty": "med",
  "tier_kwargs": {
    "min_mean_npi": 1.2,
    "min_max_npi": 1.45
  },
  "per_catchment_solidity": {
    "1": {
      "A": 4.530188631600213,
      "A_hull": 6.373576424837758,
      "solidity": 0.7107765451664025
    },
    "2": {
      "A": 5.451882528218985,
      "A_hull": 5.762480745435722,
      "solidity": 0.9460999123575811
    },
    "3": {
      "A": 6.191762834271863,
      "A_hull": 6.527612939067196,
      "solidity": 0.9485493230174082
    },
    "4": {
      "A": 6.467008408878565,
      "A_hull": 6.646296810686598,
      "solidity": 0.9730243161094227
    },
    "11": {
      "A": 8.762404989772987,
      "A_hull": 9.70430039645463,
      "solidity": 0.902940411137133
    },
    "12": {
      "A": 5.855912729476529,
      "A_hull": 5.9821721673695105,
      "solidity": 0.9788940481215704
    },
    "14": {
      "A": 4.063028711396178,
      "A_hull": 4.75871821418651,
      "solidity": 0.8538073759617938
    },
    "19": {
      "A": 5.282694881442389,
      "A_hull": 5.588242721143403,
      "solidity": 0.9453230908269323
    },
    "22": {
      "A": 6.618519734350143,
      "A_hull": 6.502361051488599,
      "solidity": 1.0
    },
    "25": {
      "A": 4.057978333880458,
      "A_hull": 4.180449988636648,
      "solidity": 0.9707037148897619
    },
    "27": {
      "A": 7.348299285371582,
      "A_hull": 7.9581323703946865,
      "solidity": 0.9233698238933843
    },
    "28": {
      "A": 5.6589480063634765,
      "A_hull": 7.388702305497337,
      "solidity": 0.765892002734108
    },
    "29": {
      "A": 8.499785358955583,
      "A_hull": 9.065427640716145,
      "solidity": 0.9376044568245125
    },
    "31": {
      "A": 3.770106815484458,
      "A_hull": 3.8698517714199125,
      "solidity": 0.9742251223491032
    },
    "32": {
      "A": 5.244817050074493,
      "A_hull": 5.78773263301432,
      "solidity": 0.9061954624781846
    },
    "36": {
      "A": 3.010024999368703,
      "A_hull": 3.217090477513195,
      "solidity": 0.9356357927786497
    },
    "37": {
      "A": 4.752405242291862,
      "A_hull": 5.390015403651424,
      "solidity": 0.8817053174045443
    },
    "38": {
      "A": 5.441781773187547,
      "A_hull": 5.364763516072826,
      "solidity": 1.0
    }
  },
  "globally_clustered_sites": [],
  "clustered_sites_radius": 1.35,
  "clustered_sites_min_sites": 4,
  "vague_text": "Looking at the colored catchments, several are visibly bowtied or stretched out. Service areas should look more like compact blobs. Improve the shape.",
  "precise_text": "Polling place 1's service region has an ugly shape on the map \u2014 long and thin with awkward bumps. Tidy it up, but be mindful about causing this issue elsewhere.",
  "vague_template_idx": 1,
  "precise_template_idx": 3
}