{
  "archetype": "shape_niceness",
  "per_catchment_npi": {
    "0": {
      "A": 2.2019645968536152,
      "P": 7.035175879396986,
      "NPI": 1.3374109085909571,
      "n_cells": 872
    },
    "1": {
      "A": 7.421529759349513,
      "P": 15.175879396984925,
      "NPI": 1.5714559725695798,
      "n_cells": 2939
    },
    "2": {
      "A": 5.4291558293982485,
      "P": 11.457286432160805,
      "NPI": 1.3871093048670047,
      "n_cells": 2150
    },
    "4": {
      "A": 5.3054215802631255,
      "P": 12.06030150753769,
      "NPI": 1.4770434922133657,
      "n_cells": 2101
    },
    "7": {
      "A": 4.91149213403702,
      "P": 13.969849246231156,
      "NPI": 1.7781977692047184,
      "n_cells": 1945
    },
    "8": {
      "A": 5.020075250624985,
      "P": 10.452261306532664,
      "NPI": 1.3159827996045657,
      "n_cells": 1988
    },
    "12": {
      "A": 8.838160652508776,
      "P": 16.180904522613066,
      "NPI": 1.5353836709686455,
      "n_cells": 3500
    },
    "13": {
      "A": 2.5681169667432644,
      "P": 8.040201005025127,
      "NPI": 1.4153197732480678,
      "n_cells": 1017
    },
    "16": {
      "A": 3.5983939799500018,
      "P": 9.748743718592966,
      "NPI": 1.449737476320427,
      "n_cells": 1425
    },
    "24": {
      "A": 6.71447690714881,
      "P": 14.371859296482413,
      "NPI": 1.5645949799026724,
      "n_cells": 2659
    },
    "25": {
      "A": 7.911416378374285,
      "P": 14.170854271356784,
      "NPI": 1.4212287324245583,
      "n_cells": 3133
    },
    "28": {
      "A": 4.343324663518598,
      "P": 10.251256281407036,
      "NPI": 1.3875895227470196,
      "n_cells": 1720
    },
    "29": {
      "A": 8.345748844726144,
      "P": 15.77889447236181,
      "NPI": 1.5407741520934308,
      "n_cells": 3305
    },
    "31": {
      "A": 8.911391126486706,
      "P": 15.276381909547741,
      "NPI": 1.4435865345913923,
      "n_cells": 3529
    },
    "34": {
      "A": 4.494835988990178,
      "P": 9.547738693467338,
      "NPI": 1.2703946840503233,
      "n_cells": 1780
    },
    "35": {
      "A": 4.206964470594177,
      "P": 9.547738693467338,
      "NPI": 1.313140422343606,
      "n_cells": 1666
    },
    "36": {
      "A": 4.302921643392844,
      "P": 10.85427135678392,
      "NPI": 1.4760940305811197,
      "n_cells": 1704
    },
    "38": {
      "A": 6.482159541425722,
      "P": 11.758793969849247,
      "NPI": 1.302860721037459,
      "n_cells": 2567
    }
  },
  "mean_npi_baseline": 1.4437724970754953,
  "max_npi_baseline": 1.7781977692047184,
  "p90_npi_baseline": 1.5666532777027447,
  "n_catchments_baseline": 18,
  "worst_catchment_site": 7,
  "worst_catchment_npi": 1.7781977692047184,
  "min_mean_npi_threshold": 1.3,
  "min_max_npi_threshold": 1.65,
  "base_seed": 10,
  "attempt": 0,
  "uncapacitated": true,
  "pair_id": "shape_niceness_easy_09",
  "difficulty": "easy",
  "tier_kwargs": {
    "min_mean_npi": 1.3,
    "min_max_npi": 1.65
  },
  "per_catchment_solidity": {
    "0": {
      "A": 2.2019645968536152,
      "A_hull": 2.111057801570668,
      "solidity": 1.0
    },
    "1": {
      "A": 7.421529759349513,
      "A_hull": 8.08060402515088,
      "solidity": 0.9184375000000002
    },
    "2": {
      "A": 5.4291558293982485,
      "A_hull": 5.867276078886897,
      "solidity": 0.9253281687109964
    },
    "4": {
      "A": 5.3054215802631255,
      "A_hull": 5.751117396025355,
      "solidity": 0.9225027442371018
    },
    "7": {
      "A": 4.91149213403702,
      "A_hull": 5.929143203454459,
      "solidity": 0.8283645655877342
    },
    "8": {
      "A": 5.020075250624985,
      "A_hull": 5.148859877275828,
      "solidity": 0.974987739087788
    },
    "12": {
      "A": 8.838160652508776,
      "A_hull": 10.229539658089445,
      "solidity": 0.8639842014317451
    },
    "13": {
      "A": 2.5681169667432644,
      "A_hull": 2.506249842175702,
      "solidity": 1.0
    },
    "16": {
      "A": 3.5983939799500018,
      "A_hull": 3.7562182773162296,
      "solidity": 0.957983193277311
    },
    "24": {
      "A": 6.71447690714881,
      "A_hull": 8.185399358602055,
      "solidity": 0.8202992441770786
    },
    "25": {
      "A": 7.911416378374285,
      "A_hull": 8.730840130299738,
      "solidity": 0.9061460592913959
    },
    "28": {
      "A": 4.343324663518598,
      "A_hull": 4.528926037221281,
      "solidity": 0.9590186785614723
    },
    "29": {
      "A": 8.345748844726144,
      "A_hull": 9.458094492563317,
      "solidity": 0.8823922039781072
    },
    "31": {
      "A": 8.911391126486706,
      "A_hull": 9.790156814221863,
      "solidity": 0.9102398761929328
    },
    "34": {
      "A": 4.494835988990178,
      "A_hull": 4.383727683644351,
      "solidity": 1.0
    },
    "35": {
      "A": 4.206964470594177,
      "A_hull": 4.131208807858385,
      "solidity": 1.0
    },
    "36": {
      "A": 4.302921643392844,
      "A_hull": 4.614782454988511,
      "solidity": 0.9324213406292751
    },
    "38": {
      "A": 6.482159541425722,
      "A_hull": 6.718264690285597,
      "solidity": 0.9648562300319492
    }
  },
  "globally_clustered_sites": [],
  "clustered_sites_radius": 1.35,
  "clustered_sites_min_sites": 4
}