{
  "archetype": "contiguity",
  "culprits": [
    {
      "site": 32,
      "n_components": 2,
      "components": [
        [
          73
        ],
        [
          27,
          23
        ]
      ],
      "component_voters": [
        1141,
        548
      ],
      "largest_component_voters": 1141,
      "disjoint_excess_voters": 548,
      "worst_pair_separation_km": 2.547969530886398
    }
  ],
  "n_split_sites_baseline": 1,
  "total_disjoint_excess_voters_baseline": 548,
  "worst_culprit_site": 32,
  "worst_culprit_disjoint_voters": 548,
  "smallest_component_centroid": [
    7.657802748188255,
    3.206215606493126
  ],
  "min_split_voters_threshold": 1,
  "min_separation_threshold_km": 1.8,
  "base_seed": 7926,
  "attempt": 0,
  "pair_id": "contiguity_med_04",
  "difficulty": "med",
  "tier_kwargs": {
    "min_split_voters": 1,
    "min_separation": 1.8
  },
  "per_catchment_solidity": {
    "0": {
      "A": 3.040327264463019,
      "A_hull": 2.9330067422539847,
      "solidity": 1.0
    },
    "3": {
      "A": 3.5049619959091944,
      "A_hull": 4.892553218353074,
      "solidity": 0.7163870967741933
    },
    "4": {
      "A": 2.3787278099037907,
      "A_hull": 2.313072902199439,
      "solidity": 1.0
    },
    "5": {
      "A": 5.810459331835055,
      "A_hull": 7.940456049089669,
      "solidity": 0.731753855938941
    },
    "7": {
      "A": 4.6337213706724585,
      "A_hull": 5.035226383172142,
      "solidity": 0.9202607823470413
    },
    "8": {
      "A": 4.7625059973233,
      "A_hull": 5.579404560490897,
      "solidity": 0.8535867843403486
    },
    "10": {
      "A": 8.754829423499407,
      "A_hull": 8.984621600464637,
      "solidity": 0.9744238336143899
    },
    "14": {
      "A": 2.7878083886770537,
      "A_hull": 3.7095022852958253,
      "solidity": 0.7515316541865216
    },
    "19": {
      "A": 10.239640413120881,
      "A_hull": 10.935329915911215,
      "solidity": 0.9363814801985914
    },
    "23": {
      "A": 14.44660488371506,
      "A_hull": 15.08926542259034,
      "solidity": 0.9574094218057067
    },
    "26": {
      "A": 6.335698593469862,
      "A_hull": 6.739728794727404,
      "solidity": 0.9400524541026605
    },
    "28": {
      "A": 7.810408828059899,
      "A_hull": 9.898739930809827,
      "solidity": 0.7890306122448982
    },
    "30": {
      "A": 7.72960278780839,
      "A_hull": 8.074291053256227,
      "solidity": 0.9573103987490234
    },
    "32": {
      "A": 4.03777682381758,
      "A_hull": 5.937981364106963,
      "solidity": 0.6799914947905596
    },
    "33": {
      "A": 3.696876341506528,
      "A_hull": 3.6261710562864584,
      "solidity": 1.0
    },
    "35": {
      "A": 5.297846013989546,
      "A_hull": 5.552890078533371,
      "solidity": 0.9540700318326513
    },
    "36": {
      "A": 2.4822605489760363,
      "A_hull": 2.522663569101791,
      "solidity": 0.9839839839839838
    },
    "37": {
      "A": 3.257493497638949,
      "A_hull": 3.1766874573874393,
      "solidity": 1.0
    }
  },
  "globally_clustered_sites": [],
  "clustered_sites_radius": 1.35,
  "clustered_sites_min_sites": 4,
  "vague_text": "I see polling places whose service areas aren't connected \u2014 the same color appears in two or more disjoint patches on the map, separated by other polling places' catchments. Address every split-catchment.",
  "precise_text": "Polling place 32's service area is split into disconnected pockets \u2014 its catchment isn't a single contiguous region. Fix the split, but be mindful about causing this issue elsewhere.",
  "vague_template_idx": 1,
  "precise_template_idx": 0
}