{
  "archetype": "coverage_gap",
  "current_max_distance_km": 2.8570451718203054,
  "most_stranded_precinct": 68,
  "most_stranded_distance_km": 2.8570451718203054,
  "best_candidate_idx": 14,
  "best_candidate_new_max_km": 2.046427904895091,
  "best_improvement_km": 0.8106172669252145,
  "per_candidate_improvement": {
    "14": {
      "improvement_km": 0.8106172669252145,
      "new_max_km": 2.046427904895091
    },
    "28": {
      "improvement_km": 0.8106172669252145,
      "new_max_km": 2.046427904895091
    },
    "18": {
      "improvement_km": 0.33673897214986415,
      "new_max_km": 2.5203061996704412
    },
    "29": {
      "improvement_km": 0.3352953119070583,
      "new_max_km": 2.521749859913247
    },
    "35": {
      "improvement_km": 0.19594231505440218,
      "new_max_km": 2.661102856765903
    },
    "0": {
      "improvement_km": 0.0,
      "new_max_km": 2.8570451718203054
    },
    "4": {
      "improvement_km": 0.0,
      "new_max_km": 2.8570451718203054
    },
    "6": {
      "improvement_km": 0.0,
      "new_max_km": 2.8570451718203054
    },
    "8": {
      "improvement_km": 0.0,
      "new_max_km": 2.8570451718203054
    },
    "10": {
      "improvement_km": 0.0,
      "new_max_km": 2.8570451718203054
    },
    "11": {
      "improvement_km": 0.0,
      "new_max_km": 2.8570451718203054
    },
    "13": {
      "improvement_km": 0.0,
      "new_max_km": 2.8570451718203054
    },
    "16": {
      "improvement_km": 0.0,
      "new_max_km": 2.8570451718203054
    },
    "19": {
      "improvement_km": 0.0,
      "new_max_km": 2.8570451718203054
    },
    "20": {
      "improvement_km": 0.0,
      "new_max_km": 2.8570451718203054
    },
    "24": {
      "improvement_km": 0.0,
      "new_max_km": 2.8570451718203054
    },
    "25": {
      "improvement_km": 0.0,
      "new_max_km": 2.8570451718203054
    },
    "26": {
      "improvement_km": 0.0,
      "new_max_km": 2.8570451718203054
    },
    "27": {
      "improvement_km": 0.0,
      "new_max_km": 2.8570451718203054
    },
    "30": {
      "improvement_km": 0.0,
      "new_max_km": 2.8570451718203054
    },
    "34": {
      "improvement_km": 0.0,
      "new_max_km": 2.8570451718203054
    },
    "36": {
      "improvement_km": 0.0,
      "new_max_km": 2.8570451718203054
    }
  },
  "candidates_ranked_by_improvement": [
    14,
    28,
    18,
    29,
    35,
    0,
    4,
    6,
    8,
    10,
    11,
    13,
    16,
    19,
    20,
    24,
    25,
    26,
    27,
    30,
    34,
    36
  ],
  "n_opened": 18,
  "n_closed_candidates": 22,
  "min_max_distance_threshold_km": 2.2,
  "min_improvement_threshold_km": 0.6,
  "base_seed": 16032,
  "attempt": 0,
  "uncapacitated": true,
  "pair_id": "coverage_gap_hard_04",
  "difficulty": "hard",
  "tier_kwargs": {
    "min_max_distance": 2.2,
    "min_improvement": 0.6
  },
  "per_catchment_solidity": {
    "1": {
      "A": 5.893790560844423,
      "A_hull": 5.757430367920002,
      "solidity": 1.0
    },
    "2": {
      "A": 6.290245195828389,
      "A_hull": 6.540238882856496,
      "solidity": 0.9617760617760615
    },
    "3": {
      "A": 6.479634352667863,
      "A_hull": 7.593242594883969,
      "solidity": 0.8533422015297638
    },
    "5": {
      "A": 2.462059038913159,
      "A_hull": 2.6135703643847386,
      "solidity": 0.9420289855072461
    },
    "7": {
      "A": 2.7019519709098256,
      "A_hull": 2.7145779146991242,
      "solidity": 0.9953488372093022
    },
    "9": {
      "A": 5.4114795080932305,
      "A_hull": 5.617282391858791,
      "solidity": 0.9633625533827828
    },
    "12": {
      "A": 6.009949243705968,
      "A_hull": 6.060453018863159,
      "solidity": 0.991666666666667
    },
    "15": {
      "A": 6.504886240246459,
      "A_hull": 7.157647534153176,
      "solidity": 0.9088022578938088
    },
    "17": {
      "A": 6.328123027196284,
      "A_hull": 6.514986995277898,
      "solidity": 0.9713178294573644
    },
    "21": {
      "A": 4.3685765510971954,
      "A_hull": 5.4228428575036,
      "solidity": 0.8055878928987193
    },
    "22": {
      "A": 6.429130577510669,
      "A_hull": 7.810408828059896,
      "solidity": 0.8231490462334305
    },
    "23": {
      "A": 6.4190298224792315,
      "A_hull": 7.150071967879599,
      "solidity": 0.8977573724174467
    },
    "31": {
      "A": 5.833186030655792,
      "A_hull": 6.310446705891265,
      "solidity": 0.9243697478991598
    },
    "32": {
      "A": 4.3509002297921775,
      "A_hull": 4.494835988990178,
      "solidity": 0.9679775280898876
    },
    "33": {
      "A": 6.6841746420544945,
      "A_hull": 6.872301204515036,
      "solidity": 0.9726253904097009
    },
    "37": {
      "A": 5.63117093002702,
      "A_hull": 5.681674705184212,
      "solidity": 0.9911111111111114
    },
    "38": {
      "A": 10.047726067523548,
      "A_hull": 11.141132799676775,
      "solidity": 0.9018585675430645
    },
    "39": {
      "A": 3.161536324840282,
      "A_hull": 3.2410797707128607,
      "solidity": 0.9754577327619791
    }
  },
  "globally_clustered_sites": [],
  "clustered_sites_radius": 1.35,
  "clustered_sites_min_sites": 4
}