{
  "archetype": "contiguity",
  "culprits": [
    {
      "site": 34,
      "n_components": 2,
      "components": [
        [
          27,
          68,
          70
        ],
        [
          78
        ]
      ],
      "component_voters": [
        4364,
        169
      ],
      "largest_component_voters": 4364,
      "disjoint_excess_voters": 169,
      "worst_pair_separation_km": 3.2337167388562755
    }
  ],
  "n_split_sites_baseline": 1,
  "total_disjoint_excess_voters_baseline": 169,
  "worst_culprit_site": 34,
  "worst_culprit_disjoint_voters": 169,
  "smallest_component_centroid": [
    9.686269183756632,
    0.4576938747793019
  ],
  "min_split_voters_threshold": 1,
  "min_separation_threshold_km": 1.0,
  "base_seed": 15840,
  "attempt": 0,
  "pair_id": "contiguity_hard_01",
  "difficulty": "hard",
  "tier_kwargs": {
    "min_split_voters": 1,
    "min_separation": 1.0
  },
  "per_catchment_solidity": {
    "1": {
      "A": 3.371126991742633,
      "A_hull": 3.791570919926265,
      "solidity": 0.8891108891108891
    },
    "3": {
      "A": 3.196888967450317,
      "A_hull": 3.6690992651700713,
      "solidity": 0.8713007570543704
    },
    "4": {
      "A": 5.805408954319336,
      "A_hull": 7.115981919648496,
      "solidity": 0.8158268275372604
    },
    "6": {
      "A": 3.6918259639908086,
      "A_hull": 3.733491578495493,
      "solidity": 0.9888400405816705
    },
    "7": {
      "A": 3.9317188959874754,
      "A_hull": 4.160248478573774,
      "solidity": 0.9450682852807284
    },
    "13": {
      "A": 7.386177116739477,
      "A_hull": 8.333122900936846,
      "solidity": 0.8863636363636362
    },
    "17": {
      "A": 6.085704906441757,
      "A_hull": 7.545264008484633,
      "solidity": 0.8065595716198127
    },
    "18": {
      "A": 10.312870887098812,
      "A_hull": 10.557814196611194,
      "solidity": 0.9767998086582161
    },
    "19": {
      "A": 7.1614353172899685,
      "A_hull": 7.427842731244159,
      "solidity": 0.9641339452660211
    },
    "21": {
      "A": 5.242291861316634,
      "A_hull": 6.900078280851493,
      "solidity": 0.7597438243366882
    },
    "25": {
      "A": 8.72957753592081,
      "A_hull": 9.41642887805863,
      "solidity": 0.9270581925449187
    },
    "28": {
      "A": 4.088280598974774,
      "A_hull": 4.295346077119264,
      "solidity": 0.9517930629041742
    },
    "30": {
      "A": 7.36092522916088,
      "A_hull": 7.921517133405721,
      "solidity": 0.9292317500796942
    },
    "31": {
      "A": 7.186687204868565,
      "A_hull": 7.580616651094669,
      "solidity": 0.9480346435709529
    },
    "34": {
      "A": 5.719552536552108,
      "A_hull": 11.27244261508548,
      "solidity": 0.5073924731182795
    },
    "35": {
      "A": 4.590793161788844,
      "A_hull": 4.868563925153407,
      "solidity": 0.9429460580912861
    },
    "36": {
      "A": 3.156485947324563,
      "A_hull": 3.605969546223582,
      "solidity": 0.8753501400560221
    },
    "39": {
      "A": 3.9897982374182477,
      "A_hull": 4.26125602888816,
      "solidity": 0.9362962962962964
    }
  },
  "globally_clustered_sites": [],
  "clustered_sites_radius": 1.35,
  "clustered_sites_min_sites": 4
}