{
  "archetype": "shape_niceness",
  "per_catchment_npi": {
    "1": {
      "A": 6.699325774601652,
      "P": 19.69849246231156,
      "NPI": 2.146903430842472,
      "n_cells": 2653
    },
    "2": {
      "A": 2.901441882780738,
      "P": 8.14070351758794,
      "NPI": 1.348186792269916,
      "n_cells": 1149
    },
    "3": {
      "A": 2.3130729021994396,
      "P": 8.442211055276383,
      "NPI": 1.5658732781637468,
      "n_cells": 916
    },
    "4": {
      "A": 2.772657256129896,
      "P": 7.336683417085427,
      "NPI": 1.242930238160573,
      "n_cells": 1098
    },
    "5": {
      "A": 10.189136637963689,
      "P": 22.211055276381913,
      "NPI": 1.962888216117292,
      "n_cells": 4035
    },
    "7": {
      "A": 6.845786722557512,
      "P": 16.884422110552766,
      "NPI": 1.820411567893937,
      "n_cells": 2711
    },
    "10": {
      "A": 3.7726320042423174,
      "P": 10.753768844221106,
      "NPI": 1.5618292159981069,
      "n_cells": 1494
    },
    "13": {
      "A": 6.997298048029091,
      "P": 12.56281407035176,
      "NPI": 1.3397285541949162,
      "n_cells": 2771
    },
    "15": {
      "A": 3.012550188126563,
      "P": 8.84422110552764,
      "NPI": 1.437432678873265,
      "n_cells": 1193
    },
    "19": {
      "A": 11.173960253528952,
      "P": 19.095477386934675,
      "NPI": 1.6114692661541166,
      "n_cells": 4425
    },
    "26": {
      "A": 6.060453018863161,
      "P": 11.155778894472363,
      "NPI": 1.2783283530439413,
      "n_cells": 2400
    },
    "29": {
      "A": 7.850811848185653,
      "P": 16.080402010050253,
      "NPI": 1.6189546566288822,
      "n_cells": 3109
    },
    "32": {
      "A": 6.3306482159541435,
      "P": 11.35678391959799,
      "NPI": 1.2732871029512596,
      "n_cells": 2507
    },
    "34": {
      "A": 3.6716244539279317,
      "P": 8.944723618090453,
      "NPI": 1.3168395662470445,
      "n_cells": 1454
    },
    "35": {
      "A": 7.598292972399688,
      "P": 15.879396984924625,
      "NPI": 1.6250661973573068,
      "n_cells": 3009
    },
    "36": {
      "A": 3.164061513598142,
      "P": 9.949748743718594,
      "NPI": 1.5779190622554113,
      "n_cells": 1253
    },
    "37": {
      "A": 3.6110199237393,
      "P": 9.045226130653267,
      "NPI": 1.3427635832943459,
      "n_cells": 1430
    },
    "39": {
      "A": 6.042776697558143,
      "P": 15.376884422110553,
      "NPI": 1.764595409765545,
      "n_cells": 2393
    }
  },
  "mean_npi_baseline": 1.5464115094562265,
  "max_npi_baseline": 2.146903430842472,
  "p90_npi_baseline": 1.8631545623609436,
  "n_catchments_baseline": 18,
  "worst_catchment_site": 1,
  "worst_catchment_npi": 2.146903430842472,
  "min_mean_npi_threshold": 1.2,
  "min_max_npi_threshold": 1.45,
  "base_seed": 7946,
  "attempt": 0,
  "uncapacitated": true,
  "pair_id": "shape_niceness_med_26",
  "difficulty": "med",
  "tier_kwargs": {
    "min_mean_npi": 1.2,
    "min_max_npi": 1.45
  },
  "per_catchment_solidity": {
    "1": {
      "A": 6.699325774601652,
      "A_hull": 9.775005681674706,
      "solidity": 0.6853526220614828
    },
    "2": {
      "A": 2.901441882780738,
      "A_hull": 2.9001792884018083,
      "solidity": 1.0
    },
    "3": {
      "A": 2.3130729021994396,
      "A_hull": 2.607257392490091,
      "solidity": 0.887167070217917
    },
    "4": {
      "A": 2.772657256129896,
      "A_hull": 2.704477159667685,
      "solidity": 1.0
    },
    "5": {
      "A": 10.189136637963689,
      "A_hull": 13.575414762253482,
      "solidity": 0.7505580357142856
    },
    "7": {
      "A": 6.845786722557512,
      "A_hull": 8.220752001212091,
      "solidity": 0.8327445860850868
    },
    "10": {
      "A": 3.7726320042423174,
      "A_hull": 4.191813338047018,
      "solidity": 0.9000000000000004
    },
    "13": {
      "A": 6.997298048029091,
      "A_hull": 7.359662634781951,
      "solidity": 0.9507634242580202
    },
    "15": {
      "A": 3.012550188126563,
      "A_hull": 2.948157874801141,
      "solidity": 1.0
    },
    "19": {
      "A": 11.173960253528952,
      "A_hull": 12.485795813237038,
      "solidity": 0.8949337647891598
    },
    "26": {
      "A": 6.060453018863161,
      "A_hull": 6.076866745789245,
      "solidity": 0.9972989819239565
    },
    "29": {
      "A": 7.850811848185653,
      "A_hull": 9.490921946415497,
      "solidity": 0.8271916988160168
    },
    "32": {
      "A": 6.3306482159541435,
      "A_hull": 6.763718087927073,
      "solidity": 0.9359716259100244
    },
    "34": {
      "A": 3.6716244539279317,
      "A_hull": 3.6956137471275983,
      "solidity": 0.9935087119918005
    },
    "35": {
      "A": 7.598292972399688,
      "A_hull": 9.046488725032194,
      "solidity": 0.839916259595255
    },
    "36": {
      "A": 3.164061513598142,
      "A_hull": 3.4632963814045103,
      "solidity": 0.9135982500911412
    },
    "37": {
      "A": 3.6110199237393,
      "A_hull": 3.670361859549002,
      "solidity": 0.9838321293429652
    },
    "39": {
      "A": 6.042776697558143,
      "A_hull": 6.998560642408019,
      "solidity": 0.8634313548619883
    }
  },
  "globally_clustered_sites": [],
  "clustered_sites_radius": 1.35,
  "clustered_sites_min_sites": 4,
  "vague_text": "The shapes of the service regions on the map are ugly \u2014 long, thin, jagged. Tidy them up so each catchment is more rounded.",
  "precise_text": "Site 1 is serving an awkwardly-shaped catchment. The service area should be more circular / compact, not elongated, but be mindful about causing this issue elsewhere.",
  "vague_template_idx": 2,
  "precise_template_idx": 2
}