{
  "archetype": "shape_niceness",
  "per_catchment_npi": {
    "0": {
      "A": 9.181586323577688,
      "P": 16.683417085427138,
      "NPI": 1.553177943020186,
      "n_cells": 3636
    },
    "1": {
      "A": 5.408954319335371,
      "P": 13.467336683417088,
      "NPI": 1.6335037235076697,
      "n_cells": 2142
    },
    "4": {
      "A": 5.70440140400495,
      "P": 13.165829145728644,
      "NPI": 1.5550281090735523,
      "n_cells": 2259
    },
    "5": {
      "A": 4.777657129870458,
      "P": 10.653266331658292,
      "NPI": 1.3748976285475831,
      "n_cells": 1892
    },
    "7": {
      "A": 3.956970783566072,
      "P": 12.361809045226131,
      "NPI": 1.7530555452645389,
      "n_cells": 1567
    },
    "8": {
      "A": 1.934294588520492,
      "P": 8.341708542713569,
      "NPI": 1.6919548560415796,
      "n_cells": 766
    },
    "9": {
      "A": 4.83321128254337,
      "P": 12.361809045226131,
      "NPI": 1.5862046123181188,
      "n_cells": 1914
    },
    "10": {
      "A": 12.613317845508954,
      "P": 16.381909547738694,
      "NPI": 1.301202598139441,
      "n_cells": 4995
    },
    "11": {
      "A": 3.8584884220095454,
      "P": 12.160804020100503,
      "NPI": 1.7464202436093479,
      "n_cells": 1528
    },
    "14": {
      "A": 3.6514229438650543,
      "P": 9.949748743718594,
      "NPI": 1.468845482046887,
      "n_cells": 1446
    },
    "16": {
      "A": 6.636196055655161,
      "P": 14.472361809045228,
      "NPI": 1.5848015062688772,
      "n_cells": 2628
    },
    "19": {
      "A": 5.5352137572283535,
      "P": 12.261306532663317,
      "NPI": 1.4701600578795704,
      "n_cells": 2192
    },
    "21": {
      "A": 8.81290876493018,
      "P": 14.170854271356784,
      "NPI": 1.346577838817442,
      "n_cells": 3490
    },
    "32": {
      "A": 4.454432968864423,
      "P": 10.452261306532664,
      "NPI": 1.3970408735468252,
      "n_cells": 1764
    },
    "33": {
      "A": 2.8282114088028085,
      "P": 10.150753768844222,
      "NPI": 1.702697216645457,
      "n_cells": 1120
    },
    "37": {
      "A": 4.590793161788844,
      "P": 11.457286432160805,
      "NPI": 1.5084571418371073,
      "n_cells": 1818
    },
    "38": {
      "A": 7.598292972399688,
      "P": 14.874371859296485,
      "NPI": 1.5222139063853255,
      "n_cells": 3009
    },
    "39": {
      "A": 4.631196181914599,
      "P": 11.256281407035177,
      "NPI": 1.4755142925904687,
      "n_cells": 1834
    }
  },
  "mean_npi_baseline": 1.5373196430855542,
  "max_npi_baseline": 1.7530555452645389,
  "p90_npi_baseline": 1.7158141247346244,
  "n_catchments_baseline": 18,
  "worst_catchment_site": 7,
  "worst_catchment_npi": 1.7530555452645389,
  "min_mean_npi_threshold": 1.2,
  "min_max_npi_threshold": 1.45,
  "base_seed": 7943,
  "attempt": 0,
  "uncapacitated": true,
  "pair_id": "shape_niceness_med_23",
  "difficulty": "med",
  "tier_kwargs": {
    "min_mean_npi": 1.2,
    "min_max_npi": 1.45
  },
  "per_catchment_solidity": {
    "0": {
      "A": 9.181586323577688,
      "A_hull": 10.232064846847305,
      "solidity": 0.8973346495557748
    },
    "1": {
      "A": 5.408954319335371,
      "A_hull": 5.78015706674074,
      "solidity": 0.9357798165137614
    },
    "4": {
      "A": 5.70440140400495,
      "A_hull": 6.64377162192874,
      "solidity": 0.8586088939566705
    },
    "5": {
      "A": 4.777657129870458,
      "A_hull": 4.835736471301229,
      "solidity": 0.9879895561357704
    },
    "7": {
      "A": 3.956970783566072,
      "A_hull": 4.795333451175476,
      "solidity": 0.8251711427066878
    },
    "8": {
      "A": 1.934294588520492,
      "A_hull": 2.277720259589404,
      "solidity": 0.8492239467849225
    },
    "9": {
      "A": 4.83321128254337,
      "A_hull": 5.3938031867882135,
      "solidity": 0.896067415730337
    },
    "10": {
      "A": 12.613317845508954,
      "A_hull": 12.790081058559128,
      "solidity": 0.9861796643632775
    },
    "11": {
      "A": 3.8584884220095454,
      "A_hull": 4.520087876568772,
      "solidity": 0.8536312849162013
    },
    "14": {
      "A": 3.6514229438650543,
      "A_hull": 3.850912855735966,
      "solidity": 0.9481967213114755
    },
    "16": {
      "A": 6.636196055655161,
      "A_hull": 7.098305598343477,
      "solidity": 0.9348986125933832
    },
    "19": {
      "A": 5.5352137572283535,
      "A_hull": 5.991010328022019,
      "solidity": 0.923919915700738
    },
    "21": {
      "A": 8.81290876493018,
      "A_hull": 9.080578773263303,
      "solidity": 0.9705228031145717
    },
    "32": {
      "A": 4.454432968864423,
      "A_hull": 4.41150475998081,
      "solidity": 1.0
    },
    "33": {
      "A": 2.8282114088028085,
      "A_hull": 3.2410797707128616,
      "solidity": 0.872613946240748
    },
    "37": {
      "A": 4.590793161788844,
      "A_hull": 5.147597282896897,
      "solidity": 0.891832229580574
    },
    "38": {
      "A": 7.598292972399688,
      "A_hull": 8.513673897123809,
      "solidity": 0.8924810915022989
    },
    "39": {
      "A": 4.631196181914599,
      "A_hull": 5.113507234665791,
      "solidity": 0.9056790123456793
    }
  },
  "globally_clustered_sites": [],
  "clustered_sites_radius": 1.35,
  "clustered_sites_min_sites": 4,
  "vague_text": "Several polling places have catchments that look bizarre \u2014 stringy or with awkward protrusions. Reshape so the service areas are visually compact.",
  "precise_text": "Polling place 7's service region has an ugly shape on the map \u2014 long and thin with awkward bumps. Tidy it up, but be mindful about causing this issue elsewhere.",
  "vague_template_idx": 3,
  "precise_template_idx": 3
}