{
  "archetype": "shape_niceness",
  "per_catchment_npi": {
    "0": {
      "A": 3.6943511527486685,
      "P": 10.452261306532664,
      "NPI": 1.5340384314176163,
      "n_cells": 1463
    },
    "1": {
      "A": 5.56046564480695,
      "P": 16.582914572864325,
      "NPI": 1.9838112581064904,
      "n_cells": 2202
    },
    "3": {
      "A": 5.833186030655792,
      "P": 21.507537688442213,
      "NPI": 2.5120764205564154,
      "n_cells": 2310
    },
    "5": {
      "A": 8.0856544026666,
      "P": 19.798994974874375,
      "NPI": 1.9641770215349486,
      "n_cells": 3202
    },
    "7": {
      "A": 5.121082800939371,
      "P": 12.261306532663317,
      "NPI": 1.5284488833886212,
      "n_cells": 2028
    },
    "8": {
      "A": 5.371076487967477,
      "P": 11.457286432160805,
      "NPI": 1.3945887903407657,
      "n_cells": 2127
    },
    "10": {
      "A": 6.131158304083231,
      "P": 13.165829145728644,
      "NPI": 1.4999335455899951,
      "n_cells": 2428
    },
    "11": {
      "A": 7.2321406025100385,
      "P": 15.979899497487438,
      "NPI": 1.6762379974920558,
      "n_cells": 2864
    },
    "14": {
      "A": 4.782707507386178,
      "P": 12.160804020100503,
      "NPI": 1.568629747216541,
      "n_cells": 1894
    },
    "22": {
      "A": 5.158960632307266,
      "P": 10.954773869346734,
      "NPI": 1.3605589961705107,
      "n_cells": 2043
    },
    "28": {
      "A": 7.681624201409056,
      "P": 14.974874371859297,
      "NPI": 1.5241640969182941,
      "n_cells": 3042
    },
    "29": {
      "A": 3.747380116663721,
      "P": 10.251256281407036,
      "NPI": 1.493854449337698,
      "n_cells": 1484
    },
    "31": {
      "A": 8.413928941188354,
      "P": 14.874371859296485,
      "NPI": 1.4465527747244313,
      "n_cells": 3332
    },
    "32": {
      "A": 2.426706396303124,
      "P": 8.84422110552764,
      "NPI": 1.6015704307162115,
      "n_cells": 961
    },
    "36": {
      "A": 9.671472942602461,
      "P": 14.974874371859297,
      "NPI": 1.358350806921702,
      "n_cells": 3830
    },
    "37": {
      "A": 4.575642029241687,
      "P": 9.547738693467338,
      "NPI": 1.2591271028584485,
      "n_cells": 1812
    },
    "38": {
      "A": 4.866038736395546,
      "P": 12.56281407035176,
      "NPI": 1.606549899623457,
      "n_cells": 1927
    },
    "39": {
      "A": 2.6539733845104925,
      "P": 7.5376884422110555,
      "NPI": 1.3052237541201612,
      "n_cells": 1051
    }
  },
  "mean_npi_baseline": 1.5898830226130203,
  "max_npi_baseline": 2.5120764205564154,
  "p90_npi_baseline": 1.970067292506411,
  "n_catchments_baseline": 18,
  "worst_catchment_site": 3,
  "worst_catchment_npi": 2.5120764205564154,
  "min_mean_npi_threshold": 1.5,
  "min_max_npi_threshold": 2.0,
  "base_seed": 9,
  "attempt": 0,
  "vague_text": "The shapes of the service regions on the map are ugly \u2014 long, thin, jagged. Tidy them up so each catchment is more rounded.",
  "precise_text": "Polling place 3's catchment is unusually elongated \u2014 it has a long thin tail or protrusion that makes the service area look bad. Make it more compact.",
  "vague_template_idx": 2,
  "precise_template_idx": 0,
  "pair_id": "08"
}