{
  "archetype": "cluster",
  "cluster_center": [
    5.621088897313599,
    3.2779399787025585
  ],
  "cluster_radius": 1.3,
  "affected_sites": [
    4,
    5,
    6,
    8
  ],
  "cluster_size": 4,
  "cluster_density_ratio": 4.18553433509258,
  "cluster_min_sites": 4,
  "cluster_density_factor": 2.0,
  "base_seed": 8717,
  "attempt": 0,
  "pair_id": "cluster_med_27",
  "difficulty": "med",
  "tier_kwargs": {
    "cluster_radius": 1.3,
    "cluster_min_sites": 4,
    "cluster_density_factor": 2.0
  },
  "per_catchment_solidity": {
    "0": {
      "A": 5.229665917527336,
      "A_hull": 6.49478548521502,
      "solidity": 0.8052099533437014
    },
    "1": {
      "A": 3.510012373424914,
      "A_hull": 3.878689932072423,
      "solidity": 0.9049479166666666
    },
    "2": {
      "A": 3.414055200626247,
      "A_hull": 4.2397919244463536,
      "solidity": 0.8052412150089338
    },
    "3": {
      "A": 4.3509002297921775,
      "A_hull": 5.008711901214616,
      "solidity": 0.868666498613562
    },
    "4": {
      "A": 4.484735233958739,
      "A_hull": 4.636246559430317,
      "solidity": 0.9673202614379087
    },
    "5": {
      "A": 3.674149642685791,
      "A_hull": 4.310497209666423,
      "solidity": 0.8523725834797892
    },
    "6": {
      "A": 2.7474053685512994,
      "A_hull": 5.879902022676195,
      "solidity": 0.46725359673609623
    },
    "8": {
      "A": 4.4216055150122475,
      "A_hull": 6.104643822125703,
      "solidity": 0.7243019648397107
    },
    "9": {
      "A": 8.287669503295373,
      "A_hull": 9.076790990126511,
      "solidity": 0.9130616219223816
    },
    "10": {
      "A": 5.828135653140073,
      "A_hull": 6.398828312416352,
      "solidity": 0.9108129439621155
    },
    "13": {
      "A": 6.204388778061161,
      "A_hull": 8.964420090401758,
      "solidity": 0.6921126760563381
    },
    "15": {
      "A": 10.540137875306181,
      "A_hull": 10.927754349637631,
      "solidity": 0.9645291738879266
    },
    "21": {
      "A": 6.093280472715336,
      "A_hull": 7.982121663594351,
      "solidity": 0.7633660234103136
    },
    "22": {
      "A": 9.131082548420496,
      "A_hull": 9.426529633090073,
      "solidity": 0.9686579158853471
    },
    "24": {
      "A": 3.277695007701826,
      "A_hull": 3.2032019393449653,
      "solidity": 1.0
    },
    "31": {
      "A": 7.4442564581702495,
      "A_hull": 7.527587687179619,
      "solidity": 0.9889298892988929
    },
    "33": {
      "A": 6.752354738516705,
      "A_hull": 9.15885962475695,
      "solidity": 0.7372484146677697
    },
    "39": {
      "A": 5.616019797479862,
      "A_hull": 5.70187621524709,
      "solidity": 0.9849424269264837
    }
  },
  "globally_clustered_sites": [
    1,
    4,
    5,
    6,
    8
  ],
  "clustered_sites_radius": 1.3,
  "clustered_sites_min_sites": 4,
  "vague_text": "There's an unnecessary concentration of opened sites somewhere on the map. Multiple sites within walking distance of each other is wasteful. Close one or two.",
  "precise_text": "There's an over-concentration of polling places: sites 4, 5, 6, 8 are within walking distance of each other. Close some so we free budget for sparser areas, but be mindful about creating clusters elsewhere.",
  "vague_template_idx": 3,
  "precise_template_idx": 2
}