{
  "archetype": "shape_niceness",
  "per_catchment_npi": {
    "0": {
      "A": 5.434206206913967,
      "P": 13.467336683417086,
      "NPI": 1.629703988835081,
      "n_cells": 2152
    },
    "1": {
      "A": 3.5125375621827737,
      "P": 12.06030150753769,
      "NPI": 1.8152763296976957,
      "n_cells": 1391
    },
    "3": {
      "A": 3.8130350243680717,
      "P": 12.261306532663317,
      "NPI": 1.7713175299833133,
      "n_cells": 1510
    },
    "5": {
      "A": 4.078179843943335,
      "P": 14.2713567839196,
      "NPI": 1.99355005543768,
      "n_cells": 1615
    },
    "6": {
      "A": 4.040302012575441,
      "P": 11.055276381909549,
      "NPI": 1.5515213547563298,
      "n_cells": 1600
    },
    "7": {
      "A": 3.719603040327265,
      "P": 11.457286432160805,
      "NPI": 1.675824523906072,
      "n_cells": 1473
    },
    "9": {
      "A": 10.204287770510847,
      "P": 17.98994974874372,
      "NPI": 1.5886699081352025,
      "n_cells": 4041
    },
    "11": {
      "A": 3.7524304941794404,
      "P": 9.34673366834171,
      "NPI": 1.3611268700585657,
      "n_cells": 1486
    },
    "15": {
      "A": 9.10330547208404,
      "P": 17.889447236180906,
      "NPI": 1.6726013055360154,
      "n_cells": 3605
    },
    "19": {
      "A": 9.883588798262672,
      "P": 14.974874371859297,
      "NPI": 1.343695681547989,
      "n_cells": 3914
    },
    "22": {
      "A": 5.593293098659125,
      "P": 12.462311557788945,
      "NPI": 1.4864827834339631,
      "n_cells": 2215
    },
    "24": {
      "A": 6.757405116032424,
      "P": 15.678391959798997,
      "NPI": 1.7014007012170642,
      "n_cells": 2676
    },
    "27": {
      "A": 4.454432968864423,
      "P": 11.35678391959799,
      "NPI": 1.5179386414499156,
      "n_cells": 1764
    },
    "30": {
      "A": 6.004898866190248,
      "P": 16.28140703517588,
      "NPI": 1.8742786280403363,
      "n_cells": 2378
    },
    "33": {
      "A": 3.9822226711446684,
      "P": 9.246231155778895,
      "NPI": 1.3070645752381511,
      "n_cells": 1577
    },
    "36": {
      "A": 3.358501047953335,
      "P": 11.055276381909549,
      "NPI": 1.7017349887829247,
      "n_cells": 1330
    },
    "38": {
      "A": 3.401429256836949,
      "P": 13.165829145728644,
      "NPI": 2.0137824952643557,
      "n_cells": 1347
    },
    "39": {
      "A": 9.913891063356987,
      "P": 20.100502512562816,
      "NPI": 1.8008598336450212,
      "n_cells": 3926
    }
  },
  "mean_npi_baseline": 1.6559350108314264,
  "max_npi_baseline": 2.0137824952643557,
  "p90_npi_baseline": 1.9100600562595396,
  "n_catchments_baseline": 18,
  "worst_catchment_site": 38,
  "worst_catchment_npi": 2.0137824952643557,
  "min_mean_npi_threshold": 1.5,
  "min_max_npi_threshold": 2.0,
  "base_seed": 11,
  "attempt": 0,
  "vague_text": "The shapes of the service regions on the map are ugly \u2014 long, thin, jagged. Tidy them up so each catchment is more rounded.",
  "precise_text": "The catchment of polling place 38 has a weird shape \u2014 stretched and jagged rather than a nice compact region. Reshape it.",
  "vague_template_idx": 2,
  "precise_template_idx": 1,
  "pair_id": "10"
}