{
  "archetype": "contiguity",
  "culprits": [
    {
      "site": 4,
      "n_components": 2,
      "components": [
        [
          17,
          26,
          21
        ],
        [
          66
        ]
      ],
      "component_voters": [
        2509,
        1401
      ],
      "largest_component_voters": 2509,
      "disjoint_excess_voters": 1401,
      "worst_pair_separation_km": 2.9626495460323694
    }
  ],
  "n_split_sites_baseline": 1,
  "total_disjoint_excess_voters_baseline": 1401,
  "worst_culprit_site": 4,
  "worst_culprit_disjoint_voters": 1401,
  "smallest_component_centroid": [
    8.909002213573077,
    0.5320968097271329
  ],
  "min_split_voters_threshold": 1,
  "min_separation_threshold_km": 1.8,
  "base_seed": 7950,
  "attempt": 0,
  "pair_id": "contiguity_med_19",
  "difficulty": "med",
  "tier_kwargs": {
    "min_split_voters": 1,
    "min_separation": 1.8
  },
  "per_catchment_solidity": {
    "0": {
      "A": 4.176662205499862,
      "A_hull": 5.2789070983055995,
      "solidity": 0.7911982779239416
    },
    "3": {
      "A": 4.7044266558925285,
      "A_hull": 4.84583722633267,
      "solidity": 0.9708181344450232
    },
    "4": {
      "A": 5.186737708643721,
      "A_hull": 7.94424383222646,
      "solidity": 0.652892561983471
    },
    "6": {
      "A": 2.939319714148633,
      "A_hull": 2.917855609706826,
      "solidity": 1.0
    },
    "8": {
      "A": 4.886240246458423,
      "A_hull": 6.103381227746774,
      "solidity": 0.8005792304509723
    },
    "9": {
      "A": 8.30534582460039,
      "A_hull": 8.70937602585793,
      "solidity": 0.9536097419541901
    },
    "14": {
      "A": 5.431681018156108,
      "A_hull": 6.1336834928410875,
      "solidity": 0.8855496088925489
    },
    "18": {
      "A": 8.060402515088004,
      "A_hull": 8.599530314891037,
      "solidity": 0.9373072970195274
    },
    "23": {
      "A": 8.623519608090707,
      "A_hull": 8.951794146612459,
      "solidity": 0.9633286318758818
    },
    "26": {
      "A": 8.691699704552917,
      "A_hull": 9.216938966187719,
      "solidity": 0.9430136986301375
    },
    "28": {
      "A": 5.84833716320295,
      "A_hull": 6.643771621928739,
      "solidity": 0.8802736602052452
    },
    "29": {
      "A": 7.747279109113407,
      "A_hull": 8.093229968940179,
      "solidity": 0.9572542901716069
    },
    "32": {
      "A": 4.575642029241687,
      "A_hull": 4.82689831064872,
      "solidity": 0.9479466387653679
    },
    "33": {
      "A": 4.111007297795511,
      "A_hull": 4.26125602888816,
      "solidity": 0.9647407407407408
    },
    "34": {
      "A": 3.0580035857680365,
      "A_hull": 3.4279437387944744,
      "solidity": 0.8920810313075509
    },
    "37": {
      "A": 5.325623090326003,
      "A_hull": 5.724602914067828,
      "solidity": 0.9303043670048522
    },
    "38": {
      "A": 1.9923739299512642,
      "A_hull": 1.9431327491730013,
      "solidity": 1.0
    },
    "39": {
      "A": 7.343248907855863,
      "A_hull": 8.557864700386355,
      "solidity": 0.8580702272056654
    }
  },
  "globally_clustered_sites": [],
  "clustered_sites_radius": 1.35,
  "clustered_sites_min_sites": 4,
  "vague_text": "I see polling places whose service areas aren't connected \u2014 the same color appears in two or more disjoint patches on the map, separated by other polling places' catchments. Address every split-catchment.",
  "precise_text": "Site 4's catchment looks split on the map \u2014 same color appearing in two disconnected patches. Repair the contiguity, but be mindful about causing this issue elsewhere.",
  "vague_template_idx": 1,
  "precise_template_idx": 3
}